image_id,label,centroid_y,centroid_x,area_px,convex_area_px,filled_area_px,perimeter_px,perimeter_crofton_px,major_axis_px,minor_axis_px,eccentricity,orientation,solidity,extent,euler_number,equivalent_diameter_px,bbox_min_row,bbox_min_col,bbox_max_row,bbox_max_col,circularity,aspect_ratio,orientation_deg,hole_area_px,touches_border,mean_intensity,median_intensity,std_intensity,min_intensity,max_intensity,integrated_intensity,glcm_contrast,glcm_dissimilarity,glcm_homogeneity,glcm_energy,glcm_correlation,glcm_asm,glcm_contrast_d1,glcm_contrast_d3,glcm_entropy
c0f172831b8017c769ff0e80f85b096ac939e79de3d524e0826fbb95221365da,1,4.811764705882353,95.27058823529411,85.0,100.0,85.0,39.17766952966369,41.19872363344375,13.760031808056087,8.38939448745845,0.7926376837204465,-0.5921512263494259,0.85,0.5902777777777778,1,10.403141895720198,0,90,12,102,0.6293051223335704,1.6401698392686577,-33.92776610331801,0.0,True,0.3356862844789729,0.32156863808631897,0.05308988315747347,0.24705882370471954,0.5372549295425415,28.5333341807127,27.789339607650717,3.593821464920434,0.29547427687111333,0.14226428665448565,0.32119753891480735,0.020287530849826103,14.875794174770848,40.70288504053058,5.930068139926117
c0f172831b8017c769ff0e80f85b096ac939e79de3d524e0826fbb95221365da,2,17.548240635641317,114.1566401816118,881.0,1035.0,881.0,148.57463914933368,153.8387884923094,45.34366452382539,26.96529749490354,0.8039571620297506,-1.0676217740481846,0.851207729468599,0.6067493112947658,1,33.49214891450948,2,92,35,136,0.4677933785570191,1.681556249560954,-61.17022176923058,0.0,False,0.2751329894538094,0.2705882489681244,0.09521477558593608,0.10196078568696976,0.6313725709915161,242.39216370880604,10.336480547059793,2.174901373411778,0.4091275871915199,0.09887095568417131,0.786153083380361,0.009986458748032787,5.1732967624385955,15.499664331680988,7.213032510484155
c0f172831b8017c769ff0e80f85b096ac939e79de3d524e0826fbb95221365da,3,23.16870415647922,302.6601466992665,409.0,429.0,409.0,75.84062043356595,74.58293387901169,26.874664475978758,19.422131672856725,0.6911691830891208,1.3683125045770321,0.9533799533799534,0.6955782312925171,1,22.820056393372074,13,289,34,317,0.9239622877389895,1.3837134321119484,78.39853156723908,0.0,False,0.23826646172694296,0.19607843458652496,0.1152092615155291,0.10980392247438431,0.5568627715110779,97.45098284631968,31.18301449260575,3.649838676516298,0.3596165773131892,0.13406333254853706,0.6677297687697449,0.018180884898094465,14.655724157526464,47.710304827685036,7.005776399735993
c0f172831b8017c769ff0e80f85b096ac939e79de3d524e0826fbb95221365da,4,34.707438016528926,129.8595041322314,605.0,748.0,605.0,123.8467170879758,121.23997641013891,42.63327755839955,20.96035593204765,0.8707968080455611,-1.0215553060099587,0.8088235294117647,0.5004135649296939,1,27.754457742221764,21,115,52,154,0.5172179067300787,2.0339958775802445,-58.53080757356594,0.0,False,0.39168369151836585,0.38823530077934265,0.10950165850498068,0.18431372940540314,0.6823529601097107,236.96863336861134,13.254742213977236,2.7465248072217534,0.31739781730221894,0.07507632932415947,0.8316800859727791,0.005737297130708897,5.531806703202761,20.97767772475171,7.834966700859103
c0f172831b8017c769ff0e80f85b096ac939e79de3d524e0826fbb95221365da,5,37.642398286937905,249.13276231263384,467.0,483.0,467.0,79.59797974644665,78.14513387875812,29.121969652137906,20.47274108930333,0.711189969456418,1.5330475740084275,0.9668737060041408,0.7668308702791461,1,24.384480051691096,28,235,49,264,0.9609988445381252,1.4224753551615839,87.83715578345262,0.0,False,0.2292816113417358,0.18039216101169586,0.12976895677302294,0.09019608050584793,0.6000000238418579,107.07451249659061,30.16705855436869,3.5155996970646655,0.37367409067207674,0.14235445730712276,0.667829742656217,0.020452781809086325,14.498881092261561,45.83523601647582,6.944706998690371
c0f172831b8017c769ff0e80f85b096ac939e79de3d524e0826fbb95221365da,6,41.06896551724138,73.97413793103448,348.0,373.0,348.0,73.25483399593904,72.13145461380485,25.301448891489915,17.81844575155848,0.709955973125898,-0.7760233099792777,0.9329758713136729,0.6578449905482041,1,21.049640414216977,30,63,53,86,0.8405038891179916,1.4199582412667466,-44.46286046558503,0.0,False,0.4542033041174384,0.4627451002597809,0.09580482417956881,0.2666666805744171,0.6392157077789307,158.06274983286858,26.11184295704522,3.9240848788154037,0.22527742031207937,0.06936550254277983,0.7648311021364425,0.004871632318770748,9.210978191705266,43.01270772238518,7.94503390502768
c0f172831b8017c769ff0e80f85b096ac939e79de3d524e0826fbb95221365da,7,59.542893725992315,36.816901408450704,781.0,915.0,781.0,149.53910524340094,153.05339032891195,60.37463944338427,17.7991804369345,0.9555552130484036,-0.336998295112722,0.853551912568306,0.45645821157218003,1,31.534109856442154,33,23,92,52,0.41896234282291983,3.391989853538583,-19.308580013063168,0.0,False,0.30010294315146424,0.27450981736183167,0.1079529545980878,0.13333334028720856,0.6274510025978088,234.38039860129356,16.91271149777297,2.8146187913452176,0.36721163693677983,0.09227415964895525,0.7645873914166481,0.008709351165974683,7.877125094708695,25.94829790083725,7.496091686950219
c0f172831b8017c769ff0e80f85b096ac939e79de3d524e0826fbb95221365da,8,39.29302325581396,218.28837209302327,215.0,242.0,215.0,67.45584412271572,68.20446379681762,26.477999905818706,10.774087012346167,0.913469531858232,-1.4414919838022324,0.8884297520661157,0.7239057239057239,1,16.545286401814263,34,204,45,231,0.580794808844944,2.4575632139852983,-82.59140687380834,0.0,False,0.46728683432867363,0.45490196347236633,0.0887819675693625,0.2862745225429535,0.6745098233222961,100.46666938066483,45.11632136717641,5.132541374898347,0.19721885219397334,0.08235726995297013,0.48850384497210775,0.006825571722212074,19.79449817655462,70.43814455779818,7.54883466428565
c0f172831b8017c769ff0e80f85b096ac939e79de3d524e0826fbb95221365da,9,47.99343544857768,194.8249452954048,457.0,523.0,457.0,91.84062043356596,89.75188506250802,28.91292212282496,22.02839006979521,0.6477095352410813,1.5606654437331242,0.8738049713193117,0.6623188405797101,1,24.121991458915023,37,182,60,212,0.712916894121151,1.312529968427863,89.41954315781987,0.0,False,0.29274467667422094,0.25882354378700256,0.1159802422569206,0.15294118225574493,0.6470588445663452,133.78431724011898,14.796315345965024,2.691675711692109,0.3601913731905021,0.10909317364712308,0.8185128607459671,0.012059017554025348,6.065931812242513,23.526698879687537,7.119823123424174
c0f172831b8017c769ff0e80f85b096ac939e79de3d524e0826fbb95221365da,10,60.385416666666664,4.8125,96.0,114.0,96.0,46.79898987322333,50.67931812312895,16.785369734862154,7.988249292107902,0.8794964369051482,-0.6946160417694345,0.8421052631578947,0.5333333333333333,1,11.055812783082736,54,0,69,12,0.46969893038741317,2.10125762492734,-39.7985675754715,0.0,True,0.4479166778425376,0.42352941632270813,0.0922562498651618,0.2823529541492462,0.6666666865348816,43.000001072883606,58.77442178551474,5.976165292108858,0.16123993978896808,0.10277927863064577,0.37234236035370577,0.010597154758080216,25.74332961433537,91.80551395669411,6.6957052644165564
c0f172831b8017c769ff0e80f85b096ac939e79de3d524e0826fbb95221365da,11,64.54682779456193,84.77945619335347,331.0,345.0,331.0,69.35533905932738,68.43450159294527,23.287232967012084,18.316046649079052,0.6175553895471534,-0.6835958998860667,0.9594202898550724,0.7880952380952381,1,20.529059630371258,54,75,75,95,0.8881527002124312,1.2714115340049643,-39.167159955919175,0.0,False,0.207641732611685,0.15294118225574493,0.120534851937816,0.0784313753247261,0.6078431606292725,68.72941349446774,27.221575948470544,3.3189382755439434,0.39226667190066794,0.15439954862849298,0.6149053551950254,0.024159102338635125,13.433145682408199,41.01000621453289,6.43803609444254
c0f172831b8017c769ff0e80f85b096ac939e79de3d524e0826fbb95221365da,12,58.6875,178.125,32.0,39.0,32.0,21.485281374238568,23.443540163627436,7.4535500297222725,5.8849037336584455,0.6136942965648524,-0.7209976351996452,0.8205128205128205,0.6530612244897959,1,6.383076486422923,56,175,63,182,0.7316669765695933,1.2665542831384011,-41.31012153585264,0.0,False,0.4398284386843443,0.4274509847164154,0.05056495399737593,0.3803921639919281,0.5803921818733215,14.074510037899017,70.30655563186812,6.2804881576756575,0.16520367988078138,0.1818758310444203,0.36297787889335326,0.03336188793520173,27.936428571428568,112.6766826923077,4.982198281091717
c0f172831b8017c769ff0e80f85b096ac939e79de3d524e0826fbb95221365da,13,62.45882352941177,145.43529411764706,170.0,197.0,170.0,58.2842712474619,57.938471143734965,22.029467779592014,10.608385525873596,0.8764162426390937,1.270522840388946,0.8629441624365483,0.568561872909699,1,14.712264360219255,57,133,70,156,0.6363920172565964,2.076608898296793,72.79559652926012,0.0,False,0.3534256150617319,0.3529411852359772,0.12391325277505304,0.16078431904315948,0.6117647290229797,60.08235456049442,54.45613504274451,5.675344361727684,0.181735697202013,0.08854575278665314,0.5578623789568997,0.007863152812712711,22.72842990251206,86.18384018297698,7.291107778016752
c0f172831b8017c769ff0e80f85b096ac939e79de3d524e0826fbb95221365da,14,71.10643015521065,190.95343680709536,451.0,466.0,451.0,79.84062043356595,78.37517167488576,28.692436401458377,20.23313140490135,0.7090352900316227,-0.7905040900027981,0.9678111587982833,0.7227564102564102,1,23.96311821686732,59,178,83,204,0.9226338744073698,1.4180917341597363,-45.292548044990106,0.0,False,0.23578975506605965,0.18431372940540314,0.12008031338597853,0.10196078568696976,0.6039215922355652,106.3411795347929,28.363737137436658,3.268721846994047,0.39639258043003867,0.1330448133550094,0.635917048077352,0.01791710219456181,13.028752748467905,43.69872152640541,6.796713225722211
c0f172831b8017c769ff0e80f85b096ac939e79de3d524e0826fbb95221365da,15,68.05833333333334,44.56666666666667,120.0,143.0,120.0,52.2842712474619,53.035512613321295,18.548896081665326,9.726916191477397,0.8514761904385801,-0.33641744403609813,0.8391608391608392,0.5555555555555556,1,12.360774464742066,61,40,79,52,0.5361145182914463,1.9069657552840475,-19.27529969784699,0.0,False,0.4921241976320744,0.4960784316062927,0.05248166434349245,0.3333333432674408,0.5921568870544434,59.05490371584892,45.62189613543825,5.068500030444947,0.20199961657977283,0.09942809347438497,0.2837476997144413,0.009911157309569943,22.835479782001336,68.40831248887515,6.846488417864792
c0f172831b8017c769ff0e80f85b096ac939e79de3d524e0826fbb95221365da,16,70.27027027027027,55.81981981981982,111.0,124.0,111.0,43.04163056034261,43.88024069477824,15.89164320829056,8.986572899066465,0.824754824392386,-0.6392121613557311,0.8951612903225806,0.6607142857142857,1,11.888212206450685,64,50,78,62,0.7244273537727818,1.768376375152023,-36.62415905911877,0.0,False,0.5163045565824251,0.5098039507865906,0.04257798821946317,0.4470588266849518,0.6235294342041016,57.309805780649185,54.78311217318739,5.74254203766835,0.1745411019773308,0.10010597595183165,0.4591663336113174,0.010029425064545374,22.055088552344237,87.51113579403052,6.797416469836497
c0f172831b8017c769ff0e80f85b096ac939e79de3d524e0826fbb95221365da,17,72.93622448979592,107.1938775510204,392.0,435.0,392.0,86.76955262170047,88.18108873571312,26.481036460161278,20.648823916956147,0.6260799106963135,-0.7871696594958112,0.9011494252873563,0.6805555555555556,1,22.34076770248023,64,97,88,121,0.6334976641564378,1.2824476864474545,-45.10149924986008,0.0,False,0.2471088504760849,0.2078431397676468,0.10915405214564987,0.12156862765550613,0.5882353186607361,96.86666938662529,19.981287254823194,3.016573066714745,0.359472642571286,0.1197614756900016,0.7453976703118537,0.014471374091936414,9.969304994383764,29.993269515262625,7.038894432088018
c0f172831b8017c769ff0e80f85b096ac939e79de3d524e0826fbb95221365da,18,79.01824817518248,134.15328467153284,274.0,297.0,274.0,66.04163056034261,65.29290893935547,24.23777651963328,15.374735738992678,0.773062826476445,-0.3568085737625755,0.9225589225589226,0.732620320855615,1,18.677998695187732,67,125,89,142,0.8076596589874474,1.5764678451131082,-20.443625370677896,0.0,False,0.3300701378688325,0.3176470696926117,0.10470921317112585,0.18431372940540314,0.5764706134796143,90.4392177760601,45.84633348415459,5.080571069122181,0.21765546155684665,0.0867441294584824,0.5880528843035993,0.007595261834803649,18.247954458963907,73.44471250934528,7.527437329983205
c0f172831b8017c769ff0e80f85b096ac939e79de3d524e0826fbb95221365da,19,94.20415224913495,87.89965397923875,867.0,1123.0,867.0,159.98885271170676,156.84562812478606,51.452735648336976,26.18292994174123,0.860841352876114,1.5679671382295464,0.7720391807658059,0.5979310344827586,1,33.224970809398556,81,65,110,115,0.4428780190839446,1.9651252080199868,89.83789943575876,0.0,False,0.26284913766824114,0.23137255012989044,0.12256557336298723,0.10196078568696976,0.6196078658103943,227.89020235836506,12.55773271274386,2.434917989983661,0.3849256785756823,0.0960621184161122,0.8548217323282388,0.009413063359469124,5.519663070305226,19.595802355182492,7.487583230818753
c0f172831b8017c769ff0e80f85b096ac939e79de3d524e0826fbb95221365da,20,90.17460317460318,97.71428571428571,63.0,73.0,63.0,32.55634918610404,35.28032914350498,10.183331880211735,8.63535414066335,0.530013712544203,-0.4219735638036703,0.863013698630137,0.6363636363636364,1,8.95623198216277,84,94,95,103,0.6360410664998978,1.1792604813112473,-24.17730427204467,0.0,False,0.30164955698308493,0.30980393290519714,0.05672273972751189,0.1882352977991104,0.38823530077934265,19.00392208993435,92.26907057236431,7.616131679039241,0.12321102199231018,0.12361930422968963,0.31771366924372124,0.015341892618725525,45.04274028168071,139.49540086304793,6.1316187454085425
c0f172831b8017c769ff0e80f85b096ac939e79de3d524e0826fbb95221365da,21,98.29263157894736,153.70526315789473,475.0,520.0,475.0,89.25483399593904,87.30040579730117,30.52956742816108,20.541464886550266,0.7397895009771023,1.2357151327544063,0.9134615384615384,0.6884057971014492,1,24.592453796829673,87,140,110,170,0.783196880116459,1.4862410055356192,70.8012617872757,0.0,False,0.32198968950070833,0.3019607961177826,0.14550163589588141,0.11372549086809158,0.658823549747467,152.94510251283646,29.02603450301111,3.9478276376953056,0.26811441708024686,0.08676983051665833,0.7289585973307606,0.007642097286555566,11.895165204324314,46.15690380169791,7.780410864459225
c0f172831b8017c769ff0e80f85b096ac939e79de3d524e0826fbb95221365da,22,120.31446876668447,250.4252536038441,3746.0,3984.0,3746.0,267.1787155501902,255.9828229019647,89.38307903512793,55.96223700373688,0.7797473421907258,-1.2864744664271794,0.9402610441767069,0.6978390461997019,1,69.06196735235625,89,207,150,295,0.7183829048618088,1.5972034682809297,-73.7095573776219,0.0,False,0.34649875779172284,0.34117648005485535,0.12333563580793255,0.11764705926179886,0.7019608020782471,1297.9843466877937,13.232466795458567,2.6388674046404357,0.34407516750397416,0.07063416833989566,0.8183950915914495,0.005131815771156455,5.693992221189476,20.770941369727655,8.043729349243552
c0f172831b8017c769ff0e80f85b096ac939e79de3d524e0826fbb95221365da,23,99.93385214007782,19.766536964980546,257.0,275.0,257.0,62.49137802864844,64.41222600094353,23.62683288885984,14.060110608413122,0.8036584807635614,-0.631192761034015,0.9345454545454546,0.6798941798941799,1,18.089294154193436,89,11,110,29,0.7784063520193188,1.6804158620716894,-36.16468126645859,0.0,False,0.34900435625579107,0.35686275362968445,0.08219365626284038,0.19607843458652496,0.5411764979362488,89.6941195577383,33.01333055664398,4.116997994431023,0.2544982828265736,0.07598114219989248,0.6492135251813099,0.0058031616009709495,17.16059566040178,48.866065452886176,7.709758543686075
c0f172831b8017c769ff0e80f85b096ac939e79de3d524e0826fbb95221365da,24,103.29166666666667,110.16666666666667,48.0,54.0,48.0,28.556349186104043,30.147332816963655,11.576342990554208,5.731439092946688,0.8688364068147014,-1.5035951566116728,0.8888888888888888,0.6666666666666666,1,7.817640190446719,101,104,107,116,0.6636717175261936,2.019796913623398,-86.14965657016089,0.0,False,0.45351308149596053,0.4470588266849518,0.06644759653373647,0.30588236451148987,0.5960784554481506,21.768627911806107,52.37021303296658,5.688444536644334,0.17771965998781458,0.15906435606167194,0.3816862956351852,0.02572912446359018,21.908660130718953,82.8317659352142,5.45188919629884
c0f172831b8017c769ff0e80f85b096ac939e79de3d524e0826fbb95221365da,25,122.23885918003565,31.983957219251337,561.0,591.0,561.0,91.9827560572969,89.88663808362116,32.48801266457269,22.517110282867886,0.7208512506778894,-0.3858330596625423,0.949238578680203,0.6742788461538461,1,26.726155439876237,107,20,139,46,0.8725341837378223,1.4428144755897543,-22.10660591528296,0.0,False,0.32687428726444484,0.2980392277240753,0.10526295122432196,0.16862745583057404,0.5686274766921997,183.37647515535355,34.2101068024641,3.9632208031327325,0.2955010548291066,0.07592218148482593,0.6989896471991739,0.005843064379437813,15.68420560346244,52.73600800146575,7.975529056132712
c0f172831b8017c769ff0e80f85b096ac939e79de3d524e0826fbb95221365da,26,119.945,84.07166666666667,600.0,645.0,600.0,102.08326112068524,99.46251734832086,38.939974852360514,20.315538734010634,0.8531203134636194,-1.2115892848863696,0.9302325581395349,0.6578947368421053,1,27.63953195770684,108,66,132,104,0.7621531005933264,1.9167581702950538,-69.41895252726252,0.0,False,0.2741372622922063,0.24117647111415863,0.13911269645829566,0.08627451211214066,0.6509804129600525,164.48235737532377,17.976771796531928,2.973138354670326,0.34761080726215077,0.09821099510622117,0.8032393782506342,0.00982809622795611,7.107699100095398,28.84584449296846,7.4443517579253005
c0f172831b8017c769ff0e80f85b096ac939e79de3d524e0826fbb95221365da,27,123.86516853932584,125.63483146067416,356.0,386.0,356.0,73.69848480983498,72.55206195996149,24.80599905492376,18.958019644850822,0.6449184359668614,-0.551573923066154,0.9222797927461139,0.7370600414078675,1,21.290215544369623,112,115,135,136,0.8498853486949316,1.3084699520111165,-31.602857881164194,0.0,False,0.2066314218963465,0.16078431904315948,0.12139047462164974,0.07450980693101883,0.572549045085907,73.56078619509935,29.881373387494435,3.668211022128416,0.34553280449906304,0.1530450610101594,0.6483962820045364,0.02364678117867581,13.727727623748562,46.035019151240306,6.7917461161753545
c0f172831b8017c769ff0e80f85b096ac939e79de3d524e0826fbb95221365da,28,132.48717948717947,7.602564102564102,312.0,330.0,312.0,68.52691193458118,67.64910342954782,21.842035850042947,18.70652337913129,0.5162366862707987,0.28426808413973126,0.9454545454545454,0.7464114832535885,1,19.931149940667517,122,0,144,19,0.8567228843739629,1.1676159918849265,16.287361471476377,0.0,True,0.2076546061449708,0.16274510324001312,0.10921299499697165,0.10588235408067703,0.5921568870544434,64.78823711723089,25.32721952027745,3.088160557209526,0.4142241370069727,0.19247461150175235,0.6143439881060724,0.03748206464002582,12.201557143523521,38.452881897031375,6.148566184172949
c0f172831b8017c769ff0e80f85b096ac939e79de3d524e0826fbb95221365da,29,139.5,319.0,24.0,24.0,24.0,22.0,46.2922517138864,27.688746209726915,0.0,1.0,0.0,1.0,1.0,1,5.527906391541368,128,319,152,320,0.14073577009046423,0.0,0.0,0.0,True,0.3266339972615242,0.3176470696926117,0.039239845882165135,0.2549019753932953,0.4117647111415863,7.839215934276581,6.466097308488612,0.9562629399585922,0.07699665706607836,0.047958774988831054,0.9225048896171669,0.009213893496907266,2.08695652173913,10.845238095238093,1.2470282356191111
c0f172831b8017c769ff0e80f85b096ac939e79de3d524e0826fbb95221365da,30,140.3312101910828,51.59235668789809,157.0,171.0,157.0,51.698484809834994,52.4801522460515,16.622310339481057,12.353528547465947,0.6690808507960534,0.2502370971778955,0.9181286549707602,0.7104072398190046,1,14.138550439257221,133,45,150,58,0.716340233090801,1.3455516191680115,14.337529545898455,0.0,False,0.584038990698043,0.5843137502670288,0.03520968459793711,0.5215686559677124,0.658823549747467,91.69412153959274,47.22079460876728,5.394019719485746,0.17694897748753202,0.07994497532759434,0.5720964702952197,0.006403058192314174,18.584411814965218,75.85717740256932,7.427184229406532
c0f172831b8017c769ff0e80f85b096ac939e79de3d524e0826fbb95221365da,31,151.22736030828517,117.46820809248555,519.0,558.0,519.0,86.42640687119285,84.61888873596669,27.119780417815406,24.637132963017482,0.4179800385128905,0.5610644902493968,0.9301075268817204,0.7119341563786008,1,25.70625067405882,138,104,165,131,0.9108410318489871,1.1007685211799847,32.14662732594936,0.0,False,0.2534587699955828,0.22745098173618317,0.12248308948398137,0.08627451211214066,0.5843137502670288,131.54510162770748,24.214092031870106,3.402944654120846,0.31775486653369445,0.09125287467068785,0.7163160802929698,0.008447842488912134,11.45928485746397,36.968899206276234,7.547189783629111
c0f172831b8017c769ff0e80f85b096ac939e79de3d524e0826fbb95221365da,32,149.31944444444446,299.8888888888889,72.0,92.0,72.0,38.3492424049175,41.52404620458589,11.407557709041619,10.319003083910253,0.4263123673789059,-1.0932094074173941,0.782608695652174,0.6545454545454545,1,9.574614729634384,145,296,156,306,0.5247386204819706,1.1054902897382284,-62.6362851690144,0.0,False,0.41198258060548043,0.40392157435417175,0.07184457517907221,0.27843138575553894,0.5882353186607361,29.66274580359459,37.94097622358447,4.809982424348931,0.19690299165409478,0.12241466093591422,0.5541403987666315,0.015063875789629767,21.018498238731198,54.86345420843775,6.171062381696171
c0f172831b8017c769ff0e80f85b096ac939e79de3d524e0826fbb95221365da,33,168.2518301610542,55.118594436310396,683.0,755.0,683.0,112.39696961967,109.63322522638902,41.38849631266212,22.014538512773125,0.8468072146474199,-1.1133897227780196,0.904635761589404,0.6197822141560798,1,29.489364337912,153,36,182,74,0.7140788772836626,1.8800528699998853,-63.792532068421266,0.0,False,0.31685471580545166,0.29411765933036804,0.11094044493170546,0.12941177189350128,0.6235294342041016,216.41177089512348,22.528003286116636,3.2714156685735656,0.31711973727799936,0.0790015678173207,0.7035093109818391,0.006354726556000865,10.759860036294398,34.296146535938874,7.8464525177485696
c0f172831b8017c769ff0e80f85b096ac939e79de3d524e0826fbb95221365da,34,169.4131455399061,301.7621283255086,639.0,695.0,639.0,107.5685424949238,105.05558926711748,38.103439022398405,22.0618748459801,0.8153278462255804,-1.0243078227024631,0.9194244604316547,0.6120689655172413,1,28.523675588636344,156,283,185,319,0.7275660003193198,1.7271169965566748,-58.68851516308575,0.0,False,0.23014514709069323,0.1921568661928177,0.12469209045863955,0.08627451211214066,0.6274510025978088,147.06274899095297,14.820166482018147,2.5262397084361417,0.4117227065645469,0.1275992310087537,0.806009257963394,0.016483500999840535,6.761741675779273,22.87859128825702,7.005575916174839
c0f172831b8017c769ff0e80f85b096ac939e79de3d524e0826fbb95221365da,35,167.58156028368793,138.90070921985816,141.0,156.0,141.0,46.798989873223334,47.44244069452466,17.285264286549218,10.683957884768423,0.7861023883810312,-1.2726568232849746,0.9038461538461539,0.6911764705882353,1,13.398760233979036,162,130,174,147,0.7872178442945644,1.6178708745372294,-72.91786474275568,0.0,False,0.43643444205852266,0.40784314274787903,0.07307467867161757,0.3333333432674408,0.6431372761726379,61.537256330251694,50.36868464600649,5.084277273947294,0.21971272587721438,0.10321487120434679,0.38857977433601326,0.010669135093594462,26.906960638166844,73.83040865384616,6.838724193701445
c0f172831b8017c769ff0e80f85b096ac939e79de3d524e0826fbb95221365da,36,173.18421052631578,2.587719298245614,114.0,119.0,114.0,45.31370849898476,45.64160657160212,20.589047782283096,7.306844230372051,0.9349081180265703,-0.07082212145082122,0.957983193277311,0.8142857142857143,1,12.047792665040703,164,0,184,7,0.6876902535450639,2.8177756543244032,-4.05780865529499,0.0,True,0.40866874341379134,0.39411765336990356,0.1099898636191505,0.24313725531101227,0.6745098233222961,46.58823674917221,55.97229733925846,5.543083890593865,0.19597813945205206,0.10024725054167571,0.4574073103479353,0.010081447551381118,26.192658173401323,85.7519365051156,6.830991492415723
c0f172831b8017c769ff0e80f85b096ac939e79de3d524e0826fbb95221365da,37,170.9004739336493,20.42654028436019,211.0,236.0,211.0,69.35533905932738,68.43450159294525,28.104568670173467,9.821740712946683,0.9369470617136932,-0.45381629690085706,0.8940677966101694,0.5209876543209877,1,16.39065416446578,158,13,185,28,0.5661638058755983,2.8614651406065916,-26.001758486675012,0.0,False,0.4914599164119829,0.4941176474094391,0.07604400229268903,0.32549020648002625,0.658823549747467,103.69804236292839,31.364478332889725,4.306592200961898,0.2049336999839812,0.07839389406232158,0.6655616708918402,0.006185930049365775,12.357964125821269,50.37099253995818,7.5409133916581546
c0f172831b8017c769ff0e80f85b096ac939e79de3d524e0826fbb95221365da,38,189.60353535353536,123.78282828282828,792.0,839.0,792.0,108.9116882454314,105.93627220552942,34.42536938994184,30.218532915600623,0.47903030480666603,-1.113696497781379,0.9439809296781884,0.7071428571428572,1,31.755404570407364,173,105,205,140,0.8868408155626096,1.1392137893024383,-63.81010898137387,0.0,False,0.247088539357664,0.20392157137393951,0.12833960527067467,0.08235294371843338,0.6196078658103943,195.6941231712699,17.644641105886762,2.7619287894757902,0.3905551197079845,0.12027263216430018,0.7809880246949665,0.014690792425546603,7.788475256129565,27.500806955643963,7.189966950382599
c0f172831b8017c769ff0e80f85b096ac939e79de3d524e0826fbb95221365da,39,188.41337907375643,70.82847341337907,583.0,616.0,583.0,93.84062043356593,91.64800396044505,32.099315831334565,23.678961464705946,0.6751526196385181,-1.3307774968720492,0.9464285714285714,0.7007211538461539,1,27.245158369526866,175,56,201,88,0.8722327662647634,1.355604884917751,-76.24793404175253,0.0,False,0.2806242298890755,0.239215686917305,0.1292276476209927,0.12156862765550613,0.6784313917160034,163.60392602533102,14.110049827890707,2.549093620894438,0.39089284257205814,0.11584756028531312,0.8187818664142312,0.013630034573694468,5.9024337202956945,22.317665935485724,7.08381832407982
c0f172831b8017c769ff0e80f85b096ac939e79de3d524e0826fbb95221365da,40,198.795871559633,164.52293577981652,436.0,478.0,436.0,83.11269837220809,81.4772960823769,28.35516632627311,20.541461314172636,0.6893436195908845,-0.24866042474633407,0.9121338912133892,0.7622377622377622,1,23.56124872549269,187,155,213,177,0.8253214590526076,1.3803870081389675,-14.247192869895356,0.0,False,0.24254362931082007,0.19019608199596405,0.1338500455619778,0.0941176488995552,0.5647059082984924,105.74902237951756,38.66374664761928,4.1721631615343195,0.3219724554011685,0.12550896573379283,0.6611668776932965,0.015884555052353005,17.132035457742,60.195457837496555,7.102695366645863
c0f172831b8017c769ff0e80f85b096ac939e79de3d524e0826fbb95221365da,41,195.41071428571428,1.1428571428571428,56.0,62.0,56.0,36.44974746830583,39.72321208166335,18.735893446658938,4.063522501819032,0.9761973001245665,-0.030155752494869185,0.9032258064516129,0.7368421052631579,1,8.444016491289505,187,0,206,4,0.4459736228303349,4.610751740213529,-1.727797345997107,0.0,True,0.3667367039514439,0.35686275362968445,0.11628528534964996,0.18431372940540314,0.6313725709915161,20.53725542128086,117.14815843434263,8.958097343623658,0.08870453700486661,0.16345881571824064,0.16330228857263085,0.029782064859564455,41.42349561099561,192.87282125768965,5.433066751169349
c0f172831b8017c769ff0e80f85b096ac939e79de3d524e0826fbb95221365da,42,206.94776119402985,233.36194029850745,804.0,863.0,804.0,113.39696961966999,110.18858559365881,37.222739887330846,28.022194478754795,0.6582211733548136,-0.45925255030874723,0.9316338354577057,0.6767676767676768,1,31.99507140118726,189,218,225,251,0.832132905650329,1.3283306528884276,-26.313232863310727,0.0,False,0.26890547969262696,0.21960784494876862,0.13734232374353447,0.09803921729326248,0.6823529601097107,216.20000567287207,17.337971639835185,2.7626222669708493,0.3910275950725619,0.11595252683272683,0.7801363110565993,0.013659561272894636,7.257054022301199,27.41888925736917,7.217980935697755
c0f172831b8017c769ff0e80f85b096ac939e79de3d524e0826fbb95221365da,43,202.24521072796935,25.29310344827586,522.0,588.0,522.0,100.53300858899107,98.58183440990892,32.77208730648951,21.060905313703906,0.7661618506909162,1.4871979050570554,0.8877551020408163,0.6590909090909091,1,25.780439141949365,192,9,216,42,0.6749732732820419,1.5560626107162343,85.21016326046698,0.0,False,0.2566223497006514,0.239215686917305,0.1510001075791062,0.05882352963089943,0.6470588445663452,133.95686654374003,18.409788870414463,3.0058979983539604,0.35477696623502664,0.11756648464145932,0.8228592497564677,0.01399962822784057,7.8027952395902185,29.01678250123871,7.370033773594965
c0f172831b8017c769ff0e80f85b096ac939e79de3d524e0826fbb95221365da,44,202.45430809399477,257.532637075718,383.0,459.0,383.0,91.14823227814082,90.63256800091995,28.499752821125725,18.246236064504252,0.7681879759646396,0.5817201071185834,0.8344226579520697,0.6383333333333333,1,22.082815618339236,190,245,215,269,0.5859223532459289,1.561952433388078,33.33010699579298,0.0,False,0.35640199645847936,0.3137255012989044,0.14046673269617296,0.16470588743686676,0.686274528503418,136.5019646435976,33.23514982926324,4.017782060821308,0.29636230669887964,0.0954040771432434,0.6894782598770399,0.009212663764447113,13.443789649524781,53.02651000900169,7.524637505613372
c0f172831b8017c769ff0e80f85b096ac939e79de3d524e0826fbb95221365da,45,204.2,315.8,105.0,118.0,105.0,41.55634918610404,46.65704253112722,16.240653419790757,8.647005279734861,0.8464742623022076,-0.12115954746472037,0.8898305084745762,0.6862745098039216,1,11.562445770562215,196,311,213,320,0.6061285629890023,1.8781824336169175,-6.941930717443451,0.0,True,0.37154062688350675,0.35686275362968445,0.11229015705784141,0.1921568661928177,0.615686297416687,39.01176582276821,43.02126280721723,5.141816703092395,0.17943511010263757,0.10222717044957008,0.5915106535786352,0.01047133590483644,15.428606020721539,70.61391959371294,6.753116958643718
c0f172831b8017c769ff0e80f85b096ac939e79de3d524e0826fbb95221365da,46,208.27529411764706,291.16,425.0,450.0,425.0,78.18376618407356,76.80437534809087,26.753793321868717,20.41580991407948,0.6462808579334607,1.5501031860757317,0.9444444444444444,0.7495590828924162,1,23.26213245840639,198,278,219,305,0.9053716084191842,1.310444867701199,88.81437037192154,0.0,False,0.3647520292681806,0.3490196168422699,0.14557880236198942,0.12156862765550613,0.6666666865348816,155.01961243897676,21.882671432716897,3.5157808694202215,0.2638012843565717,0.0710646974630603,0.8051954919039349,0.005120130328984454,8.089003827744737,35.676339037689054,7.958579168400626
c0f172831b8017c769ff0e80f85b096ac939e79de3d524e0826fbb95221365da,47,212.35087719298247,192.92731829573935,399.0,453.0,399.0,88.53300858899107,87.76048138955647,28.857866163509968,19.07789805023389,0.7502989388529361,-1.3452981383271363,0.8807947019867549,0.5421195652173914,1,22.539356209735228,202,180,225,212,0.6510056625120269,1.512633419442986,-77.07990551295173,0.0,False,0.439186212786457,0.4313725531101227,0.09218346976803991,0.29411765933036804,0.6627451181411743,175.23529890179634,25.925036824868926,3.7590378430419022,0.26133553815012833,0.0803596705016783,0.7326613150664535,0.006537821770884635,9.449366461939892,42.40070718779796,7.743548661475531
c0f172831b8017c769ff0e80f85b096ac939e79de3d524e0826fbb95221365da,48,228.182905982906,16.439316239316238,585.0,616.0,585.0,99.7401153701776,97.24107587924168,37.4198682644039,20.62477848168516,0.834391741395722,-0.8448288462052522,0.9496753246753247,0.5909090909090909,1,27.29185104880338,215,2,245,35,0.7774388147357912,1.8143161293893564,-48.40512729846787,0.0,False,0.26468913044430253,0.23137255012989044,0.1327371878956836,0.09803921729326248,0.615686297416687,154.84314130991697,22.908743494954713,3.306296093145707,0.32909001498736445,0.10127879867871871,0.7593203279929737,0.010490501478898812,9.398213170869493,36.41927381903994,7.489966363439894
c0f172831b8017c769ff0e80f85b096ac939e79de3d524e0826fbb95221365da,49,229.95208333333332,105.55208333333333,480.0,527.0,480.0,91.01219330881975,93.54412285838208,32.99117116210711,19.316723837053654,0.8106637997733882,-0.10203284664410124,0.9108159392789373,0.6349206349206349,1,24.721548929484133,215,97,251,118,0.6893155683863147,1.7079071710298463,-5.846051484412566,0.0,False,0.36139706935112675,0.3294117748737335,0.12873154096069764,0.15294118225574493,0.6666666865348816,173.47059328854084,24.562040417564234,3.585814088451741,0.27945808914298564,0.0844846327749219,0.7380242374635559,0.007277814153160696,10.674179191648115,38.44990164348036,7.722839906178201
c0f172831b8017c769ff0e80f85b096ac939e79de3d524e0826fbb95221365da,50,226.30616740088107,143.4273127753304,454.0,479.0,454.0,85.18376618407356,83.83349057256923,27.10800475968986,21.79305775138663,0.5947179735455502,1.2770901698741453,0.9478079331941545,0.7591973244147158,1,24.04268606686374,215,130,238,156,0.8117655533079913,1.2438825734752643,73.17187679143387,0.0,False,0.3176643440114244,0.29411765933036804,0.15898559690452577,0.10980392247438431,0.6470588445663452,144.21961218118668,25.39631386662972,3.683809410343263,0.2950150046074707,0.10515232034414276,0.8132300249160441,0.011167729647508663,9.35376863821465,41.43885909504478,7.58479435654999
c0f172831b8017c769ff0e80f85b096ac939e79de3d524e0826fbb95221365da,51,237.22160148975792,41.26815642458101,537.0,574.0,537.0,94.1543289325507,92.33811734882799,32.81420577292541,21.107405585621358,0.7656647207114534,-1.111498564671659,0.9355400696864111,0.6662531017369727,1,26.148224328293928,224,26,250,57,0.7914475125479185,1.554629991820448,-63.684176690534855,0.0,False,0.28622339851807393,0.250980406999588,0.13308211278378854,0.11372549086809158,0.6627451181411743,153.7019650042057,21.379590296440938,3.2607985385565064,0.32629221652779594,0.10179386360206777,0.7526537029042256,0.010541563451508872,9.2229272348373,33.536253358044576,7.414306327823818
c0f172831b8017c769ff0e80f85b096ac939e79de3d524e0826fbb95221365da,52,235.03254972875226,260.0235081374322,553.0,587.0,553.0,93.25483399593904,91.09264359317527,32.58150357748211,21.87198354944888,0.7411851844827275,1.2454498900596833,0.9420783645655877,0.7200520833333334,1,26.534910368014152,224,244,248,276,0.8374683125810958,1.4896455780437472,71.35902229545223,0.0,False,0.39887956385694406,0.4000000059604645,0.1519134580153627,0.14901961386203766,0.6745098233222961,220.58039881289005,21.86672438843068,3.5866464327212872,0.25470793339522174,0.07437256433015228,0.8359847667202889,0.005613786073103325,7.425883340397624,36.30756543646373,7.932674707645442
c0f172831b8017c769ff0e80f85b096ac939e79de3d524e0826fbb95221365da,53,246.61853448275863,132.56465517241378,464.0,496.0,464.0,89.94112549695427,87.95105093958546,30.980277410402667,19.998267928391467,0.7637466604907207,1.2971762361923531,0.9354838709677419,0.7127496159754224,1,24.306031118985995,235,119,256,150,0.7537820270224036,1.5491480322863402,74.32272361848706,0.0,True,0.2604547062214336,0.22745098173618317,0.13183905383776742,0.06666667014360428,0.658823549747467,120.85098368674517,15.712634008531502,2.723968379636253,0.37208519335993245,0.10938263208003507,0.7852778405790752,0.012158863394710234,6.966689825102157,24.45857819196085,7.2485973232655745
c0f172831b8017c769ff0e80f85b096ac939e79de3d524e0826fbb95221365da,54,247.64954682779455,302.89425981873114,331.0,345.0,331.0,69.11269837220809,68.20446379681762,24.97428444869408,17.227175705083887,0.7240032420838244,-1.2822143133395016,0.9594202898550724,0.7355555555555555,1,20.529059630371258,238,290,256,315,0.8941538685008209,1.4497027763711698,-73.46546858561834,0.0,True,0.21781885538396517,0.14901961386203766,0.1480279887116095,0.07450980693101883,0.6549019813537598,72.09804113209248,28.81370121768977,3.2874127521153746,0.41017634148531323,0.1669835492593829,0.6709362284704097,0.028132921268632344,13.032852070679724,44.59455036469982,6.330543283346313
c0f172831b8017c769ff0e80f85b096ac939e79de3d524e0826fbb95221365da,55,246.78571428571428,196.95982142857142,224.0,239.0,224.0,58.04163056034261,57.70843334760732,19.165625477936892,15.066177539498893,0.618094071007976,-0.7058949342729237,0.9372384937238494,0.7750865051903114,1,16.88803298257901,239,189,256,206,0.845238583687538,1.2720960859309207,-40.444800513503175,0.0,True,0.43301821992333445,0.43529412150382996,0.11061579828413293,0.250980406999588,0.6745098233222961,96.99608126282692,46.28325548494006,4.9603348923257355,0.20928638881334025,0.0820930609400177,0.5723472107452621,0.0067871528929046125,20.25823016834555,72.30828080153458,7.553303419959802
c0f172831b8017c769ff0e80f85b096ac939e79de3d524e0826fbb95221365da,56,252.1891891891892,167.17567567567568,74.0,81.0,74.0,31.349242404917497,34.49493098010753,12.601999468862497,7.718976419770056,0.7904551083186107,1.5084453452333717,0.9135802469135802,0.6607142857142857,1,9.706684619910241,248,161,256,175,0.7815036723045381,1.6325998142170648,86.42755190802662,0.0,True,0.28754637843450986,0.23137255012989044,0.15328879330023798,0.10588235408067703,0.6313725709915161,21.27843200415373,70.62835405013828,6.139497491463997,0.21009019409193166,0.13296655970542237,0.46487949471035944,0.017716896862471236,30.22753241060517,111.0291756896714,6.044548020748113
449f41710769584b5e4eca8ecb4c76d5272605f27da2949e6285de0860d2cbc0,1,17.301634472511143,446.1151560178306,1346.0,1374.0,1346.0,140.08326112068522,135.48877640912463,44.6858840790256,39.55735946642278,0.46515040922027073,-0.72983869208615,0.9796215429403202,0.8207317073170731,1,41.397831189731775,0,427,40,468,0.9214001582357708,1.1296477995948144,-41.81667678188443,0.0,True,0.30633395404332103,0.3137255012989044,0.06563511869129322,0.11372549086809158,0.4901960790157318,412.32550214231014,7.1247456906252715,1.9496573309399792,0.4128255480956714,0.09630912921567379,0.8508297475930637,0.009453221871949448,3.4258040136864443,10.8236873675641,7.2946312704418075
449f41710769584b5e4eca8ecb4c76d5272605f27da2949e6285de0860d2cbc0,2,41.34852670349908,279.63167587476977,2172.0,2272.0,2172.0,198.16652224137044,193.23667800283062,77.67643162967346,36.05392940479199,0.885753822364535,-0.4492249067334212,0.9559859154929577,0.6332361516034986,1,52.58779602878194,6,254,76,303,0.7309548623372073,2.154451204404626,-25.73869120798307,0.0,False,0.30694400165470154,0.30588236451148987,0.06506608166066206,0.11764705926179886,0.47058823704719543,666.6823715940118,7.918000163014586,2.0822196157579085,0.3905817845421846,0.08273025556080846,0.861678488959506,0.006993280020908743,3.780258169300155,12.055742156729018,7.650835389199449
449f41710769584b5e4eca8ecb4c76d5272605f27da2949e6285de0860d2cbc0,3,30.41928540680155,136.59018510546707,2323.0,2382.0,2323.0,185.4386001800126,178.48833416549093,63.581546991321176,46.719362018079075,0.6782899461755554,1.5638482979280088,0.9752308984047019,0.8102546215556331,1,54.38506653870879,8,106,55,167,0.9163036177547811,1.3609249836655928,89.60190726999227,0.0,False,0.5493640070568627,0.572549045085907,0.14447641065029385,0.14901961386203766,0.8313725590705872,1276.1725883930922,9.87571014120114,2.2540630567977074,0.38264490033200155,0.08559886613704179,0.8517511571423586,0.007498566467317603,4.265679698200996,15.485740584201283,7.648699162164032
449f41710769584b5e4eca8ecb4c76d5272605f27da2949e6285de0860d2cbc0,4,50.220422852001796,536.8277103013945,2223.0,2273.0,2223.0,184.36753236814712,177.4728982059658,67.622196727139,42.012954007939456,0.7835811903540326,-1.5004900158484353,0.978002639683238,0.7899786780383795,1,53.20161189236908,29,504,71,571,0.8869216240783676,1.6095558697053294,-85.97174510963335,0.0,False,0.27393824783762566,0.27843138575553894,0.06281720849338145,0.11372549086809158,0.4431372582912445,608.9647249430418,9.078068230615786,2.226334449775956,0.375298070050915,0.08592584328905598,0.8400812741218453,0.007558151522853328,4.232052488563031,13.92408397266854,7.613050448538915
449f41710769584b5e4eca8ecb4c76d5272605f27da2949e6285de0860d2cbc0,5,72.1655172413793,228.53251231527094,2030.0,2104.0,2030.0,183.82337649086284,176.9570060847947,70.86445248803616,36.79393740657488,0.8546432242240759,-0.6629895390631977,0.964828897338403,0.6383647798742138,1,50.83971160237222,42,203,102,256,0.8146487174598499,1.9259817644678896,-37.98650244964505,0.0,False,0.3349966276345288,0.3333333432674408,0.08714991118742603,0.11764705926179886,0.5803921818733215,680.0431540980935,6.90646542475188,1.940075397868882,0.4077522065170427,0.0880396709664499,0.8783409333121274,0.00793646176296894,3.1094938257775127,10.703437023726247,7.493994867415184
449f41710769584b5e4eca8ecb4c76d5272605f27da2949e6285de0860d2cbc0,6,85.69728506787331,347.568778280543,2210.0,2272.0,2210.0,188.50966799187808,181.39988902295306,70.89795268004447,40.05557195329862,0.8251080118624756,-0.24002883565254232,0.9727112676056338,0.7386363636363636,1,53.04582352895192,54,327,122,371,0.8439721265730593,1.7699897722770115,-13.752639244329938,0.0,False,0.2949356843679469,0.2980392277240753,0.06785103228075245,0.11372549086809158,0.45098039507865906,651.8078624531627,9.968218685783974,2.3323382798242585,0.36308342108553876,0.0801482653408842,0.840976050579669,0.006569448628782523,4.656999161958791,15.279438209609156,7.75819257978532
449f41710769584b5e4eca8ecb4c76d5272605f27da2949e6285de0860d2cbc0,7,92.923273657289,631.7549872122762,1955.0,2022.0,1955.0,174.61017305526642,168.22234151240826,63.85736945467473,39.340484831473596,0.7876929367001626,0.3710907303717011,0.966864490603363,0.7240740740740741,1,49.89171584499017,64,610,124,655,0.8681390231926231,1.6231973176799,21.261932666725667,0.0,False,0.32671983174960634,0.3333333432674408,0.07865235325291975,0.11372549086809158,0.529411792755127,638.7372710704803,8.210786613273996,2.089663560159508,0.395381285674709,0.09069490397603217,0.850600394518252,0.008406623292674772,3.864709667400665,12.55686355914733,7.472122466161219
449f41710769584b5e4eca8ecb4c76d5272605f27da2949e6285de0860d2cbc0,8,115.34855366961511,138.80564188381544,4183.0,4675.0,4183.0,304.97770542341357,291.81851241273955,97.92805823219334,58.73835271099353,0.8001415147573449,1.3683196059754077,0.8947593582887701,0.734375,1,72.97918207014371,86,93,150,182,0.6172655652420685,1.6671910891683044,78.39893844739464,0.0,False,0.33665772157688045,0.34117648005485535,0.08204116686835626,0.11372549086809158,0.5568627715110779,1408.239249356091,7.3958216314134875,2.002680920670382,0.40219059843983335,0.08898757352937262,0.8623281643609887,0.008118381090570457,3.2908172287047672,11.500826034122207,7.529780771100983
449f41710769584b5e4eca8ecb4c76d5272605f27da2949e6285de0860d2cbc0,9,159.18802619270346,318.32553788587467,2138.0,2188.0,2138.0,182.26702730475878,175.48149453301426,70.21527355634036,38.914544211528415,0.8323717868727205,-0.4267892389392456,0.9771480804387569,0.7150501672240802,1,52.17457375622515,126,295,191,341,0.8724788659326987,1.8043452641940265,-24.453222132819224,0.0,False,0.3084667819413601,0.3137255012989044,0.07041910239167377,0.11372549086809158,0.5058823823928833,659.501979790628,8.688927713173303,2.144667871412942,0.38775289122012224,0.09458906260850894,0.8216561700828755,0.009128529507675736,4.046787933359141,13.331067492987465,7.419314679754905
449f41710769584b5e4eca8ecb4c76d5272605f27da2949e6285de0860d2cbc0,10,193.8555469953775,410.14214175654854,2596.0,2756.0,2596.0,205.65180361560903,203.1773480847711,66.35353464609565,50.08113289257334,0.6559986115102865,-0.6693762526197626,0.941944847605225,0.7219132369299222,1,57.49199820959855,163,382,225,440,0.7902490403370923,1.3249207997835726,-38.35243418139521,0.0,False,0.48112029104690157,0.5058823823928833,0.12346467295590353,0.1411764770746231,0.7529411911964417,1248.9882755577564,7.888765277405582,2.0239131507249115,0.40689366526501647,0.08741682462530523,0.8757250419111936,0.007794339413849624,3.6403894919458697,12.137141062865293,7.575495636467151
449f41710769584b5e4eca8ecb4c76d5272605f27da2949e6285de0860d2cbc0,11,194.91403286978507,685.5335018963337,791.0,810.0,791.0,115.14823227814082,112.04523624549716,44.18777313066132,23.78639300202658,0.8427516329206715,-0.13671702059610905,0.9765432098765432,0.7816205533596838,1,31.735350634355903,171,673,215,696,0.7917709331168747,1.8576912071912948,-7.833308267760199,0.0,True,0.518995578799929,0.5333333611488342,0.13365261885321894,0.14901961386203766,0.7607843279838562,410.5255028307438,11.2772216478387,2.458179843816306,0.3530471980702541,0.08213487335506214,0.841963800376392,0.006885006456591156,5.197775904496311,17.35666739118109,7.655206942280266
449f41710769584b5e4eca8ecb4c76d5272605f27da2949e6285de0860d2cbc0,12,203.68838804507595,113.97942185203331,2041.0,2124.0,2041.0,184.40916292848974,177.5123664520645,70.64143105015832,37.98089312821538,0.8431633557365014,0.9542971159604133,0.9609227871939736,0.6211199026171638,1,50.97726856947582,176,85,229,147,0.8139460901391657,1.859920218613289,54.677197146038196,0.0,False,0.33412111345778955,0.34117648005485535,0.08637522137352806,0.10196078568696976,0.5647059082984924,681.9411925673485,7.358529581841638,1.9475649204952639,0.4186516249310032,0.09263760643400418,0.8641365779720778,0.008770703065928231,3.2903889194301374,11.426670244253138,7.442501921758051
449f41710769584b5e4eca8ecb4c76d5272605f27da2949e6285de0860d2cbc0,13,216.11473737888832,25.845996940336562,1961.0,2036.0,1961.0,180.88834764831842,176.26689269641173,61.74420987789393,40.904394984388695,0.7490783007193077,0.29760464173133866,0.9631630648330058,0.6875876577840112,1,49.968217370901414,185,6,247,52,0.793132891084172,1.5094761797958098,17.051489934708638,0.0,False,0.3575726742535632,0.37254902720451355,0.08621043555994888,0.12156862765550613,0.5882353186607361,701.2000142112374,7.491904467295502,2.006371642740655,0.40115055144428324,0.09169248849354222,0.8586304923256253,0.008575193338575413,3.3027144612333963,11.681094473357607,7.455494194448933
449f41710769584b5e4eca8ecb4c76d5272605f27da2949e6285de0860d2cbc0,14,245.07861635220127,71.35759209344116,2226.0,2290.0,2226.0,180.75230867899737,174.04545122733253,61.4785056756588,46.30729207314484,0.6577602566773212,0.4410481143963145,0.9720524017467249,0.7298360655737705,1,53.23749831256604,216,47,277,97,0.9234420984012855,1.3276204010925583,25.270195517111944,0.0,False,0.5783151168466578,0.5921568870544434,0.13450055589516507,0.16470588743686676,0.8745098114013672,1287.3294501006603,7.835973612140821,2.0264700916930143,0.40629938748401,0.09105332316539286,0.8596211138716511,0.008482239659486298,3.554759529873203,12.11718769440844,7.490422807035842
449f41710769584b5e4eca8ecb4c76d5272605f27da2949e6285de0860d2cbc0,15,232.76586237712243,436.3958891867739,1119.0,1198.0,1119.0,139.81118318204307,136.964287960905,49.285919360406055,29.24439354183629,0.80493570688038,-1.5288357729238902,0.9340567612687813,0.8038793103448276,1,37.7459276023076,219,413,248,461,0.7495925514723857,1.6853117261569766,-87.59583735716001,0.0,False,0.7141145069594891,0.7764706015586853,0.11673938853001328,0.35686275362968445,0.7882353067398071,799.0941332876682,35.19515031492929,2.7675229144902787,0.6618820214955303,0.5724569658311418,0.6313846275917362,0.32776562986048996,19.101378280449268,51.28892234940932,4.058610779779103
449f41710769584b5e4eca8ecb4c76d5272605f27da2949e6285de0860d2cbc0,16,255.81634712411704,620.2114026236125,1982.0,2046.0,1982.0,181.88225099390857,175.11670371577347,70.78131255777208,36.00050904585531,0.8609934671582037,-0.01284314173864479,0.9687194525904204,0.7979066022544283,1,50.23505526686611,220,603,289,639,0.812191362720935,1.9661197697958952,-0.7358578173126566,0.0,False,0.43961141646419594,0.45098039507865906,0.10501363062955993,0.13725490868091583,0.7529411911964417,871.3098274320364,7.529885707208919,1.968973654488606,0.4131623809653501,0.1006163569071544,0.8266599101713894,0.010341998562069795,3.5617417075307825,11.498029706887056,7.1871012029631425
449f41710769584b5e4eca8ecb4c76d5272605f27da2949e6285de0860d2cbc0,17,252.22325408618127,483.8792719167905,2692.0,2739.0,2692.0,193.33809511662426,185.97752498222457,64.85751951190662,52.91644857020993,0.578210478895264,-0.5437104044242947,0.9828404527199708,0.7753456221198156,1,58.5453743213506,221,456,283,512,0.9780566089770694,1.225658963599063,-31.152311450863213,0.0,False,0.40360546239927125,0.4117647111415863,0.09330465648306857,0.13333334028720856,0.6431372761726379,1086.5059047788382,7.343935843821384,1.9419439390449273,0.41836817159948836,0.09885144585629355,0.8559655702660155,0.009970342542921949,3.419558549165761,11.26831313847701,7.333036071426136
449f41710769584b5e4eca8ecb4c76d5272605f27da2949e6285de0860d2cbc0,18,269.1706422018349,319.70764525993883,1635.0,1685.0,1635.0,163.4386001800126,157.63102628818348,63.01128145752307,33.273172220367,0.849212639616223,-0.43854440009279705,0.9703264094955489,0.6598062953995157,1,45.626161964841955,240,299,299,341,0.8268832883852019,1.893756358432002,-25.12674325441386,0.0,False,0.39060983184827575,0.4000000059604645,0.11493517074766836,0.125490203499794,0.6980392336845398,638.6470750719309,8.809943719804199,2.237355256129495,0.3649378824812801,0.0816891351923922,0.8602971322010566,0.006836161399662661,3.783730849392103,13.836156590216294,7.680205853800345
449f41710769584b5e4eca8ecb4c76d5272605f27da2949e6285de0860d2cbc0,19,307.75741986545313,164.41511673921647,2527.0,2584.0,2527.0,191.09545442950497,183.8513682881599,69.26607639210212,46.49105507172829,0.7412806892084955,-0.29323385583574413,0.9779411764705882,0.7697228144989339,1,56.72280255369754,274,140,341,189,0.9394666616966693,1.4898796399702179,-16.801062349735762,0.0,False,0.5055456136614614,0.5137255191802979,0.11439886901669472,0.1725490242242813,0.7647058963775635,1277.5137657225132,9.337420717591229,2.1896646059198295,0.3888847148226867,0.08950510312598468,0.8341573270618188,0.008198519322808769,4.267191819816822,14.407649615365639,7.555385757208654
449f41710769584b5e4eca8ecb4c76d5272605f27da2949e6285de0860d2cbc0,20,316.9150513112885,330.32212086659064,1754.0,1832.0,1754.0,166.2670273047588,160.31254334951797,62.676545829941354,36.44524381170175,0.813559718115044,-0.49654821181592484,0.9574235807860262,0.6838206627680312,1,47.25740324505225,290,310,347,355,0.8576388476078004,1.7197455490698987,-28.45011686182053,0.0,False,0.3661926875449505,0.3803921639919281,0.09690179694691774,0.12941177189350128,0.5843137502670288,642.3019739538431,11.1662176471886,2.48776256569086,0.3466047069613004,0.07969005545629154,0.8379797407911429,0.006484439619786559,4.968488545988217,17.36394674838898,7.795566835952631
449f41710769584b5e4eca8ecb4c76d5272605f27da2949e6285de0860d2cbc0,21,337.42160522631826,250.35464302379842,4286.0,4767.0,4286.0,304.492424049175,291.35843682048426,99.15181094713647,61.966381522160525,0.7806530132155619,1.0561736226734117,0.8990979651772604,0.6336487285629805,1,73.87221865312364,294,212,370,301,0.6344637794135953,1.6000903798405208,60.51429101222921,0.0,False,0.3224799479042822,0.3176470696926117,0.0938386751302196,0.10980392247438431,0.615686297416687,1382.1490567177534,5.17247932030558,1.6319705773744788,0.4633009076377887,0.09771559164431055,0.9088052973252616,0.009761824891689516,2.321947441571191,8.023011199039969,7.3468838118037665
449f41710769584b5e4eca8ecb4c76d5272605f27da2949e6285de0860d2cbc0,22,297.10169491525426,2.6271186440677967,59.0,77.0,59.0,41.72792206135786,50.12395775585915,15.879276250474808,5.8773475090020115,0.9289811988512231,0.1679356904609903,0.7662337662337663,0.6555555555555556,1,8.667244841319219,289,0,304,6,0.2951013288053198,2.7017759671609327,9.622006293030143,0.0,True,0.22831505941132368,0.23137255012989044,0.024591812658417048,0.16078431904315948,0.2823529541492462,13.470588505268097,45.09525756764745,5.308681744372534,0.19223752826971507,0.15577206242916214,0.33177089155794626,0.024393884144967872,24.622828130107877,65.56768700518703,5.54546643192848
449f41710769584b5e4eca8ecb4c76d5272605f27da2949e6285de0860d2cbc0,23,326.7295081967213,4.5136612021857925,366.0,414.0,366.0,110.63351365237939,107.37231551121116,47.134489614769116,10.360028188961314,0.9755455893760382,-0.00682633659767524,0.8840579710144928,0.7079303675048356,1,21.587164551489145,304,0,351,11,0.39893883184397994,4.549648780395334,-0.3911202765824851,0.0,True,0.23064395593978015,0.23529411852359772,0.02429499244166115,0.16078431904315948,0.29411765933036804,84.41568787395954,20.095608263719004,3.3473179769215866,0.28248393684629763,0.09148799331689654,0.5947487074434727,0.008416758143981299,10.090836250592979,30.10038027684503,7.30258671143304
449f41710769584b5e4eca8ecb4c76d5272605f27da2949e6285de0860d2cbc0,24,348.3297318927571,536.5762304921968,2499.0,2553.0,2499.0,190.75230867899737,183.52604571701772,66.04781282041795,48.32169623756559,0.6817160023541476,-0.6149196149173413,0.9788484136310224,0.7448584202682563,1,56.40767343449978,317,509,378,564,0.9323537147200407,1.3668355617258312,-35.23229867457347,0.0,False,0.35259751729866945,0.3607843220233917,0.07380613080680101,0.12941177189350128,0.545098066329956,881.1411957293749,8.550512079675864,2.071195288573434,0.4062056145122283,0.09986475177075746,0.8185792153882154,0.010165288342186754,4.108879180004482,12.992144979347245,7.338957510925665
449f41710769584b5e4eca8ecb4c76d5272605f27da2949e6285de0860d2cbc0,25,396.65287214329834,676.5497220506486,1619.0,1650.0,1619.0,156.46803743153546,151.02251840986176,55.81786454145937,38.46164060593413,0.7247079945456292,-0.655355667742387,0.9812121212121212,0.7509276437847866,1,45.402365829615405,370,652,419,696,0.8920173393747984,1.4512606238863197,-37.54911384161664,0.0,True,0.37848588101763725,0.38823530077934265,0.09736124176427051,0.12941177189350128,0.6666666865348816,612.7686413675547,8.048139739827883,2.09302683337616,0.393482094123073,0.09526078618361736,0.844542734926928,0.0092910335187196,3.555466132421411,12.540813347234357,7.4379472241444216
449f41710769584b5e4eca8ecb4c76d5272605f27da2949e6285de0860d2cbc0,26,424.1103117505995,91.8790681740322,2919.0,3026.0,2919.0,224.99494936611666,215.99010477807508,88.93291631473416,42.30786523586011,0.8795925255413085,0.06596954990929856,0.9646397884996696,0.7714059196617337,1,60.96381083136077,380,72,468,115,0.7862782252670664,2.1020421573848327,3.77977678618045,0.0,False,0.25619572293844156,0.250980406999588,0.051113137169860524,0.10980392247438431,0.3960784375667572,747.8353152573109,6.718231638570037,1.8861543425260576,0.4230192638512033,0.10185787673335665,0.869520834240359,0.010577882634065642,3.1337665255238134,10.30269675161626,7.3429539460287625
449f41710769584b5e4eca8ecb4c76d5272605f27da2949e6285de0860d2cbc0,27,435.8971824023727,443.3247652001977,2023.0,2068.0,2023.0,173.3380951166243,167.0163360028542,61.834504223208135,41.91649202413959,0.7351708044845375,1.188397912707012,0.9782398452611218,0.7329710144927536,1,50.751981232255694,413,415,459,475,0.9113555505304451,1.4751831853581119,68.0901847802682,0.0,False,0.47366075831301074,0.48235294222831726,0.12951112945765827,0.1568627506494522,0.7803921699523926,958.2157140672207,9.701483023332052,2.2453773696621413,0.3832857869402016,0.08588803659243723,0.8517256976803611,0.007560884173940368,4.22817012689185,15.174795919772254,7.652369525354853
449f41710769584b5e4eca8ecb4c76d5272605f27da2949e6285de0860d2cbc0,28,440.09875,291.72875,1600.0,1639.0,1600.0,150.71067811865476,145.56419951217828,51.46463788345116,39.87728422956162,0.6321472934790618,1.4390453642090568,0.9762050030506406,0.7651841224294595,1,45.1351666838205,421,267,462,318,0.9489005400050282,1.2905752956290757,82.45122589704536,0.0,False,0.4102132470952347,0.40980392694473267,0.13109902478461546,0.11764705926179886,0.7215686440467834,656.3411953523755,8.655080675118835,2.1992948885374357,0.3719655228415647,0.0788262190245118,0.8839514367946899,0.00636573066039034,3.587571766119605,13.722589584118065,7.7621814524406485
449f41710769584b5e4eca8ecb4c76d5272605f27da2949e6285de0860d2cbc0,29,484.4264705882353,53.34329044117647,2176.0,2217.0,2176.0,178.36753236814712,171.7845415121547,66.68571788505403,41.58202749453364,0.7817817008073425,0.025255568993315002,0.9815065403698692,0.804138950480414,1,52.63619713983633,452,34,518,75,0.9266177066192247,1.6037149197167098,1.447037512518415,0.0,False,0.5980013861690703,0.6196078658103943,0.15452769981336031,0.1725490242242813,0.886274516582489,1301.251016303897,10.492038449780628,2.3238996777129026,0.3753310251985794,0.0851607486899563,0.8495198318706687,0.007427727305318519,4.353246586503912,16.630830313057345,7.653559578189
449f41710769584b5e4eca8ecb4c76d5272605f27da2949e6285de0860d2cbc0,30,501.1276091081594,584.1698292220113,2108.0,2159.0,2108.0,184.8528137423857,177.93297379822113,70.45194950733212,38.35475617631286,0.8388191652673319,1.378214866542769,0.9763779527559056,0.775,1,51.807228842138656,480,551,520,619,0.8366958139539473,1.8368504073776866,78.96589511508667,0.0,True,0.5673252395380719,0.5843137502670288,0.1375195489677964,0.18039216101169586,0.8313725590705872,1195.9216049462557,10.239146965496627,2.3148205179520076,0.3734616985838598,0.08190449887495314,0.8477517461490128,0.006860909924189646,4.488129868964414,15.990164062028839,7.744249721873027
449f41710769584b5e4eca8ecb4c76d5272605f27da2949e6285de0860d2cbc0,31,487.52941176470586,693.6470588235294,51.0,55.0,51.0,31.899494936611667,32.92413465331263,15.023274737308036,4.513615748453371,0.9538002322399238,0.032919384651346875,0.9272727272727272,0.68,1,8.058239062071396,481,691,496,696,0.5912229740012136,3.328434579850066,1.886141804689917,0.0,True,0.248673595049802,0.25882354378700256,0.05823971240717048,0.1411764770746231,0.3450980484485626,12.682353347539902,129.99233341505936,9.50438594427439,0.06568866337204134,0.14624386591504052,0.20409641192729805,0.022995163096604553,48.96524327122151,211.01942355889724,5.680342082531146
449f41710769584b5e4eca8ecb4c76d5272605f27da2949e6285de0860d2cbc0,32,508.34149184149186,155.37645687645687,858.0,872.0,858.0,117.01219330881976,113.61603257229208,41.54219678544263,28.171563294248354,0.7349296810138392,-1.4974856680422308,0.9839449541284404,0.7566137566137566,1,33.05207299675423,493,134,520,176,0.8352527462631162,1.4746145377712883,-85.79960866014845,0.0,True,0.3615521804054022,0.3745098114013672,0.08101697008319562,0.14509804546833038,0.529411792755127,310.2117707878351,11.703359932236118,2.5056365901221973,0.34481311361112477,0.08329428618013988,0.8261836603427355,0.007067052979181018,5.178451232789616,18.22826863168262,7.661198080037112
449f41710769584b5e4eca8ecb4c76d5272605f27da2949e6285de0860d2cbc0,33,508.1782178217822,245.3019801980198,808.0,827.0,808.0,113.35533905932738,110.14911734756015,38.91079501087951,28.184375301452526,0.6894502266709515,-1.4107348826214754,0.9770253929866989,0.7673314339981007,1,32.07456238432586,493,225,520,264,0.8368722784589978,1.3805803603840807,-80.82915478609412,0.0,True,0.3720102972618424,0.3843137323856354,0.09834448346343977,0.13725490868091583,0.6117647290229797,300.58432018756866,10.828393296725285,2.455683958415883,0.34872481758428,0.08262508482725062,0.8340627343808453,0.006957874567489336,4.581926482302864,17.074860111147707,7.629772816134928
0b0d577159f0d6c266f360f7b8dfde46e16fa665138bf577ec3c6f9c70c0cd1e,1,15.269193391642371,296.4674441205053,1029.0,1094.0,1029.0,134.91168824543144,130.58581787871094,39.48015634941387,34.98066854649833,0.463624733943534,-0.630174385542322,0.9405850091407678,0.7329059829059829,1,36.19618062078487,0,279,36,318,0.7582863039216088,1.128627839028707,-36.10633264882501,0.0,True,0.11297852796139476,0.08627451211214066,0.06137613211587439,0.05098039284348488,0.30980393290519714,116.25490527227521,12.321239527088762,2.266538587598219,0.44210236221972343,0.13740140749925223,0.8803947935229675,0.019420326940016108,4.353765632665021,20.288713421512504,6.910293371337286
0b0d577159f0d6c266f360f7b8dfde46e16fa665138bf577ec3c6f9c70c0cd1e,2,108.61958997722095,153.06833712984056,878.0,937.0,878.0,122.12489168102785,118.46317457378993,44.11021734135826,25.491947603227143,0.8160971017439624,0.24073023618337933,0.9370330843116329,0.6880877742946708,1,33.43507619667515,87,139,131,168,0.7862083402290689,1.7303588579388944,13.792826534495134,0.0,False,0.102273441269858,0.0941176488995552,0.03770004802514466,0.054901961237192154,0.19607843458652496,89.79608143493533,15.629827655610983,2.933482796762124,0.31702614540299995,0.08580948500135346,0.8750650419163053,0.007553631039079377,5.658105145682851,25.601550165539116,7.702523741326436
0b0d577159f0d6c266f360f7b8dfde46e16fa665138bf577ec3c6f9c70c0cd1e,3,155.4077892325315,128.47193585337916,873.0,911.0,873.0,113.9827560572969,110.74394596092861,40.258425111476306,27.672017856437662,0.7263172048822023,1.0748460865692844,0.9582875960482986,0.7179276315789473,1,33.33973788969849,140,110,172,148,0.8945077750272328,1.4548424086865253,61.584144386573115,0.0,False,0.10188442280458421,0.09803921729326248,0.03412676019313073,0.054901961237192154,0.16862745583057404,88.94510110840201,16.93863130749174,3.073626201165492,0.3003607687961464,0.0745073220235292,0.8811367234991823,0.005703174336086922,6.112567503116738,27.764695111866743,7.9630237463067814
0b0d577159f0d6c266f360f7b8dfde46e16fa665138bf577ec3c6f9c70c0cd1e,4,277.4943820224719,690.8651685393259,89.0,99.0,89.0,40.21320343559643,41.19872363344375,15.712924367227561,7.432334543774023,0.8810582818176654,-0.5133447638006186,0.898989898989899,0.5933333333333334,1,10.645107772184812,270,686,285,696,0.6589194810316208,2.114130395326471,-29.412488400915564,0.0,True,0.05393258490589228,0.054901961237192154,0.0038225390163646096,0.0470588244497776,0.062745101749897,4.8000000566244125,62.448919576219986,5.85502350631861,0.3776009609876131,0.31951763326812704,0.3216223312585077,0.10220763982323466,50.671509068581145,74.22633008385883,3.6128911170246094
0b0d577159f0d6c266f360f7b8dfde46e16fa665138bf577ec3c6f9c70c0cd1e,5,286.38542665388303,508.87344199424734,1043.0,1120.0,1043.0,137.53910524340094,133.8621635534139,43.11954746908262,31.028774111355883,0.6943900804724177,-1.1489936903167821,0.93125,0.7095238095238096,1,36.44158126589425,270,488,305,530,0.7314396389592872,1.3896632626972447,-65.83248914231314,0.0,False,0.09873103920802517,0.08235294371843338,0.04010598958465124,0.05098039284348488,0.18431372940540314,102.97647389397025,14.733239204550713,2.7280450717544285,0.347030178200948,0.08879098961976006,0.9092174984398571,0.008125137709919992,5.445658662988091,24.020819746113336,7.761903941694402
0b0d577159f0d6c266f360f7b8dfde46e16fa665138bf577ec3c6f9c70c0cd1e,6,291.2874493927126,28.105263157894736,988.0,1047.0,988.0,123.39696961966999,120.45457824674145,40.391788058791484,31.24683122378679,0.6336819759951214,-0.39347233776597135,0.9436485195797517,0.7057142857142857,1,35.467741261579384,271,11,311,46,0.8556973478109565,1.292668295530814,-22.544304309136148,0.0,False,0.1057831263659816,0.09803921729326248,0.04066014337879598,0.05098039284348488,0.1921568661928177,104.51372884958982,13.51272522679313,2.7149049361112265,0.33297346932029276,0.08326956789612293,0.9061474318379004,0.007136210522353205,4.848190189106482,22.177260264479777,7.7750975185558495
0b0d577159f0d6c266f360f7b8dfde46e16fa665138bf577ec3c6f9c70c0cd1e,7,293.17894736842106,691.7526315789473,190.0,207.0,190.0,70.97056274847714,73.43274489837343,27.74160394811747,9.935920891351762,0.9336603899190151,0.037240938767960696,0.9178743961352657,0.6810035842293907,1,15.553633450087505,279,687,310,696,0.4427758651500268,2.7920516126757606,2.133748616509276,0.0,True,0.07023736009080159,0.06666667014360428,0.01622271349883992,0.05098039284348488,0.125490203499794,13.345098417252302,26.142496950786892,3.4651888440185945,0.3191686298842011,0.16941898139022118,0.6373372441921707,0.02895779826545484,10.894847670250893,41.39014623132289,5.707717713355772
15039b3acccc4257a1a442646a89b6e596b5eb4531637e6d8fa1c43203722c99,1,1.7857142857142858,293.6309523809524,84.0,91.0,84.0,42.72792206135785,43.19012730639528,20.149739768071278,5.522927349516004,0.9617028411256207,-1.5694557422017632,0.9230769230769231,0.7,1,10.341765891652821,0,284,6,304,0.5658745755502612,3.6483803774527432,-89.9231901607332,0.0,True,0.2681606039404869,0.239215686917305,0.09318693656723194,0.15294118225574493,0.5372549295425415,22.5254907310009,56.600339180147444,5.5444774232661125,0.22219937364530795,0.12993815375369372,0.3596749074157215,0.016984027407658104,25.4615480006105,87.73913035968438,6.121585104903244
15039b3acccc4257a1a442646a89b6e596b5eb4531637e6d8fa1c43203722c99,2,15.583783783783783,270.5972972972973,370.0,406.0,370.0,77.94112549695429,76.57433755196323,27.152262597619732,18.207335561864426,0.7418514933087768,-0.098585502873043,0.9113300492610837,0.6851851851851852,1,21.70480664627101,4,262,31,282,0.792948699739486,1.4912814950525,-5.648533235800216,0.0,False,0.20217276648492427,0.13921569287776947,0.13683354892855154,0.07058823853731155,0.6313725709915161,74.80392359942198,21.87027135001076,2.912004243323931,0.43481662314429903,0.18284823718208765,0.7346599652492471,0.03369717316978779,10.054584982311908,33.68595771770961,6.25417206879985
15039b3acccc4257a1a442646a89b6e596b5eb4531637e6d8fa1c43203722c99,3,22.025316455696203,308.9451476793249,237.0,312.0,237.0,73.14823227814082,81.70733387850454,28.26477674112603,11.970326909174128,0.9058928952402961,-0.9392065830509186,0.7596153846153846,0.4121739130434783,1,17.371176474327626,6,297,31,320,0.4461040137440704,2.3612368279987193,-53.812573299720874,0.0,True,0.24050633464684465,0.20392157137393951,0.08620691755411625,0.13725490868091583,0.529411792755127,57.000001311302185,36.4085607646562,3.9069479562770053,0.3275729975265272,0.12801923006670174,0.48053726902232696,0.016589318461785282,17.483560720161837,55.33356080915057,6.574413421065032
15039b3acccc4257a1a442646a89b6e596b5eb4531637e6d8fa1c43203722c99,4,18.158783783783782,289.375,296.0,348.0,296.0,77.59797974644667,78.37517167488576,26.76236403428069,15.222255721520074,0.8224804443119494,-1.4364656010931915,0.8505747126436781,0.5670498084291188,1,19.413369239820483,10,277,28,306,0.6055424098106019,1.7581076368626551,-82.30341635836277,0.0,False,0.2410307430183968,0.21568627655506134,0.09080163466511237,0.11372549086809158,0.5176470875740051,71.34509993344545,21.827655903970264,3.3479819053348496,0.3070628553200824,0.09991458098156471,0.7135984490298679,0.01012973733607465,9.048131841642208,34.60717996629832,7.204639390855487
15039b3acccc4257a1a442646a89b6e596b5eb4531637e6d8fa1c43203722c99,5,54.52662721893491,245.27218934911244,338.0,382.0,338.0,80.46194077712559,81.8420868996177,23.9196459121164,19.436513653046607,0.5828562157459506,0.6251850264082489,0.8848167539267016,0.6401515151515151,1,20.7449985808745,42,236,66,258,0.6341225163967086,1.2306551647634132,35.82046342796758,0.0,False,0.6008121829766494,0.6078431606292725,0.04735831963354501,0.5098039507865906,0.6980392336845398,203.07451784610748,25.333855718551995,3.859633610487446,0.23818646451835593,0.07459038226000879,0.7560552673020055,0.0056257515969752505,9.746059179150278,40.92165225795371,7.8170197436322155
15039b3acccc4257a1a442646a89b6e596b5eb4531637e6d8fa1c43203722c99,6,58.01242236024845,209.44099378881987,161.0,185.0,161.0,54.87005768508881,55.48699187852813,17.241594279885838,12.547982252760342,0.685817144303001,-0.9961836121408048,0.8702702702702703,0.62890625,1,14.317526556719258,52,202,68,218,0.6571331525854447,1.3740531292266518,-57.07711659576547,0.0,False,0.6357082180354906,0.6392157077789307,0.04538618205041191,0.545098066329956,0.7254902124404907,102.34902310371399,42.70681443935967,5.161229092898456,0.17673832111574156,0.09079493547717117,0.611129452125408,0.008279637721892052,15.248298047100151,70.16533083161919,7.149492727359064
15039b3acccc4257a1a442646a89b6e596b5eb4531637e6d8fa1c43203722c99,7,66.18435754189944,197.81005586592178,179.0,197.0,179.0,53.420310216782966,53.91619555173324,18.06817094064028,12.84614678329244,0.7032100690144027,-0.27938294023695337,0.9086294416243654,0.6729323308270677,1,15.09668435477122,57,192,76,206,0.7737923207278827,1.4065050980220424,-16.007463343533136,0.0,False,0.6133202106260055,0.615686297416687,0.05670545781490025,0.47843137383461,0.7137255072593689,109.78431770205498,38.81221071786209,4.75749560356129,0.20632310017745978,0.084075023297566,0.6140278576348425,0.007135609546223477,13.806863051662184,63.81755838406199,7.417551929248026
15039b3acccc4257a1a442646a89b6e596b5eb4531637e6d8fa1c43203722c99,8,83.50785340314137,301.9947643979058,191.0,226.0,191.0,69.35533905932738,73.0121375522168,27.986639317222387,9.697681354197547,0.9380458694233527,-0.725776301123376,0.8451327433628318,0.4331065759637188,1,15.594510349620345,73,292,94,313,0.4502493604698421,2.8859103836308915,-41.58391892498539,0.0,False,0.3502515229099084,0.3450980484485626,0.07902819508427937,0.20392157137393951,0.5607843399047852,66.8980408757925,40.521070741213684,4.715440408461346,0.21692105214113805,0.08515784331450196,0.5106316661324413,0.007269050007366175,18.63483125556507,62.40731022686229,7.331278630522895
15039b3acccc4257a1a442646a89b6e596b5eb4531637e6d8fa1c43203722c99,9,97.18518518518519,104.13756613756614,189.0,236.0,189.0,64.2842712474619,66.30834489888058,19.314424945995615,14.039472642892333,0.6867533422466765,-0.8524578998271007,0.8008474576271186,0.6539792387543253,1,15.512648837479231,89,96,106,113,0.5401760100455201,1.3757229660455796,-48.84223987267878,0.0,False,0.6134039031134711,0.615686297416687,0.04360531889333629,0.5098039507865906,0.6980392336845398,115.93333768844604,56.08090219289816,5.724867340674752,0.17821816613509367,0.0792693640734795,0.4147401298947474,0.006286719232835943,28.31164387918774,83.85016050660857,7.5510991269198335
15039b3acccc4257a1a442646a89b6e596b5eb4531637e6d8fa1c43203722c99,10,96.6036036036036,290.7927927927928,111.0,131.0,111.0,44.62741699796952,48.45787665404977,15.050046484739855,10.490129154505329,0.7170551891281225,-0.9687457137256915,0.8473282442748091,0.5336538461538461,1,11.888212206450685,90,282,103,298,0.5940241240039714,1.434686481269501,-55.505040817870785,0.0,False,0.431301899052955,0.41960784792900085,0.06045086711005516,0.29411765933036804,0.5882353186607361,47.874510794878006,31.325773845210286,4.192315190321011,0.22524768083798716,0.10899796908432978,0.44682638703382394,0.011930483717204964,14.79852852921727,47.85301916120331,6.620826164943268
15039b3acccc4257a1a442646a89b6e596b5eb4531637e6d8fa1c43203722c99,11,104.03669724770643,226.44036697247705,109.0,116.0,109.0,38.55634918610404,39.62792730664885,12.8052466938354,11.128212830078592,0.49474988988347135,0.0669010124844562,0.9396551724137931,0.7077922077922078,1,11.780624362746345,97,222,111,233,0.8722352753953271,1.1507010954377086,3.83314566051137,0.0,False,0.4919590003993533,0.4941176474094391,0.08276307783829512,0.3450980484485626,0.6470588445663452,53.62353104352951,64.70593988854124,6.408120897481798,0.15005365289044745,0.09683857662432586,0.5028054217285352,0.009392490605717457,23.820789551518544,105.59109022556393,6.897123401440281
15039b3acccc4257a1a442646a89b6e596b5eb4531637e6d8fa1c43203722c99,12,109.75,317.10714285714283,56.0,77.0,56.0,34.48528137423857,43.19012730639528,14.579216888582105,6.885173824178424,0.8814595595953689,0.14113583209461114,0.7272727272727273,0.47058823529411764,1,8.444016491289505,103,313,120,320,0.3772497170335074,2.1174798575723357,8.086487517088248,0.0,True,0.3924369817333562,0.40784314274787903,0.055275125903690596,0.250980406999588,0.5098039507865906,21.976470977067947,35.020290110137694,4.405764787051564,0.22096173360022311,0.15939031871049006,0.44651979791926,0.025683868318297595,19.85635380278238,50.18422641749301,5.475396245097843
15039b3acccc4257a1a442646a89b6e596b5eb4531637e6d8fa1c43203722c99,13,110.57142857142857,100.40178571428571,112.0,132.0,112.0,44.55634918610404,45.31628400045997,15.331225142572855,10.371822843508737,0.7364277100446203,-0.5847713422698984,0.8484848484848485,0.5833333333333334,1,11.941642642883693,104,96,120,108,0.6853608727263085,1.478161107636734,-33.504929892265295,0.0,False,0.5686974977808339,0.5803921818733215,0.0716481758818037,0.41960784792900085,0.686274528503418,63.6941197514534,73.3069220518498,6.6207904813338,0.16474145199834894,0.0961127988444738,0.45767578965264344,0.009275319402486814,30.189806504470198,116.42403759922938,6.927751667290295
15039b3acccc4257a1a442646a89b6e596b5eb4531637e6d8fa1c43203722c99,14,132.40140845070422,292.52752880921895,1562.0,1684.0,1562.0,191.06601717798213,187.45303653400498,61.731055200114376,33.14265647619383,0.8436535929121587,-0.9218387508153316,0.9275534441805225,0.5795918367346938,1,44.59596583634359,107,265,156,320,0.5586064342169391,1.8625862185928104,-52.817469813330476,0.0,True,0.30842058512259385,0.2862745225429535,0.11185303521429175,0.10980392247438431,0.6941176652908325,481.7529539614916,9.853571124428719,2.2392522587547443,0.3894439336319676,0.08597306077270479,0.8375274325756982,0.00754869297355905,4.7107066234191945,14.996435625438242,7.5654349795423315
15039b3acccc4257a1a442646a89b6e596b5eb4531637e6d8fa1c43203722c99,15,128.93777134587555,207.93921852387842,691.0,768.0,691.0,108.66904755831214,108.38775147073625,35.674186549077774,26.52658496789054,0.6686478110664578,1.0903474492694554,0.8997395833333334,0.6754643206256109,1,29.661566469288122,115,190,146,223,0.7391413481182499,1.3448465602436224,62.47230704599443,0.0,False,0.3906699692461149,0.3843137323856354,0.15781673738638022,0.13333334028720856,0.7176470756530762,269.9529487490654,20.31795564983949,3.2455712149362874,0.3089638012451012,0.07677957200567379,0.8258611777233422,0.006018934109553764,7.665066292855389,32.970845006823595,8.025097879449074
15039b3acccc4257a1a442646a89b6e596b5eb4531637e6d8fa1c43203722c99,16,143.6027397260274,246.33561643835617,146.0,180.0,146.0,55.112698372208094,64.64226379707118,16.54846984076062,12.011937123151577,0.6878383352105183,-1.0444937306036934,0.8111111111111111,0.6083333333333333,1,13.63425735166143,137,239,152,255,0.4390657952959376,1.377668703315589,-59.84508249146602,0.0,False,0.5648133432211941,0.5666667222976685,0.05848582008761185,0.45098039507865906,0.6784313917160034,82.46274811029434,46.20994013509508,5.390818661221463,0.15758097455703174,0.08245116918382289,0.5794604170652631,0.006812092803706089,16.509798843680144,75.91008142651002,7.318277440178089
15039b3acccc4257a1a442646a89b6e596b5eb4531637e6d8fa1c43203722c99,17,169.14147521160822,128.2079806529625,827.0,906.0,827.0,119.63961030678928,116.10698008359759,36.36741608349329,31.242967418697813,0.5118206779305476,-0.23915504679141913,0.91280353200883,0.6425796425796426,1,32.44948541188257,149,114,188,147,0.7709011880388658,1.1640192685963842,-13.702574830402037,0.0,False,0.4427152374779587,0.4588235318660736,0.1487759188419373,0.15294118225574493,0.7490196228027344,366.12550139427185,15.381715086837856,2.937839383155675,0.30628745322286755,0.06955926277873486,0.8629466245595842,0.004936509577366284,6.248534706976731,24.51489546669898,8.076421128797655
15039b3acccc4257a1a442646a89b6e596b5eb4531637e6d8fa1c43203722c99,18,163.92631578947368,293.3578947368421,95.0,104.0,95.0,36.55634918610404,37.731808408711814,11.850988573216785,10.720707589638229,0.42620714779570523,-0.5649183865686339,0.9134615384615384,0.6597222222222222,1,10.998079684646791,158,287,170,299,0.8385292726410357,1.1054296998708364,-32.367439319722656,0.0,False,0.44850362194211857,0.4313725531101227,0.07231923032047843,0.3176470696926117,0.615686297416687,42.60784408450127,59.37073504047596,5.862800647792864,0.16236177297203774,0.10215885596123289,0.35775279122438175,0.010451842829008566,29.547918453363014,89.1935516275889,6.730982881312081
15039b3acccc4257a1a442646a89b6e596b5eb4531637e6d8fa1c43203722c99,19,180.4908256880734,194.53899082568807,872.0,1031.0,872.0,139.12489168102786,134.9728842879535,43.7004827807696,28.507264895750513,0.757932530600654,1.0637713781615754,0.8457807953443259,0.5748187211601846,1,33.32063749403756,163,174,200,215,0.6014967592291922,1.5329595084123238,60.94961033547334,0.0,False,0.2634736530978335,0.2235294133424759,0.11700670801776246,0.0941176488995552,0.6039215922355652,229.74902550131083,18.97172008924511,2.9265385256883194,0.35976107243828553,0.1008017653629957,0.7452452064596451,0.010369573361973193,8.621227755379497,29.322212423110727,7.471709406263783
15039b3acccc4257a1a442646a89b6e596b5eb4531637e6d8fa1c43203722c99,20,190.33221850613154,280.8037904124861,897.0,976.0,897.0,131.88225099390854,127.71373126734747,52.157537709154376,22.702005772583966,0.9003055791721334,-0.49855808283002434,0.9190573770491803,0.5571428571428572,1,33.79490896018868,166,263,212,298,0.6910780837071552,2.297485879954375,-28.56527398829411,0.0,False,0.3236190440048076,0.3019607961177826,0.11946740148783493,0.11764705926179886,0.6627451181411743,290.28628247231245,15.42666693160573,2.7807219956126144,0.3464058489780566,0.0847284861840649,0.7823564680674808,0.007397029656607255,6.676763123811804,24.17657073939966,7.683685279479226
15039b3acccc4257a1a442646a89b6e596b5eb4531637e6d8fa1c43203722c99,21,186.18346253229973,245.23514211886305,387.0,454.0,387.0,95.25483399593904,92.9887624911123,28.55387798109989,19.858859337830626,0.7185383939058522,-0.976192651663127,0.8524229074889867,0.6471571906354515,1,22.197831060995757,176,234,199,260,0.5624188821309447,1.4378407891084395,-55.9317189319817,0.0,False,0.46297817544419634,0.43921568989753723,0.11929195188971288,0.2705882489681244,0.7372549176216125,179.172553896904,14.692997780726524,2.88780675054988,0.3108143973577697,0.08335358236958003,0.8614127126864584,0.007025129512000822,5.872858039846637,23.51313752160641,7.576258999006636
15039b3acccc4257a1a442646a89b6e596b5eb4531637e6d8fa1c43203722c99,22,213.1875,215.06730769230768,624.0,698.0,624.0,105.42640687119285,103.02471734806727,32.54783536835215,25.196221571372508,0.6330279385718425,-0.7532459216314534,0.8939828080229226,0.6493236212278877,1,28.18690255978371,199,202,230,233,0.7387739788944111,1.2917744542035785,-43.157812244924244,0.0,False,0.36241202522069216,0.36274510622024536,0.11461200834611071,0.1568627506494522,0.686274528503418,226.1451037377119,13.482235024939293,2.7754679681398056,0.31232261225824226,0.07679890261404493,0.8213060770176703,0.0060105869735323225,5.380269911843747,21.584200138034838,7.768662500201851
15039b3acccc4257a1a442646a89b6e596b5eb4531637e6d8fa1c43203722c99,23,230.02399127589968,151.58887677208287,917.0,1103.0,917.0,154.88225099390854,149.91179767532216,59.85746642394599,21.415793987814673,0.9338059730587291,-0.08366322984120962,0.8313689936536718,0.7075617283950617,1,34.16958680642984,202,139,256,163,0.5127522509550969,2.7950150462786563,-4.793549970334276,0.0,True,0.3985459927221681,0.3803921639919281,0.07642503629354501,0.24705882370471954,0.6705882549285889,365.46667532622814,19.20521031347935,3.0766684952911794,0.3180144227315565,0.09472893132091528,0.5873516213544383,0.009101980041548887,9.329945347476073,29.080475279482627,7.48123986715428
15039b3acccc4257a1a442646a89b6e596b5eb4531637e6d8fa1c43203722c99,24,212.86075949367088,239.06012658227849,316.0,334.0,316.0,67.94112549695427,67.09374306227802,23.47911388596925,17.234308485860364,0.6791200580895376,-1.0638357980497055,0.9461077844311377,0.6869565217391305,1,20.0585068271871,203,228,223,251,0.8821306340322068,1.3623473146736549,-60.9533013231799,0.0,False,0.215103009196965,0.18039216101169586,0.08105683025007779,0.12156862765550613,0.49803921580314636,67.97255090624094,28.5479164702207,3.4130895996688184,0.35968054323959736,0.13897932966621696,0.5468722454224599,0.019469580786736475,14.413733607844737,42.682099332596664,6.612657973281585
15039b3acccc4257a1a442646a89b6e596b5eb4531637e6d8fa1c43203722c99,25,227.56338028169014,292.0995975855131,994.0,1040.0,994.0,122.88225099390857,119.57389530832953,45.98252207288631,27.941595597269597,0.7941996752199857,-0.6111235933210503,0.9557692307692308,0.6734417344173442,1,35.575273821388244,208,276,249,312,0.8736218625827621,1.6456655781454241,-35.014802658165486,0.0,False,0.33293487419424883,0.2823529541492462,0.13602392438477776,0.13725490868091583,0.6941176652908325,330.9372649490833,21.07887877894281,3.1107819577487983,0.3417924564200918,0.09251254043018989,0.751787494833049,0.008730781297281739,8.692902512042462,33.46485504584315,7.625382239553329
15039b3acccc4257a1a442646a89b6e596b5eb4531637e6d8fa1c43203722c99,26,238.109756097561,187.8658536585366,82.0,93.0,82.0,34.970562748477136,35.83568951077477,13.775114835483738,7.66427783651246,0.83092411086487,0.4602656986738953,0.8817204301075269,0.6307692307692307,1,10.217907939900583,232,183,245,193,0.802402339411831,1.797314127869866,26.37128198865429,0.0,False,0.5006695495146077,0.4941176474094391,0.07532852827731358,0.3803921639919281,0.686274528503418,41.05490306019783,60.08425309196905,6.154497013972128,0.15249338920959052,0.11105181166690016,0.39811301864718224,0.012358105228091052,31.03564958592132,89.13285659801679,6.483111286717879
15039b3acccc4257a1a442646a89b6e596b5eb4531637e6d8fa1c43203722c99,27,238.75,264.3333333333333,60.0,70.0,60.0,31.72792206135785,37.731808408711814,10.121624547815312,8.204161874842427,0.5856586283873194,-0.19459835221559693,0.8571428571428571,0.6666666666666666,1,8.740387444736633,234,260,244,269,0.529597435352233,1.2337182886228355,-11.149664282153976,0.0,False,0.6664706081151962,0.6666666865348816,0.03264906863124704,0.6078431606292725,0.7254902124404907,39.988236486911774,88.08998433008293,7.637290512405395,0.11095816402333111,0.12015566841745708,0.3688588204687691,0.014484640022399915,36.29188358742706,139.8880850727388,6.164392008210944
15039b3acccc4257a1a442646a89b6e596b5eb4531637e6d8fa1c43203722c99,28,249.26363636363635,170.2,110.0,130.0,110.0,47.00609665440987,52.02007665379619,16.35001116912854,9.162054926262531,0.8282424283811974,-0.6190467425773186,0.8461538461538461,0.5612244897959183,1,11.834540545406394,242,163,256,177,0.5108113912005445,1.7845353799683217,-35.468765671001876,0.0,True,0.4399287074804306,0.4333333373069763,0.05537909202593476,0.34117648005485535,0.572549045085907,48.392157822847366,61.66227326404751,6.1000509018543925,0.1521734960093472,0.09730463254932425,0.330867108952267,0.009486441031815417,26.13896865111092,97.18557787698413,6.857965523212111
15039b3acccc4257a1a442646a89b6e596b5eb4531637e6d8fa1c43203722c99,29,250.33333333333334,224.94037940379403,369.0,392.0,369.0,91.04163056034261,92.62397167387147,39.131664854276245,12.770863568098035,0.9452468435548248,-1.522146681504092,0.9413265306122449,0.76875,1,21.675455981530703,244,204,256,244,0.5404922005744661,3.0641361600658086,-87.2125806500284,0.0,True,0.4166215112619607,0.3960784375667572,0.10943304570197272,0.23529411852359772,0.6823529601097107,153.7333376556635,19.74065188488073,3.2450050460204745,0.2961237598438057,0.08223321831909933,0.7797345433929946,0.006845645972296328,7.916309467319069,31.56499430244239,7.595314283462201
15039b3acccc4257a1a442646a89b6e596b5eb4531637e6d8fa1c43203722c99,30,249.82105263157894,193.67368421052632,95.0,102.0,95.0,36.14213562373095,36.94641024531437,13.645516445088957,8.965702117782655,0.7538523936583692,0.7335183099052406,0.9313725490196079,0.7196969696969697,1,10.998079684646791,244,189,256,200,0.8745587168717306,1.5219685269293428,42.02750335313945,0.0,True,0.40280702678780805,0.3764705955982208,0.07631757176702353,0.3019607961177826,0.615686297416687,38.266667544841766,45.32576011856832,4.964759928661697,0.21493928556355527,0.1182358142269926,0.4959094738741633,0.014011941691551412,21.501658910775372,69.14986132636128,6.421293689336099
cdab367b30db47061df837c1ae9fa875d6057614f797332d37d3513517d6c694,1,7.196013289036545,17.691029900332225,602.0,617.0,602.0,107.45584412271572,108.02296065349543,44.97741061392084,18.316705228734286,0.9133201462203888,-1.4045029911656794,0.9756888168557536,0.76010101010101,1,27.685559519911603,0,0,18,44,0.6482972854022281,2.455540450766366,-80.47209370729338,0.0,True,0.09216989310724395,0.0941176488995552,0.014791505941750849,0.054901961237192154,0.125490203499794,55.486275650560856,11.938670671312648,2.6487511668038612,0.33371863015586184,0.11483225704003167,0.8278960638059023,0.013353854263930282,6.499319883311494,17.378021459313803,6.560589867637637
cdab367b30db47061df837c1ae9fa875d6057614f797332d37d3513517d6c694,2,23.432999523128277,207.689556509299,2097.0,2304.0,2097.0,197.4386001800126,189.86504755311313,66.59169567024696,44.6130713603767,0.7424066977310559,0.7819237327424114,0.91015625,0.6354545454545455,1,51.67188137962113,0,176,55,236,0.7310014690089525,1.4926498812944466,44.80092978725551,0.0,True,0.09864699494308611,0.10196078568696976,0.016317498003719295,0.04313725605607033,0.13333334028720856,206.86274839565158,11.04887722742261,2.39533643737138,0.3715321480375242,0.11854587376880074,0.7690122123403316,0.014169626771915585,6.117798087012836,15.979956367832381,6.778545278614885
cdab367b30db47061df837c1ae9fa875d6057614f797332d37d3513517d6c694,3,22.698237885462554,67.7511013215859,2270.0,2324.0,2270.0,182.8528137423857,176.03685490028408,64.56967029670349,45.24637679519745,0.7134193916390995,-1.5325190588560003,0.9767641996557659,0.7760683760683761,1,53.76108040719438,1,34,46,99,0.9205100186253959,1.4270683062418617,-87.80687409580982,0.0,False,0.10297141089083603,0.10588235408067703,0.0195011769771243,0.04313725605607033,0.14901961386203766,233.74510272219777,9.07549551549945,2.1962438119788366,0.3840339871893592,0.09980601489474783,0.823551512060112,0.010064501832766484,4.6351699092221885,13.51582112177671,7.250094634208963
cdab367b30db47061df837c1ae9fa875d6057614f797332d37d3513517d6c694,4,34.54597701149425,328.76724137931035,1740.0,1782.0,1740.0,162.95331880577402,157.17095069592816,61.513282245774235,36.37716617048317,0.8063996761754996,-0.24214876349586534,0.9764309764309764,0.7631578947368421,1,47.068426868115985,4,309,64,347,0.8851452681530536,1.6909860970887496,-13.874102162624618,0.0,False,0.10569303813979201,0.10980392247438431,0.019305294318686484,0.0470588244497776,0.14509804546833038,183.9058863632381,10.02872601542138,2.3531693669024145,0.36634545022174847,0.10178600075733349,0.8290359198757498,0.0104729483054612,5.307874228274393,14.74957780256837,7.10928108383035
cdab367b30db47061df837c1ae9fa875d6057614f797332d37d3513517d6c694,5,49.54318936877076,260.44601328903656,2408.0,2525.0,2408.0,192.7523086789974,185.4221646149548,67.08209212539539,47.10230781342407,0.7120199889854972,0.3853019964615523,0.9536633663366336,0.6989840348330915,1,55.371119039823206,15,236,80,289,0.880122357062088,1.424178458327622,22.076178235211525,0.0,False,0.11686861169280058,0.12156862765550613,0.021585961072809266,0.0470588244497776,0.1568627506494522,281.4196169562638,10.660277802253981,2.3387133736738166,0.3700149978557634,0.09534889356882473,0.8054584411113025,0.009191682412763597,5.2685216700313795,16.052033934476583,7.3752755203080795
cdab367b30db47061df837c1ae9fa875d6057614f797332d37d3513517d6c694,6,100.10276243093922,101.11436464088398,1810.0,1873.0,1810.0,161.4386001800126,155.73490739024643,54.02880420144694,43.45231244151114,0.5942999720035435,0.5294935075523383,0.9663641217298452,0.7266158169409875,1,48.0058702240741,72,79,125,126,0.9378135449252955,1.2434045777004907,30.33774326232736,0.0,False,0.10604268451586613,0.10980392247438431,0.020610684228381967,0.04313725605607033,0.16078431904315948,191.9372589737177,8.553955487361772,2.1750228102674685,0.3783385986758868,0.10155816262924278,0.822787299651031,0.010411093328150933,4.450358493820084,12.657552480903462,7.217536994600572
cdab367b30db47061df837c1ae9fa875d6057614f797332d37d3513517d6c694,7,133.93808517064332,202.69676834793114,3311.0,3412.0,3311.0,227.23759005323592,218.1162614721398,84.88784706690934,49.889193682490976,0.8090737416968266,-0.2982664007294275,0.970398593200469,0.7432098765432099,1,64.92839234586148,94,176,175,231,0.8745667345649621,1.7015277418023582,-17.089405932353934,0.0,False,0.11766482869287483,0.12156862765550613,0.019780239043888443,0.05098039284348488,0.16078431904315948,389.5882478021085,8.045564850219407,2.0451242706965553,0.4023788005548995,0.10346292000935961,0.8300757674604773,0.010798617017757282,4.275732071422839,11.815397629015974,7.189527751434005
cdab367b30db47061df837c1ae9fa875d6057614f797332d37d3513517d6c694,8,145.93080471553048,42.85955920041005,1951.0,1998.0,1951.0,167.53910524340094,161.51854885907204,58.60852358199684,42.821155293120206,0.6827734331713918,-0.20052363343479251,0.9764764764764765,0.7960016319869441,1,49.84064959225855,119,23,176,66,0.9397716189738354,1.368681512229379,-11.489157888442014,0.0,False,0.10057989587345714,0.10588235408067703,0.02111569752464397,0.03921568766236305,0.1411764770746231,196.2313768491149,9.216347358693582,2.2308438323072073,0.38016484621416785,0.09301670294120054,0.8594854109890917,0.00874662438069197,4.900571389017479,13.532123328369687,7.314776818241727
cdab367b30db47061df837c1ae9fa875d6057614f797332d37d3513517d6c694,9,153.30997038499507,349.8756169792695,1013.0,1036.0,1013.0,137.14823227814082,132.9025441228046,57.91466734068254,23.04791023631666,0.9174013505132467,0.02529575710554654,0.9777992277992278,0.8222402597402597,1,35.91366952591617,127,338,183,360,0.7206970097680792,2.512794728323188,1.44934012173588,0.0,True,0.10543329100265202,0.10980392247438431,0.01822327070268879,0.054901961237192154,0.14509804546833038,106.8039237856865,11.425832016557365,2.5007715123613536,0.35500312845546206,0.10522004716968686,0.81257729478837,0.0112137974028736,5.847953400525663,17.00371063258907,6.991732831575328
cdab367b30db47061df837c1ae9fa875d6057614f797332d37d3513517d6c694,10,151.0695652173913,225.83478260869566,115.0,121.0,115.0,38.62741699796952,39.30260473550671,13.344632579510751,11.035814982127537,0.562223543590788,0.7364021740623901,0.9504132231404959,0.7371794871794872,1,12.100518486599809,145,220,158,232,0.9355457645897625,1.2092113361018046,42.19273659803317,0.0,False,0.07549872349785722,0.0784313753247261,0.012203726868286704,0.0470588244497776,0.10980392247438431,8.68235320225358,27.9251861202222,3.9141213960488175,0.27644047808549954,0.16618908893876358,0.48175954495602197,0.02775012409611191,16.714165465090197,39.136206775354204,5.708581487022886
cdab367b30db47061df837c1ae9fa875d6057614f797332d37d3513517d6c694,11,171.74108003857282,265.4691417550627,2074.0,2122.0,2074.0,174.75230867899737,168.35709453352143,63.087087339975135,41.9644429731686,0.7466805834989259,0.6117251846227986,0.9773798303487277,0.7134502923976608,1,51.38773020654568,144,240,201,291,0.9195085496571359,1.503346234818654,35.04927130074744,0.0,False,0.0961275944502426,0.09803921729326248,0.022949369773611065,0.05098039284348488,0.8823529481887817,199.36863088980317,1.1104458999929931,0.28517238786223825,0.8712943811651972,0.5596240251950197,0.27676400144189905,0.3137539054840292,1.0306726324245714,1.1902191675614149,2.1815037567571127
cdab367b30db47061df837c1ae9fa875d6057614f797332d37d3513517d6c694,12,195.08529048207663,128.28388957560776,2427.0,2494.0,2427.0,197.23759005323592,189.67447800308418,75.08686828000093,41.89345388212425,0.8298858874424689,-0.3799478970131768,0.9731355252606255,0.6785015376013419,1,55.58913900279658,162,106,235,155,0.8477383794201176,1.7923293813700132,-21.769410933726288,0.0,False,0.10356528430771916,0.10980392247438431,0.016894558952186056,0.04313725605607033,0.13725490868091583,251.3529450148344,10.544086735592701,2.280190884980775,0.39483037086396067,0.1284233570310166,0.7679093875020688,0.01660194972751327,5.665340830700713,15.422832640484689,6.66012103622609
cdab367b30db47061df837c1ae9fa875d6057614f797332d37d3513517d6c694,13,213.62197092084006,353.4474959612278,619.0,641.0,619.0,127.94112549695427,125.31806853105645,55.286988644928286,15.498101286475423,0.9599063307985692,0.029786894788342295,0.9656786271450858,0.6994350282485876,1,28.07374713484229,187,345,246,360,0.49530547393900765,3.5673394839131065,1.706663356172241,0.0,True,0.11444772108306021,0.11372549086809158,0.020388043074969203,0.062745101749897,0.15294118225574493,70.84313935041428,17.50953359074447,3.0479711958090787,0.319865968985505,0.09386681961687864,0.7724910453245253,0.008922330076440771,8.652801326414139,26.366265855074804,7.245607425174093
cdab367b30db47061df837c1ae9fa875d6057614f797332d37d3513517d6c694,14,235.71211298207496,177.53992395437263,1841.0,1910.0,1841.0,182.29646455628165,175.9021018791709,75.72045879457036,31.173434005323987,0.9113234838443114,0.09530440993082324,0.9638743455497382,0.7880993150684932,1,48.415224897313394,200,162,273,194,0.7476900386574595,2.4290060178047232,5.460540458020862,0.0,False,0.10445729872977715,0.10588235408067703,0.02001074925196614,0.05098039284348488,0.14509804546833038,192.30588696151972,12.690366555708533,2.673503093468398,0.33446958733351484,0.09375387355340066,0.8149289319959487,0.00891992513516385,6.172089577265153,19.208643534151907,7.251929319937435
cdab367b30db47061df837c1ae9fa875d6057614f797332d37d3513517d6c694,15,230.7610556348074,281.731455064194,2804.0,2865.0,2804.0,201.23759005323592,193.46671579895826,70.26712912979627,50.950182614415816,0.6886512699541811,0.9283961173232737,0.9787085514834206,0.7311603650586701,1,59.75084671732608,203,249,262,314,0.9414025159327868,1.379133999608373,53.19317923895599,0.0,False,0.12914044821844803,0.13333334028720856,0.02437307291695029,0.0470588244497776,0.18039216101169586,362.10981680452824,8.289139434154244,2.1005389044512683,0.39414099018253734,0.10685053438180397,0.8364050852920406,0.01157760269605073,4.069544505598712,12.508734362709774,7.345217702168296
cdab367b30db47061df837c1ae9fa875d6057614f797332d37d3513517d6c694,16,253.17115749525615,54.313851992409866,2635.0,2770.0,2635.0,206.79393923933998,198.73446514661276,77.76021372736722,44.73795122534137,0.8179198695934288,-0.8446821325766669,0.9512635379061372,0.6242596541104004,1,57.922242708454874,220,20,283,87,0.8383861648119058,1.7381263915214944,-48.39672122675288,0.0,False,0.08328608320831574,0.08627451211214066,0.012941324086302606,0.04313725605607033,0.10980392247438431,219.45882925391197,12.106253408836007,2.5501321371314267,0.36001498552044736,0.14432726073110289,0.7790450347517789,0.020945618527408262,7.071614450747823,17.14089236692419,6.212606493912771
cdab367b30db47061df837c1ae9fa875d6057614f797332d37d3513517d6c694,17,288.7645259938838,229.30224260958207,1962.0,2016.0,1962.0,172.36753236814712,166.0961848183436,64.43883870628899,38.80764700304887,0.7983150805350308,0.23066968634130633,0.9732142857142857,0.7718332022029898,1,49.98095624105635,258,210,320,251,0.8936954630083558,1.6604675542741987,13.216399488963345,0.0,False,0.10051768083243073,0.10588235408067703,0.01909100985989934,0.0470588244497776,0.1411764770746231,197.2156897932291,10.364774759342843,2.3578904525259206,0.37411919774246327,0.10709952733702356,0.8307266787256345,0.011578263225224573,5.468769978979989,15.2607795397057,7.033479463396816
cdab367b30db47061df837c1ae9fa875d6057614f797332d37d3513517d6c694,18,323.71028513238286,16.738798370672097,1964.0,2282.0,1964.0,213.36753236814715,205.3593213077516,78.9800433306879,35.90521653832164,0.890689961631181,0.3144600570894032,0.8606485539000877,0.6524916943521595,1,50.00642424588925,288,0,358,43,0.5852245100851984,2.1996815768091107,18.017234096665728,0.0,True,0.08600695082223585,0.08627451211214066,0.010561317960386112,0.0470588244497776,0.10980392247438431,168.91765141487122,10.359546966128129,2.3676422375359047,0.37667406839984796,0.16218142821156661,0.7572504118438084,0.02643498374110332,6.526378099291566,14.192715832964689,5.8224777812210675
cdab367b30db47061df837c1ae9fa875d6057614f797332d37d3513517d6c694,19,326.51576044129234,146.3944050433412,2538.0,2785.0,2538.0,234.40916292848976,224.9153389004905,76.14803948122224,44.90530892433481,0.8076146133821991,0.29358129649271,0.911310592459605,0.6972527472527472,1,56.84612532563537,290,122,360,174,0.6304684121955998,1.695746924033665,16.82096923301116,0.0,True,0.10361408790128733,0.10196078568696976,0.022357722911342786,0.0470588244497776,0.16862745583057404,262.97255509346724,7.40115987676374,2.0157256459357926,0.39388022325027905,0.08722377062789108,0.8669255055084134,0.0077241890663444345,3.669433422118447,11.132886331409033,7.571255772588517
cdab367b30db47061df837c1ae9fa875d6057614f797332d37d3513517d6c694,20,353.6332518337408,237.78484107579462,409.0,422.0,409.0,92.8700576850888,90.72785277593444,38.08742370520129,14.776927783120344,0.9216703440094847,-1.4952959400596293,0.9691943127962085,0.7303571428571428,1,22.820056393372074,346,216,360,256,0.6243842027073763,2.57749271460259,-85.67414648846368,0.0,True,0.09064672510242112,0.0941176488995552,0.014807849073846214,0.05098039284348488,0.11764705926179886,37.07451056689024,21.682180457886947,3.402503556746776,0.29850047707002103,0.13200615411554076,0.682342750325021,0.017545898713279974,11.410138758907877,31.954222156866017,6.3825563479026055
cdab367b30db47061df837c1ae9fa875d6057614f797332d37d3513517d6c694,21,355.3333333333333,292.40555555555557,180.0,183.0,180.0,55.798989873223334,55.58227665354262,23.23483780080556,10.65831113830303,0.8885802841939585,1.5698231720673559,0.9836065573770492,0.75,1,15.138795132120961,350,281,360,305,0.7321662505485098,2.179973684320958,89.94424234129872,0.0,True,0.07481481716450718,0.0784313753247261,0.012636241005768102,0.04313725605607033,0.0941176488995552,13.466667089611292,34.96761817271425,4.4852316285803004,0.2430241629762213,0.13837119083258856,0.6404643835998506,0.019226193283203727,18.75457067442362,51.18066567100489,6.025661003075368
431b9b0c520a28375b5a0c18d0a5039dd62cbca7c4a0bcc25af3b763d4a81bec,1,2.869565217391304,217.22826086956522,92.0,97.0,92.0,36.72792206135786,37.50177061258416,14.896438014105238,8.221859280641622,0.8338874131335278,-1.5264884525095568,0.9484536082474226,0.7666666666666667,1,10.823032759612019,0,210,8,225,0.8220422613802179,1.8118089237040238,-87.4613458042538,0.0,True,0.1423699957035158,0.15882353484630585,0.03930398961356985,0.062745101749897,0.19607843458652496,13.098039604723454,72.92889236559883,6.10017131284304,0.21925357570998144,0.116707627851782,0.4371069720275052,0.013680091608307132,34.09655083655084,111.76123389464681,6.462474575978195
431b9b0c520a28375b5a0c18d0a5039dd62cbca7c4a0bcc25af3b763d4a81bec,2,31.288343558282207,174.09815950920245,163.0,168.0,163.0,45.798989873223334,46.101682163857426,17.450661362019364,11.895342943039383,0.7316730789115217,1.313034892468218,0.9702380952380952,0.7990196078431373,1,14.406180819073164,26,166,38,183,0.963748963292444,1.4670162470793415,75.23135769184277,0.0,False,0.14430410611483216,0.14901961386203766,0.035527676043733025,0.07058823853731155,0.2078431397676468,23.521569296717644,50.97922227507712,5.407392941103961,0.18692262365320522,0.0820761676869084,0.5136480581814231,0.006744920504763222,26.474229258556072,75.48421529159815,7.4243125865904265
431b9b0c520a28375b5a0c18d0a5039dd62cbca7c4a0bcc25af3b763d4a81bec,3,69.43396226415095,34.15723270440252,159.0,166.0,159.0,44.62741699796952,44.990961429317835,16.01885894413095,12.633688048896015,0.6148091731798512,0.03130139143179087,0.9578313253012049,0.7644230769230769,1,14.228319915326999,62,28,78,41,0.9870892918084564,1.2679479564584266,1.793437621928574,0.0,False,0.15900851284745354,0.1725490242242813,0.038925298519238906,0.062745101749897,0.21176470816135406,25.282353542745113,54.19316814090687,5.4114847151189,0.21362944988285823,0.09691446810314622,0.47395144268041023,0.00940960477043764,26.860083348207908,81.52625293360583,7.113562774471784
431b9b0c520a28375b5a0c18d0a5039dd62cbca7c4a0bcc25af3b763d4a81bec,4,85.19339622641509,93.77830188679245,212.0,225.0,212.0,54.8700576850888,54.701593715130684,20.521470560781616,13.185665324619661,0.7662603315402526,0.21775353629073838,0.9422222222222222,0.7210884353741497,1,16.42944866646031,75,87,96,101,0.8903192546522858,1.5563469916428776,12.476358603508116,0.0,False,0.12299297546159546,0.13333334028720856,0.023678517137885508,0.062745101749897,0.1568627506494522,26.074510797858238,51.88789109158479,5.066409681946574,0.2513437637118499,0.11116021062955299,0.43592395071970624,0.012390920633244647,30.478891726466827,73.29689045670276,6.899732270633825
431b9b0c520a28375b5a0c18d0a5039dd62cbca7c4a0bcc25af3b763d4a81bec,5,118.4074074074074,67.34074074074074,135.0,142.0,135.0,42.87005768508881,43.324880327508446,16.412024934854557,10.511309734048002,0.7679882644091698,0.5549064171538791,0.9507042253521126,0.6490384615384616,1,13.110581167104948,111,61,127,74,0.9037928244214668,1.5613682167211846,31.79379572764314,0.0,False,0.17490196426709492,0.18039216101169586,0.05135375272623876,0.062745101749897,0.25882354378700256,23.611765176057816,55.498915820074174,5.798132179003829,0.16414028772623673,0.08749430520193315,0.5006122037373879,0.00767223651129036,25.446633611372896,85.55119802877545,7.204335924882029
431b9b0c520a28375b5a0c18d0a5039dd62cbca7c4a0bcc25af3b763d4a81bec,6,131.98181818181817,252.8,55.0,58.0,55.0,27.106601717798213,30.4726553881058,11.350173468421115,6.448474116804417,0.822932734582783,0.11368116021931564,0.9482758620689655,0.7638888888888888,1,8.368283871884005,127,250,139,256,0.7443067420256475,1.7601332133509078,6.513450690717294,0.0,True,0.25696970319206064,0.2705882489681244,0.10736495590924086,0.0784313753247261,0.42352941632270813,14.133333675563335,107.83050769618904,7.993358382121279,0.14912004331628684,0.1324397114373272,0.3354627291909398,0.01772695746979743,43.266198979591834,172.39481641278627,5.930520525657478
431b9b0c520a28375b5a0c18d0a5039dd62cbca7c4a0bcc25af3b763d4a81bec,7,147.3953488372093,250.7906976744186,129.0,135.0,129.0,42.14213562373095,42.634766939125484,16.238753458962616,10.292636432718822,0.7734710064257886,-0.28887439462257203,0.9555555555555556,0.7818181818181819,1,12.815923738491737,140,245,155,256,0.8918088704258227,1.577705922589662,-16.55128362127002,0.0,True,0.1520291881621346,0.16078431904315948,0.030694573464743698,0.07450980693101883,0.19607843458652496,19.611765272915363,51.469225728210155,5.146006622956607,0.21834588099598493,0.09669496441663791,0.4765629395988932,0.009374498372109515,26.824755978229078,76.11369547819123,6.9442947135457
431b9b0c520a28375b5a0c18d0a5039dd62cbca7c4a0bcc25af3b763d4a81bec,8,211.37295081967213,227.9016393442623,244.0,257.0,244.0,58.8700576850888,58.49383151100477,22.391665502256227,13.900239151632789,0.7839869008531998,-0.8863658995022689,0.9494163424124513,0.7134502923976608,1,17.625846048215095,203,219,221,238,0.8961476097232017,1.6108834717153766,-50.78502514579688,0.0,False,0.19443909127692707,0.2078431397676468,0.05127831431246886,0.08235294371843338,0.27843138575553894,47.443138271570206,46.95062220777509,4.9916333021273065,0.224995134261974,0.08147155394837124,0.5453198572794478,0.0066663302393874906,21.88955611674883,72.01168829880133,7.593497694342678
431b9b0c520a28375b5a0c18d0a5039dd62cbca7c4a0bcc25af3b763d4a81bec,9,212.16342412451363,44.3307392996109,257.0,271.0,257.0,60.2842712474619,59.834590041672,21.92267020216495,14.950668824241667,0.7313773639649326,-1.1828893369615043,0.948339483394834,0.7648809523809523,1,18.089294154193436,205,34,221,55,0.9020660700778026,1.4663337446561975,-67.7745666389225,0.0,False,0.10347142924304602,0.10588235408067703,0.016268407230481834,0.05882352963089943,0.13333334028720856,26.592157315462828,40.67184174690215,4.603689608477951,0.24760703861577904,0.11313518333274689,0.4008449641918384,0.012843387000459842,24.348647931270918,56.99503556253339,6.717267469281565
431b9b0c520a28375b5a0c18d0a5039dd62cbca7c4a0bcc25af3b763d4a81bec,10,248.07096774193548,102.23225806451613,155.0,162.0,155.0,44.62741699796952,44.99096142931783,15.541327121998979,12.746697859988886,0.5721044326946841,-1.11529024484238,0.9567901234567902,0.7380952380952381,1,14.048207338801282,242,95,256,110,0.9622568567944074,1.2192433909320362,-63.901423961580605,0.0,True,0.15187856194473082,0.16470588743686676,0.03518941490972366,0.062745101749897,0.20392157137393951,23.541177101433277,49.355945749332925,5.115868452704118,0.22484552551616888,0.10039390069177881,0.48503208099612877,0.010123126303682771,25.176030100036215,73.53586139862963,7.048493423640963
ef6634efb46567d87b811be786b18c4cd0e2cda23d79b65d6afe0d259ef3ade6,1,5.616935483870968,58.29838709677419,248.0,264.0,248.0,62.87005768508881,62.286069306878844,22.282641583105494,14.746302825932762,0.749694279509836,-1.5664838587446008,0.9393939393939394,0.7188405797101449,1,17.769732893161912,0,47,15,70,0.8033035671575846,1.5110663225984597,-89.75291378143304,0.0,True,0.15499684133476788,0.16078431904315948,0.03872227158002878,0.06666667014360428,0.22745098173618317,38.439216651022434,24.83001990665702,3.840897800180677,0.23539644877400998,0.09010316125720734,0.7126211682740116,0.00814848986745273,10.375305657668116,39.28473415564593,7.361288819801303
ef6634efb46567d87b811be786b18c4cd0e2cda23d79b65d6afe0d259ef3ade6,2,3.47008547008547,99.88888888888889,117.0,123.0,117.0,41.935028842544405,42.634766939125484,16.114996447784225,9.697616124946485,0.7986650070634597,-1.536187245497519,0.9512195121951219,0.7647058823529411,1,12.205286835384658,0,92,9,109,0.8088499057350486,1.6617482317462997,-88.01704570883511,0.0,True,0.12756829619662374,0.12941177189350128,0.032291603502912755,0.054901961237192154,0.18431372940540314,14.925490655004978,33.43680488406808,4.536775549545345,0.1989677647163154,0.09528632707648739,0.6557908781255677,0.009086959158465715,12.386030801209369,54.4875789669268,6.952102637483788
ef6634efb46567d87b811be786b18c4cd0e2cda23d79b65d6afe0d259ef3ade6,3,6.746212121212121,120.06439393939394,264.0,276.0,264.0,61.4558441227157,60.94531077621159,20.799809077237274,16.49145336766419,0.6093965213459496,1.4784892510892973,0.9565217391304348,0.7857142857142857,1,18.333991376950163,0,109,16,130,0.8931680904307773,1.261247787779623,84.71119414287459,0.0,True,0.13875520336582806,0.1411764770746231,0.03190315633386776,0.0784313753247261,0.250980406999588,36.631373688578606,17.552785583763402,2.9782280225774427,0.31083115839965264,0.10871295667368092,0.6746474278179726,0.01189304919705102,8.315711597628145,26.789859569898656,7.0038552672176415
ef6634efb46567d87b811be786b18c4cd0e2cda23d79b65d6afe0d259ef3ade6,4,22.538235294117648,172.98235294117646,340.0,350.0,340.0,66.2842712474619,65.52294673548313,21.574000138642692,20.182520762169997,0.3533213353031627,-0.5775476950357376,0.9714285714285714,0.8095238095238095,1,20.806283791440396,13,164,34,184,0.9951806886490077,1.068944776168935,-33.091045393056525,0.0,False,0.17331026952494594,0.1764705926179886,0.05050492068042395,0.06666667014360428,0.3019607961177826,58.92549163848162,26.709381041800107,3.9131626101244676,0.23844833771195395,0.07451524973675058,0.6499805613569147,0.0055835686134469206,12.24376508669518,41.17499699690504,7.816664947589449
ef6634efb46567d87b811be786b18c4cd0e2cda23d79b65d6afe0d259ef3ade6,5,23.303125,73.43125,320.0,335.0,320.0,65.94112549695429,65.19762416434098,21.597017700743447,18.922818108933306,0.48198881850510844,-0.08336576273407517,0.9552238805970149,0.7655502392344498,1,20.185060176161283,13,64,35,83,0.9460112523116017,1.141321423501274,-4.776506360551506,0.0,False,0.1435661799623631,0.13725490868091583,0.04943557476641884,0.05882352963089943,0.27843138575553894,45.94117758795619,27.265753386429893,3.877747101341519,0.24093786571656023,0.07628155776822253,0.6716585912838298,0.005882680588019669,10.300525635157609,44.23098113770218,7.717870140332886
ef6634efb46567d87b811be786b18c4cd0e2cda23d79b65d6afe0d259ef3ade6,6,28.816860465116278,47.0843023255814,344.0,364.0,344.0,69.11269837220809,68.2044637968176,22.188743761485135,19.846738262898857,0.4471664956823775,0.5872798744424313,0.945054945054945,0.7445887445887446,1,20.928315827817965,18,37,40,58,0.9292716941519108,1.1180045540764945,33.64865819852422,0.0,False,0.13734610514108872,0.13333334028720856,0.0560494290964576,0.04313725605607033,0.3294117748737335,47.24706016853452,18.8258531670482,3.1308380144562182,0.2916597426803336,0.08836724277399977,0.7065569394542018,0.007912746980761552,8.164181422254694,29.48752491184171,7.381132739392942
ef6634efb46567d87b811be786b18c4cd0e2cda23d79b65d6afe0d259ef3ade6,7,38.30061349693251,125.18711656441718,326.0,339.0,326.0,65.94112549695427,65.19762416434098,21.338948077090272,19.523596108138783,0.40361761817446484,0.5517127853444698,0.9616519174041298,0.7761904761904762,1,20.37341629633241,28,116,49,136,0.9637489632924442,1.092982458707734,31.610814103645257,0.0,False,0.21094671602538026,0.2137254923582077,0.07307972655702044,0.06666667014360428,0.4000000059604645,68.76862942427397,21.219354522232255,3.58888627913342,0.243180533735146,0.07809714564494964,0.7302808200674731,0.0061758859728769456,8.319683794311791,34.11902525015272,7.686760325904635
ef6634efb46567d87b811be786b18c4cd0e2cda23d79b65d6afe0d259ef3ade6,8,39.59842519685039,211.26509186351706,381.0,398.0,381.0,71.94112549695429,70.8859808581521,22.69504270805922,21.53656509368068,0.3154127041513576,0.05300851713141832,0.957286432160804,0.7871900826446281,1,22.025082668269306,29,201,51,223,0.9528271718205666,1.0537911969406144,3.037164309877191,0.0,False,0.180793582982435,0.16862745583057404,0.06674170683991149,0.07058823853731155,0.34117648005485535,68.88235511630774,24.77683348870257,3.6931119062639954,0.2610002787042312,0.0733869238260654,0.7632211152859308,0.005447949173964869,10.254205791733623,39.29946118567151,7.893872227098446
ef6634efb46567d87b811be786b18c4cd0e2cda23d79b65d6afe0d259ef3ade6,9,45.41192411924119,96.15447154471545,369.0,388.0,369.0,70.5269119345812,69.54522232748485,22.299707725581825,21.136421162602435,0.31876434755827504,0.8166579059761923,0.9510309278350515,0.762396694214876,1,21.675455981530703,35,86,57,108,0.9587417293108641,1.0550370639395492,46.79105131842743,0.0,False,0.20123280217330952,0.1921568661928177,0.09204719622729622,0.05882352963089943,0.49803921580314636,74.25490400195122,19.895868845728007,3.2611983583451245,0.2803834748730798,0.0819465835076546,0.7403513208439692,0.006822663327625012,7.230233625572547,32.56150406588347,7.554439512857272
ef6634efb46567d87b811be786b18c4cd0e2cda23d79b65d6afe0d259ef3ade6,10,77.74131274131274,157.18146718146718,259.0,271.0,259.0,58.526911934581186,58.16850893986262,18.974246230160272,17.44141000170383,0.39375621013425466,1.4487816497724164,0.955719557195572,0.7174515235457064,1,18.159544104586082,69,148,88,167,0.9619085060324069,1.0878848801964234,83.00907396796002,0.0,False,0.14618820856724465,0.15294118225574493,0.045452944742117786,0.054901961237192154,0.23529411852359772,37.86274601891637,36.506104236583255,4.655258825266582,0.20348113510098795,0.0742306554570151,0.6345025279361265,0.005530843812890033,16.09736402277979,56.91484445038672,7.8032558680404795
ef6634efb46567d87b811be786b18c4cd0e2cda23d79b65d6afe0d259ef3ade6,11,82.89473684210526,55.21052631578947,380.0,398.0,380.0,73.35533905932738,72.22673938881934,25.337470152034427,19.125895114019972,0.6559017396469478,-0.4974100229656048,0.9547738693467337,0.753968253968254,1,21.996159369293583,71,45,95,66,0.915371616165265,1.3247730368165171,-28.499495003434507,0.0,False,0.13467492619039198,0.125490203499794,0.06375081873172558,0.03529411926865578,0.32156863808631897,51.17647195234895,20.624325975292905,3.5103345456564563,0.24943955282645047,0.07281156437967508,0.7601436350708124,0.005394910754463668,7.754669681219716,33.49398226936609,7.858535130653875
ef6634efb46567d87b811be786b18c4cd0e2cda23d79b65d6afe0d259ef3ade6,12,93.87179487179488,207.35897435897436,234.0,257.0,234.0,62.07716446627535,63.071467470276296,17.86844495780294,17.10002872752775,0.29010141307145093,1.1998347172255845,0.9105058365758755,0.7647058823529411,1,17.26088217525478,86,199,103,217,0.7391964115764194,1.0449365461613633,68.74546541029856,0.0,False,0.1730350304681521,0.1725490242242813,0.05596155363596368,0.07058823853731155,0.29019609093666077,40.490197129547596,41.5335780856279,5.047815175162308,0.1833947563620946,0.07130911267867263,0.6088416876666279,0.00510129416730953,17.64000853637025,65.42714763488556,7.829583881536319
ef6634efb46567d87b811be786b18c4cd0e2cda23d79b65d6afe0d259ef3ade6,13,100.38442822384428,172.676399026764,411.0,436.0,411.0,77.42640687119285,76.47905277694872,26.726836246809917,19.75817738499742,0.6734161554330467,-0.6144865050113804,0.9426605504587156,0.685,1,22.875783109789968,88,160,113,184,0.8830121616322331,1.3526974541236718,-35.207483304896606,0.0,False,0.18074519870635078,0.16470588743686676,0.06827677026584464,0.06666667014360428,0.35686275362968445,74.28627666831017,19.51728417681162,3.3860587642225703,0.25535469059702925,0.07404796512556365,0.7957507371165591,0.005569982064193179,7.116363735359373,31.918204618263868,7.862920333668295
ef6634efb46567d87b811be786b18c4cd0e2cda23d79b65d6afe0d259ef3ade6,14,104.33949191685912,12.84295612009238,433.0,447.0,433.0,75.94112549695427,74.67821865402618,24.76726214552143,22.397468284640116,0.42686049377780816,-0.8923727433184852,0.9686800894854586,0.7844202898550725,1,23.480049464818542,94,1,117,25,0.9756855218583523,1.1058063273386343,-51.129191944660334,0.0,False,0.15891862931654854,0.14901961386203766,0.06364377065810159,0.05882352963089943,0.3607843220233917,68.81176649406552,18.25817906179346,3.241914309814897,0.2704564239957244,0.07895269687005645,0.7644318792631211,0.006379991075439375,6.804747420686228,29.71161070290069,7.685423611256224
ef6634efb46567d87b811be786b18c4cd0e2cda23d79b65d6afe0d259ef3ade6,15,103.36571428571429,74.78857142857143,350.0,359.0,350.0,66.8700576850888,66.07830710275292,22.02232045711984,20.322596593353072,0.38523589920169743,-1.2134476354977495,0.9749303621169917,0.8333333333333334,1,21.11004122822376,94,65,114,86,1.0,1.0836371403604348,-69.52542817415014,0.0,False,0.1554285755008459,0.1509803980588913,0.06478246675239688,0.05098039284348488,0.30980393290519714,54.40000142529607,24.596097607005042,3.8298464811570234,0.2337177489790601,0.0678378742837697,0.7716733554218569,0.004648894004204008,9.682995201828309,39.50920001218178,8.02268401051863
ef6634efb46567d87b811be786b18c4cd0e2cda23d79b65d6afe0d259ef3ade6,16,113.36760925449872,117.01285347043702,389.0,412.0,389.0,75.01219330881976,73.79753571561425,24.78095061653634,20.25561123897192,0.5760898577120745,0.05991327477637631,0.9441747572815534,0.7409523809523809,1,22.255115881567058,102,107,127,128,0.8975853292771975,1.2234116425406922,3.4327777814939737,0.0,False,0.15896971020991207,0.1568627506494522,0.052250958264885704,0.05882352963089943,0.3176470696926117,61.8392172716558,17.519076129204112,3.0072782173276114,0.3104320893522582,0.09251461155126159,0.7516141166806383,0.008641395030696091,7.100248498382021,27.937903760026206,7.449924557247686
ef6634efb46567d87b811be786b18c4cd0e2cda23d79b65d6afe0d259ef3ade6,17,111.81376518218623,210.61943319838056,247.0,268.0,247.0,61.526911934581186,65.19762416434098,22.313599860563816,14.6104704616462,0.7558206279226407,1.3634679799498512,0.9216417910447762,0.6711956521739131,1,17.733870630789692,103,201,119,224,0.7302024353780175,1.5272334945776747,78.12096075235442,0.0,False,0.13419068425230168,0.125490203499794,0.050808631598138754,0.05098039284348488,0.2980392277240753,33.14509901031852,22.715539179146905,3.3036564008788813,0.30974726189659013,0.0913448464780417,0.7055401634122072,0.008405988350483791,10.56633012455381,34.86474823374,7.319741422933829
ef6634efb46567d87b811be786b18c4cd0e2cda23d79b65d6afe0d259ef3ade6,18,116.788,150.076,250.0,261.0,250.0,57.4558441227157,57.15307298033751,19.30505428640615,16.496525664481947,0.5194209907444487,1.1766876114479643,0.9578544061302682,0.7739938080495357,1,17.841241161527712,109,141,126,160,0.961768834828659,1.1702497046375735,67.41923394129805,0.0,False,0.13639216101169585,0.1411764770746231,0.03945721752152205,0.062745101749897,0.239215686917305,34.098040252923965,31.231242269864975,4.1865877159228955,0.2420020512624556,0.08398202382721792,0.6098655650682872,0.007089938360941106,14.368094590453943,48.09438994927601,7.509135297092817
ef6634efb46567d87b811be786b18c4cd0e2cda23d79b65d6afe0d259ef3ade6,19,133.40823970037454,183.7378277153558,534.0,597.0,534.0,103.08326112068522,102.14403440965535,35.05132837991715,20.02240001630043,0.8207894485613599,0.5269055739112606,0.8944723618090452,0.6379928315412187,1,26.075082298788182,118,171,149,198,0.6431690039898045,1.750605739141238,30.189465587033688,0.0,False,0.13863553307001733,0.12941177189350128,0.049838881269933716,0.054901961237192154,0.29411765933036804,74.03137465938926,14.612322372586176,2.8547912970692257,0.30632261781764597,0.07995267811288256,0.8127781493621118,0.00652746379317355,5.636487082973076,23.588157662199276,7.6721296632244185
ef6634efb46567d87b811be786b18c4cd0e2cda23d79b65d6afe0d259ef3ade6,20,134.42181818181817,204.15272727272728,275.0,287.0,275.0,61.62741699796952,61.5006711434814,19.62429330869155,17.955948982718272,0.40348612596915645,-0.7101874767980405,0.9581881533101045,0.804093567251462,1,18.712051592547777,126,195,144,214,0.9136562880873571,1.092913180338114,-40.6907450835728,0.0,False,0.13671301646666092,0.13333334028720856,0.038441374971532626,0.062745101749897,0.24705882370471954,37.59607952833176,24.467848141345435,3.682024214101648,0.26338193513518143,0.08788352705718479,0.6732867709971018,0.007822747341570476,9.995690689982533,38.94000559270834,7.465551043124151
ef6634efb46567d87b811be786b18c4cd0e2cda23d79b65d6afe0d259ef3ade6,21,136.40890688259108,225.76113360323887,247.0,260.0,247.0,58.94112549695428,58.953907103260065,18.55834890348175,17.012007552112024,0.3996294250160421,1.2469984051912992,0.95,0.7222222222222222,1,17.733870630789692,128,216,146,235,0.8930620438789231,1.0908970529570303,71.44774567700597,0.0,False,0.13249186694863355,0.13333334028720856,0.03697633287672338,0.062745101749897,0.21568627655506134,32.725491136312485,29.407815808479764,4.317415861115273,0.2021603791425386,0.07542903196685978,0.6919249542284911,0.0057232711818859415,11.873912519099427,46.9417190978601,7.690665362525774
ef6634efb46567d87b811be786b18c4cd0e2cda23d79b65d6afe0d259ef3ade6,22,151.83724137931034,159.40275862068967,725.0,755.0,725.0,105.63961030678928,102.83414779803832,36.00127759518148,26.019842078463277,0.6911119315556457,1.2482350952677121,0.9602649006622517,0.7192460317460317,1,30.38253889873249,138,143,166,179,0.8615354730493952,1.3836086124819287,71.51860279895014,0.0,False,0.15167005099099257,0.15294118225574493,0.049131896581110876,0.054901961237192154,0.27843138575553894,109.96078696846962,17.261328286076882,3.1347342870863066,0.28435054307717056,0.06961821888827938,0.7804759926322064,0.004928910212441134,6.8665379557519195,27.656118616401844,8.028407971800185
ef6634efb46567d87b811be786b18c4cd0e2cda23d79b65d6afe0d259ef3ade6,23,148.9191176470588,106.16911764705883,136.0,158.0,136.0,45.798989873223334,49.338559592461706,15.285446738942023,11.818425749443913,0.6341847172520142,-1.0930198506227697,0.8607594936708861,0.6476190476190476,1,13.159049284959082,143,100,157,115,0.7020626024629492,1.2933572595031315,-62.625424364704394,0.0,False,0.12782584010239909,0.12745098769664764,0.0338596717060374,0.06666667014360428,0.239215686917305,17.384314253926277,26.76227293228009,3.985912124390113,0.22812680082692852,0.09870822072262754,0.545485675888549,0.009760145737655814,13.154159269343435,40.37038659521674,6.887708218972092
ef6634efb46567d87b811be786b18c4cd0e2cda23d79b65d6afe0d259ef3ade6,24,153.69718309859155,118.71126760563381,284.0,301.0,284.0,62.52691193458119,61.9607467357367,21.32912210333963,17.216514276411775,0.5903006731653463,-0.4402702373301007,0.9435215946843853,0.7117794486215538,1,19.015783725757565,143,110,164,129,0.9295974373403416,1.238875753877921,-25.225626444237875,0.0,False,0.17666390969772156,0.18039216101169586,0.06305558488582541,0.05882352963089943,0.3019607961177826,50.17255035415292,25.697638683412233,4.025750376231708,0.209451506196361,0.06929467923354679,0.7638871330911468,0.004842778144303922,9.845345976395683,41.549931390428775,7.9204894431105615
ef6634efb46567d87b811be786b18c4cd0e2cda23d79b65d6afe0d259ef3ade6,25,193.5084745762712,186.76949152542372,295.0,306.0,295.0,61.698484809834994,61.175348572339246,20.47822994969857,18.376319207265173,0.4413017569914958,0.011009402750653758,0.9640522875816994,0.7763157894736842,1,19.38054864282415,184,178,204,197,0.9905558673796351,1.114381488410497,0.6307923125721797,0.0,False,0.15964108085480788,0.16470588743686676,0.05560529910647068,0.05882352963089943,0.30588236451148987,47.09411885216832,25.72989081847433,3.830626739258263,0.2429150188752847,0.07527034676426561,0.6911296241338358,0.005708716857312324,10.715430210607042,40.744351426341616,7.745003265747513
ef6634efb46567d87b811be786b18c4cd0e2cda23d79b65d6afe0d259ef3ade6,26,195.18150684931507,208.79109589041096,292.0,307.0,292.0,63.112698372208094,62.51610710300649,20.039330068796584,18.595768860314134,0.37267084428286124,0.542566535337921,0.9511400651465798,0.7684210526315789,1,19.281751659604673,186,200,206,219,0.9388773507934041,1.0776284766349835,31.086772579898508,0.0,False,0.1487778708951114,0.15490196645259857,0.047740436339003864,0.054901961237192154,0.24313725531101227,43.44313830137253,36.338579679858995,4.502709720106629,0.2258398000595976,0.07941433902779979,0.6357918528865727,0.006347815991771515,14.847000309647505,57.83015905007048,7.727026705131792
ef6634efb46567d87b811be786b18c4cd0e2cda23d79b65d6afe0d259ef3ade6,27,218.78602620087335,18.572052401746724,229.0,239.0,229.0,54.2842712474619,54.146233347860885,17.771300803327296,16.457254598670065,0.3773813079284535,1.5583202911384375,0.9581589958158996,0.7483660130718954,1,17.075475271404667,211,10,228,28,0.9815419040018504,1.0798460154322107,89.28517581183017,0.0,False,0.1600993270436749,0.16078431904315948,0.0487212518084308,0.06666667014360428,0.250980406999588,36.662745893001556,38.326446429179,4.7988323568442,0.19569891275011522,0.0732456556116527,0.657294786140929,0.005380215862770651,17.058723825143996,59.594169033214,7.7811181707466766
ef6634efb46567d87b811be786b18c4cd0e2cda23d79b65d6afe0d259ef3ade6,28,237.8783783783784,211.20945945945945,296.0,315.0,296.0,65.94112549695427,65.19762416434098,20.3081485634617,18.760004207825197,0.3829541971348575,-0.9707656418161265,0.9396825396825397,0.671201814058957,1,19.413369239820483,228,202,249,223,0.8750604083882316,1.0825236678246979,-55.62077417237263,0.0,False,0.20667727082665707,0.21176470816135406,0.05939916325106225,0.08235294371843338,0.3764705955982208,61.176472164690495,26.863220620280032,3.8352657498569798,0.2533484232808523,0.08261529814076121,0.582949216648117,0.006876537157548485,12.229552493853365,41.496888746706695,7.600727216544069
ef6634efb46567d87b811be786b18c4cd0e2cda23d79b65d6afe0d259ef3ade6,29,238.8125,173.37867647058823,272.0,285.0,272.0,60.698484809834994,60.619988205069454,19.486949177349697,17.852061379471397,0.40094197601898574,0.7189833379211829,0.9543859649122807,0.7534626038781164,1,18.609705966725112,230,165,249,184,0.930137326483183,1.0915797768743,41.19471080311205,0.0,False,0.20987601523451946,0.21568627655506134,0.052286693510608814,0.0941176488995552,0.3176470696926117,57.08627614378929,27.29279660305427,4.038401057294276,0.22391995760898678,0.07407213199214628,0.6884503639223314,0.00551441141902205,11.6079938593607,42.977599346747844,7.751981397002445
ef6634efb46567d87b811be786b18c4cd0e2cda23d79b65d6afe0d259ef3ade6,30,248.05454545454546,5.751515151515152,165.0,178.0,165.0,47.79898987322333,51.4647162865264,15.071918970178158,14.374069046164179,0.30076377880689237,0.6718851259069059,0.9269662921348315,0.7857142857142857,1,14.494292838262302,241,0,256,14,0.7828429455041481,1.0485492258157898,38.496182032081634,0.0,True,0.1852644134651531,0.18431372940540314,0.04993424007874342,0.08235294371843338,0.2862745225429535,30.56862822175026,43.28348954723695,5.1337570692634165,0.17592900575962556,0.08137688409010428,0.5628160974491951,0.0066397564892099695,18.726170789696624,67.84080830477727,7.419849456434422
ef6634efb46567d87b811be786b18c4cd0e2cda23d79b65d6afe0d259ef3ade6,31,253.64864864864865,184.86486486486487,37.0,43.0,37.0,23.863961030678926,30.4726553881058,11.937265846940297,4.323632168607967,0.9321018841238267,1.4355755621194062,0.8604651162790697,0.6166666666666667,1,6.863662517577698,251,180,256,192,0.5007154446354356,2.7609346450911456,82.25242088156271,0.0,True,0.17625861494122325,0.18431372940540314,0.039225710244837335,0.10196078568696976,0.24313725531101227,6.52156875282526,115.37863636363635,8.668352272727272,0.09756375359092496,0.17747377677998494,0.1307442831900355,0.03375981117998163,53.25537878787879,177.5018939393939,5.095448554239027
66236902b874b7e4b3891db63a69f6d56f6edcec6aca7ba3c6871d73e7b4c34f,1,1.3934426229508197,35.09836065573771,61.0,66.0,61.0,34.071067811865476,39.16785171439355,18.290815197914995,4.238168203469901,0.9727848628566954,1.5628098290310546,0.9242424242424242,0.8026315789473685,1,8.812923024107548,0,26,4,45,0.49966645615617866,4.31573602551683,89.54240738504119,0.0,True,0.09109611259620698,0.09019608050584793,0.01643033422340599,0.062745101749897,0.11764705926179886,5.556862868368626,153.2288162370211,10.142148675259577,0.09589934208460037,0.16311694299685695,0.1251062274164183,0.027624824182598585,57.276629072681715,249.18100340136053,5.4494395935329125
66236902b874b7e4b3891db63a69f6d56f6edcec6aca7ba3c6871d73e7b4c34f,2,11.280245022970904,103.22128637059724,1306.0,1338.0,1306.0,152.66904755831212,147.42085016401666,60.50553128356089,28.72053427641989,0.8801605120648788,-1.527210638092115,0.976083707025411,0.7773809523809524,1,40.77806819142028,0,75,28,135,0.7551534626599611,2.106699363640916,-87.5027239901596,0.0,True,0.14937093248376893,0.1568627506494522,0.024450372980352637,0.054901961237192154,0.1882352977991104,195.07843782380223,10.070427406131635,2.136702581430037,0.41737318752182306,0.13766147153995895,0.7850511679611833,0.019161490701801877,5.166360809873495,14.974494002389777,6.85650648262571
66236902b874b7e4b3891db63a69f6d56f6edcec6aca7ba3c6871d73e7b4c34f,3,26.726685796269727,171.38880918220946,2788.0,2838.0,2788.0,200.16652224137044,192.45127983943314,67.71344803692259,52.88327558749953,0.6245481496700966,-1.3890150244281276,0.9823819591261451,0.7884615384615384,1,59.580129663518136,0,137,52,205,0.9459344150311472,1.2804321836094545,-79.58469857999266,0.0,True,0.11733761313805621,0.12156862765550613,0.021927726408347108,0.0470588244497776,0.16862745583057404,327.1372654289007,6.321763115126595,1.865483727956447,0.4117643316754166,0.09230961837742149,0.882256500811516,0.008617652012153844,3.4724766703415773,9.171049559911614,7.4118871894172145
66236902b874b7e4b3891db63a69f6d56f6edcec6aca7ba3c6871d73e7b4c34f,4,15.496641074856045,280.6453934740883,2084.0,2126.0,2084.0,187.29646455628165,180.2497000423148,71.3350272305451,38.54558897564031,0.8414429963769132,-1.5698502354531294,0.980244590780809,0.8162945554249902,1,51.51146679359926,0,247,37,316,0.8060434947319713,1.850666421925133,-89.94579295908287,0.0,True,0.12828083721395303,0.13333334028720856,0.025182436342056747,0.05098039284348488,0.1921568661928177,267.3372647538781,6.797004371309721,1.904852183689941,0.4203012313822615,0.10987463493821158,0.862457319345818,0.012238925319504143,3.3226570569575045,10.271351685661937,7.145643906157937
66236902b874b7e4b3891db63a69f6d56f6edcec6aca7ba3c6871d73e7b4c34f,5,38.63663663663664,353.2882882882883,666.0,685.0,666.0,132.56244584051393,128.55494595966076,57.80884526231453,15.78967190667405,0.9619754525776758,-0.01648148967850475,0.9722627737226277,0.7278688524590164,1,29.120053859730724,8,345,69,360,0.5064149439543837,3.6611809038210366,-0.9443197986667503,0.0,True,0.08713419511690512,0.09019608050584793,0.013501160086665043,0.0470588244497776,0.11764705926179886,58.03137394785881,11.672486059722864,2.5624281926921197,0.3495538279829893,0.12961679469782086,0.7931937475443644,0.016924752096277244,6.650232584881602,16.694739534564125,6.353782207262917
66236902b874b7e4b3891db63a69f6d56f6edcec6aca7ba3c6871d73e7b4c34f,6,69.5318202047174,317.51001335113483,2247.0,2298.0,2247.0,179.5391052434009,172.89526224669427,62.73646292363779,45.85801736330263,0.6824173652959348,-0.20227823900848055,0.9778067885117493,0.800784034212402,1,53.48802910016325,39,295,100,341,0.9445974112704731,1.3680587720707251,-11.589689382524469,0.0,False,0.08790980764711545,0.09019608050584793,0.015946828735259162,0.03529411926865578,0.125490203499794,197.53333778306842,8.190607521377194,2.119135541648349,0.39445155459298253,0.1108566095576721,0.833715436740564,0.012418510316507526,4.5973603337246205,11.78385470902977,6.838254660210808
66236902b874b7e4b3891db63a69f6d56f6edcec6aca7ba3c6871d73e7b4c34f,7,68.61318468250121,18.650024236548717,2063.0,2108.0,2063.0,183.53910524340094,176.68750004256836,67.78036527052696,39.85089259669252,0.8089034188766989,-0.4081103641958488,0.9786527514231499,0.7381037567084079,1,51.251274918665594,39,0,104,43,0.8304193113605509,1.7008493625598862,-23.38300144396908,0.0,True,0.14800642999597852,0.15294118225574493,0.02571142962688216,0.062745101749897,0.21176470816135406,305.33726508170366,8.05499279105018,1.982337518346779,0.4247394843537376,0.12042788488274833,0.8115064484076274,0.014666066018499188,3.949524026178568,12.160461555921792,6.995741551535454
66236902b874b7e4b3891db63a69f6d56f6edcec6aca7ba3c6871d73e7b4c34f,8,79.5220588235294,253.21519607843138,2040.0,2099.0,2040.0,172.50966799187808,166.23093783945671,59.17762277459334,44.656570034586075,0.6561629913293027,0.15045249660120502,0.9718913768461171,0.723404255319149,1,50.964778732569144,49,232,109,279,0.9277187225024148,1.325171698783871,8.62029307245541,0.0,False,0.09895617327123296,0.10196078568696976,0.023338239064638954,0.04313725605607033,0.14901961386203766,201.87059347331524,8.596094795040994,2.1654456649273626,0.3836399975495739,0.0819790041022059,0.8898076997947356,0.006827535437952645,4.285742195357458,12.90644739472453,7.6100859667355065
66236902b874b7e4b3891db63a69f6d56f6edcec6aca7ba3c6871d73e7b4c34f,9,94.16746905089408,165.7376203576341,2908.0,2963.0,2908.0,201.23759005323592,193.46671579895826,66.3563450812002,55.88675389226953,0.5391313427110116,0.6616623205893071,0.9814377320283496,0.7693121693121693,1,60.84883397477599,63,137,126,197,0.9763190143839314,1.1873358257506321,37.91045843259933,0.0,False,0.1313981761594791,0.13725490868091583,0.026266535057864263,0.0470588244497776,0.19607843458652496,382.10589627176523,7.023002190103176,1.9364702332383796,0.4132540749287622,0.11339481195474317,0.8471560518091752,0.013003651070984966,3.5008559460147604,10.54514843419159,7.068964138120888
66236902b874b7e4b3891db63a69f6d56f6edcec6aca7ba3c6871d73e7b4c34f,10,136.95076400679116,349.2665534804754,1178.0,1198.0,1178.0,151.84062043356596,146.63545200061918,62.223051029376435,25.638187554866256,0.9111671997373826,-0.02130091189485312,0.9833055091819699,0.7791005291005291,1,38.728234967501706,106,336,169,360,0.6884575865013022,2.4269676199309256,-1.220452351355097,0.0,True,0.09048237481766423,0.09019608050584793,0.019167368742314752,0.04313725605607033,0.13333334028720856,106.58823753520846,8.432388278637315,2.1833316495122483,0.3822201702447666,0.09696135267516198,0.8822278845194046,0.009511026257771985,4.589120040491057,12.275656516783574,7.080683202324396
66236902b874b7e4b3891db63a69f6d56f6edcec6aca7ba3c6871d73e7b4c34f,11,143.46421125781794,21.37178596247394,1439.0,1501.0,1439.0,150.36753236814712,145.23887694103615,52.27815763888863,35.99742023028325,0.7251653534598078,0.7022275831225555,0.9586942038640907,0.6803782505910165,1,42.804108504603846,122,0,169,45,0.8572448679465549,1.4522751159514766,40.23467677059463,0.0,True,0.12084372732801268,0.125490203499794,0.021746539898152478,0.054901961237192154,0.16862745583057404,173.89412362501025,9.72161211985036,2.298301912112228,0.3610206403543693,0.09068860190416375,0.8059352225490697,0.008310631148119293,4.962230798051026,14.480993441649693,7.4745413554590066
66236902b874b7e4b3891db63a69f6d56f6edcec6aca7ba3c6871d73e7b4c34f,12,159.1395793499044,80.7151051625239,1569.0,1612.0,1569.0,150.61017305526642,145.4689147371638,51.51119400863212,39.351886626755956,0.6452775124743811,-1.4416249767190836,0.9733250620347395,0.7400943396226415,1,44.695781072596446,141,56,181,109,0.9317350004259821,1.308989185123563,-82.59902680664905,0.0,False,0.11606743789311805,0.12156862765550613,0.025049409206846934,0.0470588244497776,0.16470588743686676,182.10981005430222,11.423656111485574,2.4739196943371993,0.35341871306792977,0.08385642190405157,0.8487506723131948,0.007108253809602301,5.410085053123103,17.437227169848043,7.658997236148244
66236902b874b7e4b3891db63a69f6d56f6edcec6aca7ba3c6871d73e7b4c34f,13,203.18104312938817,340.2071213640923,1994.0,2247.0,1994.0,198.0243866176395,190.42040792038296,66.61704840445864,41.45211704812023,0.7828226579753702,0.13238236252333443,0.8874054294615042,0.7479369842460615,1,50.38689960894512,172,317,234,360,0.6910477155892502,1.6070843457072501,7.584950654557902,0.0,True,0.105249082656538,0.10588235408067703,0.01898391855967439,0.0470588244497776,0.16078431904315948,209.86667081713676,6.242368005935106,1.8304776298555225,0.42264400067379704,0.10547300892464091,0.843102978030152,0.011224780770511249,3.4564568708171555,9.028279141053057,7.137817806347889
66236902b874b7e4b3891db63a69f6d56f6edcec6aca7ba3c6871d73e7b4c34f,14,227.71527777777777,197.34188034188034,3744.0,3950.0,3744.0,250.55129855222071,240.21904310509996,82.10545806934654,60.43776264743342,0.6768736633664381,0.35325116218224506,0.9478481012658228,0.6782608695652174,1,69.04352870101911,186,162,266,231,0.8153251495103687,1.3585125337665567,20.239800701133998,0.0,False,0.10519733807891926,0.10588235408067703,0.02118623766489599,0.0470588244497776,0.16470588743686676,393.8588337674737,8.778834979947089,2.1990908143769894,0.3766072283306678,0.0829458191732938,0.8456355302826519,0.007007198230815614,4.426200524912495,13.131469434981682,7.568221115791655
66236902b874b7e4b3891db63a69f6d56f6edcec6aca7ba3c6871d73e7b4c34f,15,211.29900435594274,118.37958929682638,3214.0,3306.0,3214.0,223.92388155425118,214.97466881855,82.99209295467796,49.79021742188931,0.8000455280059483,1.4555042476395856,0.9721718088324259,0.7977165549764209,1,63.970242275442516,186,80,237,159,0.8739390783082661,1.666835319304954,83.39425045311248,0.0,False,0.11944678702925442,0.12156862765550613,0.023154284763424588,0.03921568766236305,0.1725490242242813,383.9019735120237,6.922982372899401,1.870324026204594,0.4294910920372795,0.11015999704572704,0.8475239329675559,0.012274742642928918,3.6602239936506287,10.185740752148174,7.160247445699284
66236902b874b7e4b3891db63a69f6d56f6edcec6aca7ba3c6871d73e7b4c34f,16,226.58778625954199,53.69007633587786,1965.0,2033.0,1965.0,175.29646455628165,168.87298665469257,64.43252773300334,39.81003764165687,0.786291103127939,-0.01936578208804487,0.9665518937530743,0.7797619047619048,1,50.01915338552418,195,36,258,76,0.8658687187069536,1.6184995430796005,-1.1095775806150179,0.0,False,0.09672404494676881,0.09803921729326248,0.01686068897280824,0.04313725605607033,0.12941177189350128,190.06274832040071,12.25152601420553,2.522811342316617,0.3624275816691011,0.11093553643864591,0.782200801978995,0.012422045009215097,6.781435620122338,17.72161640828872,6.896269848186508
66236902b874b7e4b3891db63a69f6d56f6edcec6aca7ba3c6871d73e7b4c34f,17,262.64651874521803,341.95256312165264,1307.0,1331.0,1307.0,143.0538238691624,138.30504649157228,54.63778433154873,31.458906499634324,0.8176102990276706,0.6604031164734161,0.9819684447783621,0.6952127659574469,1,40.79367702192164,242,320,289,360,0.8586366019244883,1.7367985861868351,37.83831135121327,0.0,True,0.09454071020968287,0.0941176488995552,0.015416078997018927,0.04313725605607033,0.20000000298023224,123.56470824405551,4.487935454923726,1.3427275989072354,0.533701144766703,0.15937985609744215,0.6965683443976487,0.025638108882583416,3.0203896352427773,5.955481274604674,5.9020888679953405
66236902b874b7e4b3891db63a69f6d56f6edcec6aca7ba3c6871d73e7b4c34f,18,272.1021788129226,142.1359879789632,2662.0,2725.0,2662.0,195.58073580374355,188.10368167628928,65.10224803933833,52.27146203509934,0.5960957997515157,1.1517697372740414,0.9768807339449541,0.7427455357142857,1,58.2182417124135,244,111,300,175,0.9454168172743397,1.2454644562194062,65.99154491669424,0.0,False,0.07599917763129022,0.07450980693101883,0.010893487254200668,0.04313725605607033,0.11372549086809158,202.30981085449457,8.77255155494353,2.1844589394471727,0.39590302091834045,0.14617267904915626,0.7694132648040115,0.021551145454221043,5.342423152464347,12.202679957422713,6.056587773697174
66236902b874b7e4b3891db63a69f6d56f6edcec6aca7ba3c6871d73e7b4c34f,19,296.88579387186627,312.9008356545961,1795.0,1863.0,1795.0,168.05992052357226,165.4455396760593,61.73837372801742,37.23825940682908,0.7976184812314941,0.4033411457816503,0.9634997316156736,0.7033699059561128,1,47.806537029988036,268,292,326,336,0.8240701636542763,1.6579285581939767,23.10974535725943,0.0,False,0.1022950477462293,0.10588235408067703,0.015444628842330775,0.05098039284348488,0.12941177189350128,183.6196107044816,13.964590727084742,2.71854001580373,0.34629550535320663,0.11837862646495728,0.7504652376626725,0.01413887674150267,7.428709534888025,20.50047191928146,6.709053625522594
66236902b874b7e4b3891db63a69f6d56f6edcec6aca7ba3c6871d73e7b4c34f,20,301.6048177083333,17.305989583333332,1536.0,1570.0,1536.0,152.71067811865476,147.46031841011532,55.17710957618959,36.6219453804739,0.7479844332467972,-0.5379427727976541,0.978343949044586,0.7204502814258912,1,44.223251132330944,278,0,330,41,0.8876683699217152,1.5066679009796387,-30.82185050087053,0.0,True,0.08784467113097587,0.09019608050584793,0.015608453786739869,0.03921568766236305,0.125490203499794,134.92941485717893,7.505897715343701,2.008134593107962,0.4129535039763509,0.11701144680474919,0.8563278457049263,0.013800764980502096,4.508373524321202,10.5034219063662,6.67694648641525
66236902b874b7e4b3891db63a69f6d56f6edcec6aca7ba3c6871d73e7b4c34f,21,301.7931844888367,260.67606737171957,2553.0,2622.0,2553.0,192.2670273047588,184.9620890226995,66.14876209475418,49.254965558151625,0.6675008561144515,-1.513393091333009,0.9736842105263158,0.7894248608534323,1,57.01386285552726,278,228,327,294,0.9377676246865987,1.3429866683523983,-86.71103687763814,0.0,False,0.1313134147386153,0.13333334028720856,0.02832775053737085,0.05098039284348488,0.1921568661928177,335.2431478276849,7.40188068518303,2.0057551379826766,0.4027426867641025,0.0932445297330679,0.885983290733411,0.008844681317378238,3.715107538563052,11.088653831803008,7.479247250467731
66236902b874b7e4b3891db63a69f6d56f6edcec6aca7ba3c6871d73e7b4c34f,22,322.097775175644,175.81440281030444,1708.0,1836.0,1708.0,169.88225099390857,163.73999032815124,66.37999446029295,34.26661152690919,0.8564566469518303,-0.1999121625445414,0.9302832244008714,0.7368421052631579,1,46.63360529068772,294,159,355,197,0.8005495349541907,1.9371624885689522,-11.454123187135517,0.0,False,0.10756302754933438,0.10980392247438431,0.018311436092617196,0.05098039284348488,0.14509804546833038,183.71765105426311,11.718039877526609,2.56443258817777,0.34444291988281994,0.10295765199870224,0.7978578701985679,0.010708858078218796,6.141590710557491,17.294489044495727,7.109221473027462
66236902b874b7e4b3891db63a69f6d56f6edcec6aca7ba3c6871d73e7b4c34f,23,327.05818836232754,134.59868026394722,1667.0,1798.0,1667.0,173.71677477306463,169.46781526806103,65.81955556382206,33.591403145048,0.8599632454765026,-0.8363118117804107,0.9271412680756396,0.5936609686609686,1,46.07049295453128,302,108,354,162,0.7294088065330714,1.9594166781188804,-47.91713717195682,0.0,False,0.11229283867228439,0.11372549086809158,0.021186662680410973,0.054901961237192154,0.18039216101169586,187.19216206669807,8.012519080230629,2.081913545984045,0.3940601505106554,0.10294545876657474,0.8164567255632766,0.010799214860132546,3.917189933115792,12.107848227345466,7.29465858776246
66236902b874b7e4b3891db63a69f6d56f6edcec6aca7ba3c6871d73e7b4c34f,24,342.12356453835554,287.1451538814883,2177.0,2265.0,2177.0,200.29646455628165,202.12244387914734,71.80731818935196,39.3492360234613,0.8364890458516623,-1.5050687942493683,0.9611479028697572,0.788768115942029,1,52.648290465013666,320,253,360,322,0.6696366447636238,1.8248719783666978,-86.23408978733248,0.0,True,0.1309825584538825,0.13333334028720856,0.021606337726112267,0.06666667014360428,0.1764705926179886,285.14902975410223,9.020036066588759,2.2196697574153883,0.37278903891020365,0.08523377171996273,0.850939835195632,0.0073619320375654254,4.614937659926858,13.425134473250658,7.561465732436376
516a0e20327d6dfcedcf57e3056115e4fb29cdf4cb349003bdfc75c9b7f5c2cf,1,8.834285714285715,25.96761904761905,525.0,562.0,525.0,93.8700576850888,93.40936983726893,30.70334326842511,23.39350711586023,0.6476705403168667,1.5006505648956718,0.9341637010676157,0.7231404958677686,1,25.854414729132053,0,8,22,41,0.7561157472007537,1.3124728633616884,85.98094389244486,0.0,True,0.08974043137260845,0.09019608050584793,0.016558311482378005,0.0470588244497776,0.125490203499794,47.11372647061944,11.583942591123467,2.555401116692054,0.34915649871307286,0.11494558649943065,0.8294699077951073,0.013353583955677137,6.180607397960847,16.987277784286086,6.6754934659768725
516a0e20327d6dfcedcf57e3056115e4fb29cdf4cb349003bdfc75c9b7f5c2cf,2,35.81559383499547,285.3537624660018,5515.0,5662.0,5515.0,299.8061325481597,286.91555388232587,111.80720011189032,63.28795960971701,0.8243740177269007,1.2087832629549933,0.9740374425997881,0.7003174603174603,1,83.79687398235345,0,233,75,338,0.8418741919985528,1.7666425146486133,69.2581793133735,0.0,True,0.08277460986027259,0.08627451211214066,0.012013352212612493,0.03921568766236305,0.11764705926179886,456.50197337940335,7.537092567488946,1.9765986088838097,0.425576223434021,0.14820557550227179,0.7876984235260458,0.022080419511961342,4.542107867013239,10.532077267964654,6.116995839271219
516a0e20327d6dfcedcf57e3056115e4fb29cdf4cb349003bdfc75c9b7f5c2cf,3,50.36946137374403,91.47043320704991,6071.0,6777.0,6071.0,392.3330444827409,374.63656702578373,114.95465429453954,73.41490068696372,0.7695037742020223,-1.0798168267117887,0.8958241109635532,0.6353741496598639,1,87.91949315190104,3,38,94,143,0.5435628494318808,1.5658218320651087,-61.868946817794864,0.0,False,0.11209963407631938,0.11372549086809158,0.018007390248088534,0.0470588244497776,0.1568627506494522,680.556878477335,7.214389976373829,1.917475358525091,0.4217807930326627,0.11043962771174484,0.8200607359803851,0.01230301029046564,3.890896193485248,10.537883759262408,7.041354135574855
516a0e20327d6dfcedcf57e3056115e4fb29cdf4cb349003bdfc75c9b7f5c2cf,4,96.82315789473684,8.330526315789474,475.0,490.0,475.0,84.52691193458118,82.81805461304414,29.213473015353934,21.72683106868107,0.668484139238759,-0.031130915096551973,0.9693877551020408,0.7799671592775042,1,24.592453796829673,83,0,112,21,0.8702688204797854,1.3445804831365746,-1.7836700474125278,0.0,True,0.09666047624851527,0.10196078568696976,0.020164070054634598,0.04313725605607033,0.12941177189350128,45.91372621804476,21.10916307983736,3.355492200566821,0.2975962806737462,0.10575489126666116,0.7290552404141246,0.011272751055128134,10.148357942561107,32.069968217113605,7.011769307174717
516a0e20327d6dfcedcf57e3056115e4fb29cdf4cb349003bdfc75c9b7f5c2cf,5,136.50677253619804,265.4189631013545,2141.0,2193.0,2141.0,185.48023074035524,178.52780241158956,73.4247869741788,37.271988915567434,0.8615802765438871,-0.5923928219343879,0.9762881896944824,0.6433293269230769,1,52.2111660976652,105,240,169,292,0.844140647563214,1.969972333392474,-33.94160851068533,0.0,False,0.08646500354048973,0.09019608050584793,0.018452844317786262,0.03921568766236305,0.125490203499794,185.1215725801885,10.58800634694004,2.3841849167045637,0.3705764159234842,0.09935893962575451,0.8549430515194454,0.01001306489266089,5.584037759770421,15.591974934109658,7.114020031597304
516a0e20327d6dfcedcf57e3056115e4fb29cdf4cb349003bdfc75c9b7f5c2cf,6,139.84155844155845,353.74805194805197,385.0,394.0,385.0,87.698484809835,85.82489424552077,36.24828561048637,14.76712098382196,0.913255122312433,-0.056907157234211726,0.9771573604060914,0.7236842105263158,1,22.140398025397776,120,346,158,360,0.6568164778975817,2.4546616534257413,-3.260539933607703,0.0,True,0.10436465708272798,0.10588235408067703,0.019351866938814716,0.054901961237192154,0.14901961386203766,40.18039297685027,16.080293238924714,2.9303824151808913,0.32514010508459695,0.11077266927364607,0.7350858337860251,0.012392333796845543,8.189007256907592,23.971579220941834,6.939519127484608
516a0e20327d6dfcedcf57e3056115e4fb29cdf4cb349003bdfc75c9b7f5c2cf,7,188.22217174011814,320.25215810995,2201.0,2256.0,2201.0,189.8528137423857,184.40672865542967,67.2868836576607,42.04268980139451,0.7807628944424923,-0.3055361405589573,0.9756205673758865,0.7642361111111111,1,52.937701479778035,155,297,219,342,0.813347955600717,1.6004419311779825,-17.505931342744145,0.0,False,0.08933907234258459,0.09019608050584793,0.01820898227575578,0.03921568766236305,0.13333334028720856,196.63529822602868,8.662719974005645,2.172686893193599,0.3875358878823242,0.10425884745305163,0.8494030050372132,0.010991170877676783,4.6543891369680415,12.671050811043248,7.039796876772196
516a0e20327d6dfcedcf57e3056115e4fb29cdf4cb349003bdfc75c9b7f5c2cf,8,192.35358255451715,110.59735202492212,2568.0,2628.0,2568.0,190.75230867899737,183.52604571701775,61.697665656291974,53.41700969777379,0.5004134618762379,0.9364805828568554,0.9771689497716894,0.7504383401519579,1,57.181108339030104,163,82,221,141,0.9580969745502458,1.1550190848452395,53.65638499364921,0.0,False,0.07850314834158044,0.0784313753247261,0.009634520789417879,0.04313725605607033,0.10196078568696976,201.59608494117856,12.648110290196486,2.560563851839803,0.3625148328192748,0.1744151075762158,0.7004364954656198,0.030531733654305032,7.99440324637953,17.301817334013442,5.655193126338935
516a0e20327d6dfcedcf57e3056115e4fb29cdf4cb349003bdfc75c9b7f5c2cf,9,217.98149951314508,24.973222979552094,2054.0,2128.0,2054.0,177.29646455628165,170.76910555262958,58.86568818873355,45.41769553340784,0.6361712862056685,-1.4130020715518763,0.9652255639097744,0.7641369047619048,1,51.13935886268055,194,0,242,56,0.8850986857662556,1.2960958828356623,-80.95905514316487,0.0,True,0.08398724854819499,0.08627451211214066,0.012602692441959355,0.04313725605607033,0.11372549086809158,172.5098085179925,11.414968575267334,2.509906881023889,0.3588457524748786,0.13214812117540314,0.7673295593435211,0.017607388313253293,6.49262628735044,16.33731086318423,6.358478256387812
516a0e20327d6dfcedcf57e3056115e4fb29cdf4cb349003bdfc75c9b7f5c2cf,10,230.3339222614841,85.15282685512368,1132.0,1223.0,1132.0,142.36753236814712,137.65440134928798,54.80241469618329,26.86769939022885,0.8715734881197511,-1.3921774542127099,0.9255928045789044,0.6236914600550965,1,37.96455142155909,215,58,248,113,0.7507167168624741,2.039713706046363,-79.76589245965569,0.0,False,0.10333610640661034,0.10588235408067703,0.014347237189237595,0.05098039284348488,0.13333334028720856,116.9764724522829,14.624395703482996,2.806911709528637,0.33309487743225796,0.12038365964535919,0.6815959203897678,0.014600178961224296,8.153688442010036,21.095102964955956,6.705998500995156
516a0e20327d6dfcedcf57e3056115e4fb29cdf4cb349003bdfc75c9b7f5c2cf,11,254.42248958815364,305.7468764460898,2161.0,2222.0,2161.0,177.09545442950497,170.57853600260063,59.57527156397741,47.007652851114656,0.6143336205467829,1.070626524145466,0.9725472547254725,0.7305611899932387,1,52.454462690725244,231,277,282,335,0.9332883945934612,1.2673526107050619,61.34238126829633,0.0,False,0.09733148432375104,0.10196078568696976,0.020078838651596733,0.04313725605607033,0.1411764770746231,210.333337623626,9.541145527242222,2.2680643270066394,0.3771743117609193,0.09441946827054432,0.8517292499106581,0.009024764050061041,5.025380652044428,14.056910402440016,7.295000182078846
516a0e20327d6dfcedcf57e3056115e4fb29cdf4cb349003bdfc75c9b7f5c2cf,12,266.57888493475684,348.2372479240807,843.0,887.0,843.0,122.80508652763322,122.21594412356532,43.3735455877035,25.34504324362749,0.8115065254591483,-0.1462175357058538,0.9503945885005637,0.8363095238095238,1,32.7618823667344,246,336,288,360,0.7092211926415377,1.7113226113200228,-8.37764768674884,0.0,True,0.08565580660161316,0.09019608050584793,0.012160453373428002,0.04313725605607033,0.10588235408067703,72.2078449651599,12.985678135781937,2.68756168503531,0.3440471397765223,0.15178639696899981,0.7749989780864134,0.023165013220144828,7.6424834877008685,18.328872783863005,6.011120211898076
516a0e20327d6dfcedcf57e3056115e4fb29cdf4cb349003bdfc75c9b7f5c2cf,13,265.3127463863338,32.321944809461236,761.0,799.0,761.0,106.32590180780451,103.48479294032259,37.04213228633095,26.394063404453703,0.7016297779072203,-0.3367639437352741,0.9524405506883604,0.7289272030651341,1,31.127725479762553,248,18,284,47,0.8929794213569874,1.4034266614696584,-19.295152668212324,0.0,False,0.08658885577896734,0.09019608050584793,0.014035493870536634,0.04313725605607033,0.125490203499794,65.89411924779415,11.730009345006703,2.5671409599005783,0.3466011215612236,0.12000315224480268,0.7277979864297872,0.014529003973995107,6.265808455863067,17.19421023415034,6.596339182323659
516a0e20327d6dfcedcf57e3056115e4fb29cdf4cb349003bdfc75c9b7f5c2cf,14,279.80356435643563,75.74336633663367,2525.0,2753.0,2525.0,212.55129855222071,204.19278404429622,73.94427154668013,46.502456829054886,0.7774981833719601,0.4828927937765897,0.9171812568107519,0.6558441558441559,1,56.700351413869434,248,45,318,100,0.7610101784134141,1.5901153743016758,27.667719040679817,0.0,False,0.09659017857053492,0.09803921729326248,0.017532274405378585,0.0470588244497776,0.1411764770746231,243.89020089060068,9.463219438654797,2.256205914403287,0.38111489778061475,0.10371447169683393,0.825990410534083,0.010889943020059712,5.146950166050862,13.779488711258729,7.074204259040787
516a0e20327d6dfcedcf57e3056115e4fb29cdf4cb349003bdfc75c9b7f5c2cf,15,314.3603455368161,278.02097902097904,2431.0,2502.0,2431.0,191.58073580374355,184.31144388041517,66.62104381568602,46.86891783287601,0.7106801988395518,-1.172378328209678,0.9716227018385292,0.73046875,1,55.63492907563719,290,248,342,312,0.899270237553013,1.4214333698346022,-67.17233019901778,0.0,False,0.08590510040245788,0.09019608050584793,0.014842364573268567,0.03921568766236305,0.125490203499794,208.8352990783751,7.788990362734951,2.0523390803440646,0.4072216571519179,0.1294198508048,0.8274104229744075,0.016855728099153318,4.483841425205595,11.094139300264306,6.505404320094621
516a0e20327d6dfcedcf57e3056115e4fb29cdf4cb349003bdfc75c9b7f5c2cf,16,324.2745314222712,334.7502756339581,1814.0,1885.0,1814.0,173.4386001800126,167.11162077786867,63.78969373347501,36.479244020330114,0.8203460963093009,0.18046456934321656,0.9623342175066313,0.7267628205128205,1,48.05888611016266,291,316,355,355,0.8162700162976427,1.7486572281466308,10.339858175012292,0.0,False,0.10569859965157088,0.10980392247438431,0.020661124121476585,0.0470588244497776,0.15294118225574493,191.73725976794958,8.851246703762989,2.222788814086648,0.3747523954090004,0.08900452729016191,0.853553168539402,0.008035381867466284,4.616552480184113,13.085940927341865,7.428433733958164
516a0e20327d6dfcedcf57e3056115e4fb29cdf4cb349003bdfc75c9b7f5c2cf,17,305.0615384615385,354.87692307692305,65.0,87.0,65.0,34.14213562373095,44.205563265920375,12.486264057951262,8.052105634018142,0.7642862935095638,1.0229870090445097,0.7471264367816092,0.5909090909090909,1,9.09728368293446,300,349,310,360,0.4179933411066526,1.5506830915381815,58.612838114961775,0.0,True,0.08193062096834183,0.08235294371843338,0.006883117874839055,0.06666667014360428,0.0941176488995552,5.325490362942219,67.51137675793798,6.120193348435615,0.26764577852195237,0.24390514868106883,0.32286230737829674,0.05962688919704723,39.99016203703704,95.03259147883892,4.434710549217456
516a0e20327d6dfcedcf57e3056115e4fb29cdf4cb349003bdfc75c9b7f5c2cf,18,344.7692307692308,128.5470683162991,1859.0,1895.0,1859.0,176.91168824543144,170.40431473538877,69.6599005161832,35.17304773012781,0.863163031383097,1.4962916839707943,0.9810026385224274,0.8160667251975418,1,48.651334140624215,326,97,360,164,0.804503762379367,1.980490887530208,85.73119841204928,0.0,True,0.12722843204689577,0.12941177189350128,0.02328249469955917,0.05098039284348488,0.1725490242242813,236.51765517517924,9.268313784565986,2.242850438472323,0.36832907869336184,0.0820808138643604,0.8459086958314663,0.006836808628140565,4.664269178468246,13.872358390663727,7.676475135458698
516a0e20327d6dfcedcf57e3056115e4fb29cdf4cb349003bdfc75c9b7f5c2cf,19,350.72375690607737,354.8729281767956,181.0,196.0,181.0,61.55634918610404,61.04059555122609,24.519869726323567,10.8466704495556,0.8968363472950602,-0.28659632623344683,0.923469387755102,0.6557971014492754,1,15.180789096653193,337,348,360,360,0.6104511475074027,2.2605895367023137,-16.42075991713098,0.0,True,0.09052107221760802,0.0941176488995552,0.013615189708346609,0.054901961237192154,0.11764705926179886,16.384314071387053,22.257530560424414,3.653647518703348,0.2547561069116477,0.1409806708679156,0.6714892832670233,0.01994492375277075,11.31525222065457,33.199808900194256,6.003411528742615
516a0e20327d6dfcedcf57e3056115e4fb29cdf4cb349003bdfc75c9b7f5c2cf,20,351.77010050251255,243.31155778894473,796.0,807.0,796.0,127.21320343559643,123.28719661200626,58.373673328072975,17.77200475035805,0.9525275524248996,1.540656237416471,0.9863692688971499,0.9212962962962963,1,31.83549399034338,344,217,360,271,0.6580925539129853,3.2845857374023564,88.27310008446914,0.0,True,0.10849837700007998,0.10980392247438431,0.02217101466473694,0.0470588244497776,0.14901961386203766,86.36470809206367,11.279229350370102,2.488571680645231,0.35205915474420046,0.0905052244818508,0.8449152749283457,0.008270638928146612,5.723518042881278,16.834940657858922,7.398510918965311
8055957570d7b38f0acecdb56f3078a963a1a7307ca03fcca62212e0e95e5845,1,13.190751445086706,692.2543352601156,173.0,184.0,173.0,64.97056274847714,65.61823151049762,28.973841187656745,8.23133388634392,0.9587960291805346,0.03137209527505125,0.9402173913043478,0.7208333333333333,1,14.841510746523857,0,688,30,696,0.5049018061186017,3.519944833695228,1.7974886537427481,0.0,True,0.28783861267773403,0.29411765933036804,0.053636988931295794,0.16078431904315948,0.3960784375667572,49.796079993247986,38.40550984354297,4.747713771012934,0.20835092498293695,0.08508710533877675,0.54808803806935,0.007273668464585157,16.40385629628588,60.40716339080007,7.3173356812528585
8055957570d7b38f0acecdb56f3078a963a1a7307ca03fcca62212e0e95e5845,2,45.86115073704232,596.6795054683785,2103.0,2285.0,2103.0,208.06601717798213,199.9404706561668,85.66237950388268,32.687966281824515,0.924331405539306,0.2938588584358342,0.9203501094091904,0.6207201889020071,1,51.745751154834416,6,576,83,620,0.6610704073591228,2.6206090267387947,16.836872360905627,0.0,False,0.2431540440659947,0.23137255012989044,0.07331812121847564,0.09803921729326248,0.49803921580314636,511.35295467078686,5.437483486095179,1.6888573228080215,0.45133335551320247,0.09918533723880979,0.9052883385465404,0.010100007968381487,2.407998242096992,8.466968730093365,7.250978126778228
8055957570d7b38f0acecdb56f3078a963a1a7307ca03fcca62212e0e95e5845,3,67.93642447418738,206.51673040152963,2092.0,2145.0,2092.0,175.68124086713192,169.23777747193338,62.98662028859486,42.383896933106,0.7397305683089276,0.5157024905014436,0.9752913752913753,0.7361013370865588,1,51.61024246780827,40,182,98,231,0.917861001265935,1.486097901474371,29.547576190118143,0.0,False,0.381344439536618,0.3921568691730499,0.1042005987981359,0.10196078568696976,0.6431372761726379,797.7725675106049,6.567333310039579,1.8214018697575876,0.43698053609006354,0.09538001561825335,0.8854995609523246,0.009294615442854622,2.9418793250869686,10.192787294992188,7.36121036864078
8055957570d7b38f0acecdb56f3078a963a1a7307ca03fcca62212e0e95e5845,4,64.50867052023122,554.7057803468208,1730.0,1796.0,1730.0,158.12489168102783,152.59331473665662,49.57572065282624,44.63888956688213,0.43502501020997086,1.0416500392940449,0.9632516703786191,0.8001850138760407,1,46.932977876881324,42,532,88,579,0.9336518300744231,1.1105948452984542,59.68215098118513,0.0,False,0.3095115120097392,0.3176470696926117,0.07793948575481256,0.125490203499794,0.48235294222831726,535.4549157768488,9.608489970485646,2.3244820174541747,0.3595147745768883,0.07537537208839822,0.8730077869894874,0.005801802035397881,4.209322675950359,15.007657265020933,7.889577421419861
8055957570d7b38f0acecdb56f3078a963a1a7307ca03fcca62212e0e95e5845,5,75.268413247652,443.52891744933265,2023.0,2075.0,2023.0,176.50966799187808,170.0231756353308,66.63127082952563,39.08872217041225,0.8098461633826521,-0.5905319986930937,0.9749397590361446,0.6857627118644067,1,50.751981232255694,47,419,106,469,0.879406152587152,1.704616245551291,-33.83499119253931,0.0,False,0.264334669442561,0.2705882489681244,0.06691766576933382,0.0941176488995552,0.4156862795352936,534.749036282301,8.796651975891429,2.1913412505919236,0.3785446120286784,0.08210911264360396,0.8697416859613987,0.006894853099582718,3.994167102804284,13.599136848978574,7.698330105078788
8055957570d7b38f0acecdb56f3078a963a1a7307ca03fcca62212e0e95e5845,6,104.77247069040382,330.36561007381675,2303.0,2377.0,2303.0,193.58073580374355,186.2075627783522,72.91401575173533,40.279861396993745,0.8335595505434706,-0.28626405260931503,0.9688683214135465,0.7108024691358025,1,54.150444795265344,69,308,141,353,0.8346591725068926,1.810185368641244,-16.401722040824712,0.0,False,0.22667110053303963,0.23137255012989044,0.0482059422213,0.09803921729326248,0.3686274588108063,522.0235445275903,5.895324213267427,1.8193961260091267,0.4193350763639473,0.09400895377034667,0.8832591379381983,0.009026696105593158,2.738418776087115,9.052229650447739,7.2941974684422055
8055957570d7b38f0acecdb56f3078a963a1a7307ca03fcca62212e0e95e5845,7,94.1686517389233,25.49404478323011,2099.0,2143.0,2099.0,178.71067811865476,172.10986408329683,63.20117317053405,43.033444479206594,0.7323798462321481,-1.1013963582334854,0.9794680354643024,0.7699926632428467,1,51.69651636618377,73,0,120,58,0.8904525446457887,1.4686524384789215,-63.10536289785761,0.0,True,0.3705966499531593,0.38823530077934265,0.09092049760112521,0.13333334028720856,0.5686274766921997,777.8823682516813,7.3276843970118195,1.9608041828079248,0.4133324389835657,0.09049839238990895,0.8901476285040404,0.008373054902727101,3.1186085346649133,11.536760259358726,7.485457236700013
8055957570d7b38f0acecdb56f3078a963a1a7307ca03fcca62212e0e95e5845,8,108.14546460176992,651.3180309734513,1808.0,1865.0,1808.0,159.6812408671319,154.06882628843704,50.95257555414243,45.6314822057449,0.4449252170298566,0.18721927399999394,0.9694369973190349,0.7243589743589743,1,47.9793403131095,84,628,136,676,0.9571472193622776,1.116610136054875,10.726874243703,0.0,False,0.2915603931564673,0.29019609093666077,0.07972814117412343,0.09803921729326248,0.48627451062202454,527.1411908268929,8.980618707218694,2.1908873153293205,0.38413983143946,0.08306779198862904,0.865852261425458,0.007051690710134064,4.003905761519285,13.957331652918104,7.6910567581606175
8055957570d7b38f0acecdb56f3078a963a1a7307ca03fcca62212e0e95e5845,9,118.3752959747435,134.3930544593528,2534.0,2655.0,2534.0,204.92997820866105,197.9490669832153,69.81351738626411,46.43273954692571,0.7467572489331883,0.881578647524256,0.9544256120527307,0.7056530214424951,1,56.80131166054973,90,104,147,167,0.8126612585259956,1.5035407789305517,50.51073581199109,0.0,False,0.2513626531448624,0.25882354378700256,0.05235857257609274,0.10980392247438431,0.3686274588108063,636.9529630690813,7.9461427956956285,2.036044509722204,0.40571136214731063,0.09026748444184206,0.873381901989835,0.008304482658580751,3.543325382224828,12.34896020916643,7.556262493965919
8055957570d7b38f0acecdb56f3078a963a1a7307ca03fcca62212e0e95e5845,10,122.90333024976873,525.0804810360777,2162.0,2229.0,2162.0,179.6812408671319,173.03001526780747,64.05972763464659,43.24105880291855,0.7378071219552708,-0.296837515447519,0.9699416778824586,0.7419354838709677,1,52.46659790492825,92,502,154,549,0.9074499090147332,1.4814560375733188,-17.007536836292218,0.0,False,0.2559848435112826,0.2549019753932953,0.0691509402942715,0.09803921729326248,0.40784314274787903,553.4392316713929,8.509317342169606,2.181516611589527,0.37398940187684887,0.07839970641741484,0.8927598407388229,0.00628914164115623,3.804339252993893,13.214295431345317,7.808007727093052
8055957570d7b38f0acecdb56f3078a963a1a7307ca03fcca62212e0e95e5845,11,164.03071017274473,103.03886756238003,2084.0,2192.0,2084.0,185.89444430272835,179.31320057498704,70.1454661867328,38.83955423123177,0.8327161331363163,-0.9570642686210377,0.9507299270072993,0.612580834803057,1,51.51146679359926,139,74,193,137,0.8144849313216657,1.8060317008048263,-54.835743314760364,0.0,False,0.2770840481009456,0.2862745225429535,0.057429445119334205,0.10980392247438431,0.40392157435417175,577.4431562423706,8.959218577432893,2.2214744545098455,0.37059016453339133,0.08469096074049431,0.8485444753603736,0.007320250932589254,4.001289620527039,13.917147534338746,7.616914607723777
8055957570d7b38f0acecdb56f3078a963a1a7307ca03fcca62212e0e95e5845,12,232.57878554957725,610.4861644888547,2602.0,2677.0,2602.0,202.55129855222071,194.71218955461103,74.4007318301197,44.596385974805806,0.8004437373529794,0.8521037726072674,0.9719835636906985,0.6776041666666667,1,57.55839899963248,203,579,263,643,0.8624439406778404,1.668313030391106,48.82194987757163,0.0,False,0.21249265853404356,0.21176470816135406,0.057095142975391956,0.08627451211214066,0.4000000059604645,552.9058975055814,4.61983419519646,1.5973093680215968,0.45494615437226354,0.09570807205041817,0.9162336336755523,0.009370851630271078,2.0987513098033688,7.140917080589551,7.230126797454573
8055957570d7b38f0acecdb56f3078a963a1a7307ca03fcca62212e0e95e5845,13,253.53859964093357,363.89183123877916,2228.0,2273.0,2228.0,181.1959594928933,174.4660585734892,67.19365660355477,42.261951691624645,0.7774397156843209,-0.03473622143050071,0.9802023757149142,0.8037518037518038,1,53.26140915963398,221,344,287,386,0.919820640479161,1.5899326442340103,-1.9902388841995737,0.0,False,0.4156845240373853,0.4313725531101227,0.10313035462664297,0.12156862765550613,0.686274528503418,926.1451195552945,7.427978154436646,1.98066530108642,0.4087176537566486,0.09615942932984911,0.8526533538598361,0.009444137320819588,3.364971039882878,11.490985268990412,7.355167040874865
8055957570d7b38f0acecdb56f3078a963a1a7307ca03fcca62212e0e95e5845,14,249.99460431654677,202.96537769784172,2224.0,2299.0,2224.0,182.2670273047588,175.48149453301428,58.500843293108076,48.945999076641094,0.5477047499353564,0.9228396553239555,0.9673771204871683,0.76295025728988,1,53.21357672146274,224,177,277,232,0.9075738998289623,1.1952119559661194,52.874817417370245,0.0,False,0.24902666852601785,0.250980406999588,0.0627437780169722,0.10196078568696976,0.4156862795352936,553.8353108018637,7.2659251008334955,1.9904306916215229,0.4033889006982695,0.08704001033814998,0.8857158150171196,0.0077300415056458325,3.1869493580081683,11.344900843658822,7.561000455038188
8055957570d7b38f0acecdb56f3078a963a1a7307ca03fcca62212e0e95e5845,15,267.7535321821036,539.7095761381476,637.0,688.0,637.0,102.63961030678928,100.38266853283147,32.09584516325919,25.62033970869317,0.6023332371145855,-0.7450632127644293,0.9258720930232558,0.6849462365591398,1,28.479002615897535,254,525,285,555,0.7943864416379987,1.2527486180196445,-42.68897756185949,0.0,False,0.16719303515211942,0.16862745583057404,0.04110679420351812,0.09019608050584793,0.37254902720451355,106.50196339190006,9.770427285676442,2.075808011272058,0.4120241836169527,0.11525300943232533,0.724347148960279,0.013489265984390271,4.203594500271365,15.33726007108152,6.728279957113417
8055957570d7b38f0acecdb56f3078a963a1a7307ca03fcca62212e0e95e5845,16,319.20521541950114,102.62396069538927,2646.0,2705.0,2646.0,206.06601717798213,198.04435175822977,78.38131950409148,43.08969648930622,0.8353328822381048,0.60848370489851,0.97818853974122,0.6727688787185355,1,58.04301711118436,286,74,355,131,0.8477636326430742,1.8190269574895648,34.86354819316848,0.0,False,0.2402650026698862,0.24705882370471954,0.05039991153302859,0.10196078568696976,0.3529411852359772,635.7411970645189,6.584138475105339,1.8766321513427109,0.4211846479224893,0.09409897613506477,0.8930439154045655,0.009022727586858762,3.0265305654561057,10.141746384754573,7.390715264871373
8055957570d7b38f0acecdb56f3078a963a1a7307ca03fcca62212e0e95e5845,17,301.1304347826087,693.2173913043479,92.0,102.0,92.0,47.14213562373095,53.45611995947793,22.125280008785182,5.676815818835354,0.9665240590884624,0.011558920847809392,0.9019607843137255,0.6666666666666666,1,10.823032759612019,291,690,314,696,0.40457852395102323,3.897480685453059,0.6622773803052575,0.0,True,0.14748508564156035,0.14901961386203766,0.020847085150074326,0.09803921729326248,0.1882352977991104,13.568627879023552,67.62360167167274,6.508319106475699,0.15059310740180615,0.12255326376902403,0.2957848263769627,0.015168463460815722,28.154915928379502,107.09228741496598,6.232030594747731
8055957570d7b38f0acecdb56f3078a963a1a7307ca03fcca62212e0e95e5845,18,368.75833514927,629.7701024188276,4589.0,5102.0,4589.0,315.77669529663683,303.23469404646045,95.39610580989029,65.80951664871714,0.7239472061001382,1.4964125606087175,0.8994511956095649,0.6617159336697909,1,76.43884006700823,334,584,407,679,0.6271481479549732,1.4495791895737908,85.73812413324401,0.0,False,0.4181397224864323,0.4313725531101227,0.1125987596414798,0.10980392247438431,0.7098039388656616,1918.8431864902377,5.84032831868449,1.7532882530936464,0.44034868031773855,0.09577945926187093,0.8942647059150586,0.00938741524412782,2.566214547019467,9.114442090349513,7.356932254095107
8055957570d7b38f0acecdb56f3078a963a1a7307ca03fcca62212e0e95e5845,19,365.99145755472506,427.16177255739456,1873.0,1921.0,1873.0,167.09545442950497,161.0979415129154,59.80791368125968,39.987916971098855,0.7436170429808235,-0.5601579227918515,0.9750130140551796,0.6968005952380952,1,48.83418543693506,338,403,394,451,0.9069172431757127,1.495649641477591,-32.09468483678811,0.0,False,0.4513824024559404,0.47058823704719543,0.1106519928896548,0.1411764770746231,0.6823529601097107,845.4392397999763,10.62656410011731,2.3833380896717533,0.36381635827536846,0.08872611813612107,0.8285824038969918,0.008039992642395369,4.61721555379835,16.635912646436264,7.60991809029035
8055957570d7b38f0acecdb56f3078a963a1a7307ca03fcca62212e0e95e5845,20,443.43060498220643,273.27669039145906,2248.0,2307.0,2248.0,184.16652224137044,177.28232865593685,62.5305541379871,45.89142452714159,0.6792531941856232,1.2322685039406853,0.9744256610316429,0.75209100033456,1,53.499929874389984,419,244,468,305,0.8988252735063622,1.36257601027409,70.60378450270132,0.0,False,0.23998326061167538,0.24705882370471954,0.0585584667430421,0.0941176488995552,0.3686274588108063,539.4823698550463,8.58006194003189,2.181897667901375,0.37586739664109536,0.08225239711956028,0.8800417133233973,0.006901733635572948,3.7343126053719713,13.425811274691808,7.68063144218654
8055957570d7b38f0acecdb56f3078a963a1a7307ca03fcca62212e0e95e5845,21,516.8358208955224,123.53731343283582,134.0,145.0,134.0,58.9350288425444,59.699837020558846,27.306003770617675,6.674988436003612,0.9696615678998651,-1.556286823288209,0.9241379310344827,0.6836734693877551,1,13.061933202803933,513,110,520,138,0.4724636180156048,4.090794168771036,-89.16866668623653,0.0,True,0.2976295072863351,0.3176470696926117,0.06793753239963432,0.1568627506494522,0.45098039507865906,39.882353976368904,40.752038315180855,4.798290206452958,0.2263343700560776,0.1111106965470979,0.5122547630504231,0.012414456942658811,17.828947796619772,63.675128833741944,6.705876838396443
84eeec681987753029eb83ea5f3ff7e8b5697783cdb2035f2882d40c9a3f1029,1,3.630434782608696,3.5217391304347827,46.0,54.0,46.0,27.106601717798213,28.576536490168756,9.848607412692358,6.655101521770024,0.7371397190664694,0.26170846544080084,0.8518518518518519,0.7301587301587301,1,7.653039857325812,0,0,9,7,0.707861862433893,1.4798583283028526,14.99479053260325,0.0,True,0.048167093778434006,0.0470588244497776,0.0029098119605558866,0.04313725605607033,0.054901961237192154,2.2156863138079643,116.7102145015138,8.298180306638294,0.3318320075037845,0.38917393813630485,-0.07039043837236847,0.15163803925538094,116.07434640522875,117.34608259779884,3.04908204360684
84eeec681987753029eb83ea5f3ff7e8b5697783cdb2035f2882d40c9a3f1029,2,136.00221676352524,51.94997303936253,16691.0,22377.0,16691.0,1299.9524522539969,1341.5331903916012,263.52385705987706,100.94715359725657,0.9237207802231115,0.34032545386739826,0.7458998078384055,0.5063402499696639,1,145.77942667322642,0,0,246,134,0.11654385445975932,2.610513002786032,19.49921216747612,0.0,True,0.04930213731482869,0.05098039284348488,0.003063836306808612,0.03921568766236305,0.062745101749897,822.9019739218056,29.335189573726517,4.001185233652401,0.3870476816525116,0.3612019801849279,0.035909833168834886,0.13046715127447256,29.5252401326475,29.145139014805533,3.3801176651264293
84eeec681987753029eb83ea5f3ff7e8b5697783cdb2035f2882d40c9a3f1029,3,79.78789700430819,212.92205189860735,9981.0,12725.0,9998.0,947.9625535217635,1027.4771433247881,191.99148618988016,76.34645662198653,0.9175348279742354,0.17564778738847128,0.7843614931237721,0.5196813495782568,0,112.73066972213755,0,156,194,255,0.11880632999209813,2.5147399720262817,10.063876898170612,17.0,True,0.0459225479449583,0.0470588244497776,0.002995608095417759,0.03529411926865578,0.05882352963089943,458.3529510386288,29.058632211460097,3.9738876055344807,0.3893203244165846,0.3709093595853523,0.0018048116909046069,0.13757416030828218,29.36491437163256,28.752350051287635,3.3090161520948467
84eeec681987753029eb83ea5f3ff7e8b5697783cdb2035f2882d40c9a3f1029,4,6.4186046511627906,196.34883720930233,43.0,57.0,43.0,27.97056274847714,30.932730980361107,9.050574447299798,7.718094601150958,0.5222800970313191,1.4918511106545103,0.7543859649122807,0.4777777777777778,1,7.399277020331919,2,191,11,201,0.5647312108898811,1.1726436270877185,85.4767723024078,0.0,False,0.04514363988540893,0.0470588244497776,0.003525061001032284,0.03921568766236305,0.05098039284348488,1.9411765150725842,174.532342093536,10.426265118288143,0.2622669886539512,0.3123310269006798,-0.03857784257032562,0.0976708014416007,186.59564393939394,162.469040247678,3.5824609227366047
84eeec681987753029eb83ea5f3ff7e8b5697783cdb2035f2882d40c9a3f1029,5,37.49333333333333,67.38,150.0,239.0,150.0,88.35533905932738,93.54412285838208,25.02680663764758,10.973354322054613,0.8987487415870031,0.6871343997753575,0.6276150627615062,0.3588516746411483,1,13.81976597885342,26,58,48,77,0.21541111512072336,2.280688830702192,39.36990106538305,0.0,False,0.048549020439386366,0.0470588244497776,0.0028877942557542073,0.04313725605607033,0.054901961237192154,7.282353065907955,104.25539742738036,7.396641246092688,0.4058792531178179,0.38661703961245564,0.0019764825297451,0.14957954272396162,102.4937141094191,106.01708074534162,3.093098935916961
84eeec681987753029eb83ea5f3ff7e8b5697783cdb2035f2882d40c9a3f1029,6,69.94117647058823,197.11764705882354,17.0,20.0,17.0,13.65685424949238,15.629026775751623,4.998895841458,4.5663848738450525,0.4068865504723437,0.6499247382282385,0.85,0.68,1,4.652426491681278,68,195,73,200,0.8745706829308422,1.094716275469956,37.2379445016229,0.0,False,0.04521338049979771,0.04313725605607033,0.003042884699431062,0.03921568766236305,0.05098039284348488,0.768627468496561,125.625,7.520833333333333,0.47256236818641195,0.46371755007199833,-0.06363737488661841,0.21852430555555558,112.49999999999999,138.75,2.445646537307068
84eeec681987753029eb83ea5f3ff7e8b5697783cdb2035f2882d40c9a3f1029,7,74.82291666666667,247.13541666666666,96.0,143.0,96.0,53.526911934581186,53.82091077671874,18.9790211002799,10.708327873804958,0.8256250407528695,0.3883442353693575,0.6713286713286714,0.41025641025641024,1,11.055812783082736,65,241,83,254,0.4164654819989593,1.7723608507269346,22.250485684899253,0.0,False,0.045874183997511864,0.0470588244497776,0.0025389310959326654,0.03921568766236305,0.05098039284348488,4.403921663761139,83.95973617848617,6.510380813505813,0.44381665585418234,0.44444252293265596,-0.012005896749289193,0.1978589318234304,80.80604643104643,87.11342592592592,2.749747052166909
84eeec681987753029eb83ea5f3ff7e8b5697783cdb2035f2882d40c9a3f1029,8,73.9047619047619,53.476190476190474,42.0,52.0,42.0,30.142135623730947,31.25805355150325,10.48457795995644,6.219432028100523,0.8050565072561071,0.51230634911174,0.8076923076923077,0.5833333333333334,1,7.312732791431452,70,50,79,58,0.5401760100455201,1.685777400988581,29.352991621858433,0.0,False,0.04873949661850929,0.0470588244497776,0.0034382729303611714,0.04313725605607033,0.05882352963089943,2.0470588579773903,93.9319853528097,7.572682191890166,0.289083420551467,0.3490240404527356,-0.05499144271592977,0.12204254927455477,89.99001237228609,97.87395833333333,3.339730802002703
84eeec681987753029eb83ea5f3ff7e8b5697783cdb2035f2882d40c9a3f1029,9,77.4375,184.390625,64.0,84.0,64.0,31.349242404917497,38.74724436823691,12.673232103450607,7.689946800990818,0.7948648194795987,-0.7354067929586655,0.7619047619047619,0.44755244755244755,1,9.0270333367641,72,179,85,190,0.5356834075056846,1.6480259787776053,-42.13570546178268,0.0,False,0.046384804882109165,0.0470588244497776,0.0029045667127790605,0.03529411926865578,0.054901961237192154,2.9686275124549866,39.20842040312628,4.133266145619087,0.4757674168653495,0.4777889943341297,-0.05668906312603051,0.2287741924135578,42.49865898807075,35.91818181818182,2.6732722737415875
84eeec681987753029eb83ea5f3ff7e8b5697783cdb2035f2882d40c9a3f1029,10,87.67605633802818,64.78873239436619,71.0,109.0,71.0,43.79898987322333,49.01323702131956,15.090282203107941,8.124215847067974,0.8427060091392885,0.3722781854084175,0.6513761467889908,0.461038961038961,1,9.507891862878783,81,60,95,71,0.37139960788822096,1.8574447660144353,21.32996882869107,0.0,False,0.049433858829065105,0.05098039284348488,0.002829328409070159,0.04313725605607033,0.05882352963089943,3.5098039768636227,61.590261741091304,5.523415247340347,0.44076543763661524,0.4343200601033649,0.01858703788164574,0.18912438587900876,60.591273255064735,62.58925022711788,2.864340658223873
84eeec681987753029eb83ea5f3ff7e8b5697783cdb2035f2882d40c9a3f1029,11,97.32142857142857,67.96428571428571,28.0,38.0,28.0,20.27817459305202,26.68041759223172,8.252405136503826,5.651426880844862,0.7287105818140075,-1.5125386708158135,0.7368421052631579,0.4666666666666667,1,5.970821321441846,94,63,100,73,0.4942909396620841,1.4602339038437901,-86.66208218807346,0.0,False,0.050140056759119034,0.05098039284348488,0.0036842985025179846,0.04313725605607033,0.05882352963089943,1.403921589255333,101.530938057041,7.9580548128342254,0.27473603476390784,0.3703142176211047,-0.1294355106490085,0.138406354868567,112.874376114082,90.1875,3.1309542088441615
84eeec681987753029eb83ea5f3ff7e8b5697783cdb2035f2882d40c9a3f1029,12,164.75675675675674,3.135135135135135,37.0,49.0,37.0,23.31370849898476,29.591972449693863,9.027266548719746,7.164052779699195,0.608437811347822,-0.3372494643377594,0.7551020408163265,0.5138888888888888,1,6.863662517577698,161,0,170,8,0.5309623907637325,1.2600781745076401,-19.32297094960138,0.0,True,0.05076841617355476,0.05098039284348488,0.003151259748008852,0.04313725605607033,0.05882352963089943,1.878431398421526,84.92344521420608,6.666155704199182,0.37428995558352174,0.38632231459433664,-0.1381712541519664,0.15044203549817392,76.55476588628764,93.29212454212454,3.118610203236716
84eeec681987753029eb83ea5f3ff7e8b5697783cdb2035f2882d40c9a3f1029,13,165.03508771929825,102.43859649122807,57.0,73.0,57.0,34.14213562373095,39.07256693937906,10.341582009554063,8.656591084105141,0.5471012700855493,0.6253012471193106,0.7808219178082192,0.57,1,8.51907589177983,161,98,171,108,0.4691814487252517,1.1946483216173662,35.82712238420342,0.0,False,0.049535604487908516,0.05098039284348488,0.0027121296414992007,0.04313725605607033,0.054901961237192154,2.8235294558107853,95.12285928130632,7.059384966830452,0.41578893669431305,0.45365512657406215,-0.008225462798075504,0.2066451891743531,106.64041637499675,83.60530218761588,2.7214775471008297
84eeec681987753029eb83ea5f3ff7e8b5697783cdb2035f2882d40c9a3f1029,14,171.36363636363637,105.68181818181819,22.0,34.0,22.0,14.071067811865476,25.56969685769213,7.963139305033764,5.303357662016677,0.7459621808768532,0.9069786116174816,0.6470588235294118,0.39285714285714285,1,5.292567428401227,168,102,175,110,0.42284518181861847,1.5015278645200156,51.966046554316755,0.0,False,0.04937611486424099,0.05098039284348488,0.0028127866127476055,0.04313725605607033,0.054901961237192154,1.0862745270133018,100.88474025974025,7.447240259740259,0.39242541550200616,0.4627230095972453,0.03790516485244244,0.2177174750754296,113.67424242424244,88.09523809523809,2.522795815962507
84eeec681987753029eb83ea5f3ff7e8b5697783cdb2035f2882d40c9a3f1029,15,184.74193548387098,4.612903225806452,62.0,101.0,62.0,41.3492424049175,54.93163151125833,17.127635314710112,6.1764707680489686,0.9327150173251015,0.4994942354455334,0.6138613861386139,0.3229166666666667,1,8.884866446580956,177,0,193,12,0.25820018989862664,2.773045636888914,28.61891158214291,0.0,True,0.05041113291536608,0.05098039284348488,0.00329209687643179,0.04313725605607033,0.05882352963089943,3.125490240752697,86.86636333622178,6.8914056821411975,0.34276395302956786,0.3708419385407867,-0.09963061602786347,0.13795223077257596,77.87872541676889,95.85400125567467,3.208177421579586
84eeec681987753029eb83ea5f3ff7e8b5697783cdb2035f2882d40c9a3f1029,16,195.95238095238096,119.16666666666667,42.0,55.0,42.0,27.692388155425117,32.59881208217049,12.187686410112837,5.007475655498109,0.9116968649561633,-1.3067035775798297,0.7636363636363637,0.5,1,7.312732791431452,193,114,200,126,0.4966559074635909,2.433898285003343,-74.86860006996979,0.0,False,0.04901960864663124,0.0470588244497776,0.0033418354998163515,0.04313725605607033,0.054901961237192154,2.058823563158512,169.0216765992628,9.706417146072319,0.34683179853304413,0.35136558106308097,-0.09593394303163069,0.1240840835736939,160.5238726790451,177.5194805194805,3.3107965148707876
84eeec681987753029eb83ea5f3ff7e8b5697783cdb2035f2882d40c9a3f1029,17,206.7087912087912,193.69230769230768,182.0,292.0,182.0,87.6335136523794,99.59727036943403,19.911874761664627,15.835261277447511,0.6062590614022391,-1.428750312249786,0.6232876712328768,0.4595959595959596,1,15.222667215103916,198,183,216,205,0.230561282886849,1.2574389782897366,-81.86136286991126,0.0,False,0.0511096753180027,0.05098039284348488,0.0031550104075464777,0.03921568766236305,0.05882352963089943,9.301960907876492,44.87478309294599,4.929049226278933,0.38509027167737453,0.36071693918647363,0.020632361279299575,0.13032390034364655,44.68807597916459,45.0614902067274,3.360172994544902
84eeec681987753029eb83ea5f3ff7e8b5697783cdb2035f2882d40c9a3f1029,18,213.49484536082474,207.09278350515464,97.0,130.0,97.0,58.49137802864845,65.98302232773842,18.145008617691197,8.267554380870918,0.8901651902731522,0.4390396745613966,0.7461538461538462,0.47549019607843135,1,11.11324596323283,206,201,223,213,0.2799736695711106,2.1947250398103546,25.155120391165198,0.0,False,0.047503538391332034,0.0470588244497776,0.0028085471433650132,0.03921568766236305,0.054901961237192154,4.6078432239592075,53.342555742435025,5.023796991089917,0.4625716700587942,0.4504294342772095,0.03302322958033748,0.20353801632565632,55.34176508834043,51.34334639652962,2.940693885914556
84eeec681987753029eb83ea5f3ff7e8b5697783cdb2035f2882d40c9a3f1029,19,213.18421052631578,35.1578947368421,38.0,51.0,38.0,28.106601717798213,31.258053551503245,13.374215639105474,4.101232342994895,0.9518216441476752,-1.4282934588644474,0.7450980392156863,0.5846153846153846,1,6.955796338302048,211,29,216,42,0.4887306757554706,3.2610236437711912,-81.8351870990751,0.0,False,0.05077399450697397,0.05098039284348488,0.0026911050636234893,0.0470588244497776,0.054901961237192154,1.9294117912650108,286.8164346391687,13.639486245696801,0.2760304807717411,0.4128515860441727,-0.1961996515052909,0.17217336378589285,270.898185483871,302.7346837944664,2.7205304578373193
84eeec681987753029eb83ea5f3ff7e8b5697783cdb2035f2882d40c9a3f1029,20,235.80900621118013,190.83695652173913,644.0,938.0,644.0,161.0893577750951,159.29710738999285,46.16345285493392,23.903557220811752,0.8555001099359373,-0.30262361426240403,0.6865671641791045,0.44352617079889806,1,28.635053113438516,212,178,256,211,0.318918675664815,1.931237783083661,-17.339055878230777,0.0,True,0.12043600370933921,0.062745101749897,0.09848544234516128,0.04313725605607033,0.42352941632270813,77.56078638881445,19.754102787060784,2.313407333260958,0.5584818492705879,0.2808539555287606,0.85447353370618,0.07923429073510135,7.671615953558957,31.83658962056261,5.587704063013135
84eeec681987753029eb83ea5f3ff7e8b5697783cdb2035f2882d40c9a3f1029,21,219.92307692307693,216.34615384615384,26.0,35.0,26.0,19.485281374238568,26.12505722496192,7.87202729213009,5.712682085309578,0.6880177193688489,-0.6801332662687861,0.7428571428571429,0.6190476190476191,1,5.753627391751592,217,214,224,220,0.47870582397189476,1.3779914888618372,-38.96876566364888,0.0,False,0.047360483556985855,0.0470588244497776,0.002647047922884913,0.04313725605607033,0.05098039284348488,1.2313725724816322,207.90106275303646,10.48361589068826,0.41586219534674407,0.44115500215948744,-0.009359176881609588,0.19721347865299588,221.27087550607288,194.53125,2.596421333820471
84eeec681987753029eb83ea5f3ff7e8b5697783cdb2035f2882d40c9a3f1029,22,230.08823529411765,213.49019607843138,102.0,132.0,102.0,46.59188309203678,50.67931812312895,17.817676722316474,8.017895223567075,0.8930302320769752,0.7011372142768162,0.7727272727272727,0.45535714285714285,1,11.396070970426017,224,207,240,221,0.4990551135366265,2.222238658088822,40.17220323762122,0.0,False,0.04725105819456717,0.0470588244497776,0.0027112455457810876,0.04313725605607033,0.054901961237192154,4.819607935845852,95.97143545395463,6.984094208301748,0.42912007456548706,0.4146127099557779,0.036070250357755976,0.17202618389177188,87.33796036071263,104.60491054719664,3.0141626666769508
84eeec681987753029eb83ea5f3ff7e8b5697783cdb2035f2882d40c9a3f1029,23,229.68085106382978,185.2127659574468,47.0,59.0,47.0,25.44974746830583,31.58337612264539,10.401432123987176,6.291570790100539,0.796320103369796,-1.097118384527923,0.7966101694915254,0.5595238095238095,1,7.735777827895049,227,180,234,192,0.5920939416183875,1.6532329478599035,-62.86025305966095,0.0,False,0.061660411113754234,0.062745101749897,0.0047654514494030785,0.05098039284348488,0.07058823853731155,2.898039322346449,65.78500894620376,6.291469767499056,0.298022879638096,0.3137178598942587,0.3222560793466022,0.0992494217559104,42.24318880044686,89.32682909196066,3.709893108148649
84eeec681987753029eb83ea5f3ff7e8b5697783cdb2035f2882d40c9a3f1029,24,225.3404255319149,134.37234042553192,94.0,163.0,94.0,57.248737341529164,65.197624164341,22.161847998696317,8.22640136023762,0.9285543207469001,-0.30220725150523386,0.5766871165644172,0.36153846153846153,1,10.940041919714261,215,128,235,141,0.2778908053665329,2.693990607583991,-17.315200049498497,0.0,False,0.04935335914822335,0.05098039284348488,0.002994759914087976,0.04313725605607033,0.05882352963089943,4.639215759932995,69.51754812074938,6.272650203154103,0.36518483861151807,0.383707113106019,-0.007166881281174237,0.1475253220853973,68.06218144689029,70.97291479460847,3.177338296978534
84eeec681987753029eb83ea5f3ff7e8b5697783cdb2035f2882d40c9a3f1029,25,236.46031746031747,180.34920634920636,63.0,72.0,63.0,31.106601717798213,32.368774286042836,10.66805291111595,8.185962461847378,0.6412473289865499,-0.5385091592169777,0.875,0.6363636363636364,1,8.95623198216277,232,177,243,186,0.7556103621807553,1.3032130260597876,-30.8543020522713,0.0,False,0.07183318041146748,0.062745101749897,0.019361356710850326,0.05098039284348488,0.16078431904315948,4.525490365922451,30.13466499030015,3.081037344574884,0.4108686167160009,0.2290578402893675,0.34327573269817413,0.05354065830941475,18.2620063573711,42.007323623229205,4.873726323535066
84eeec681987753029eb83ea5f3ff7e8b5697783cdb2035f2882d40c9a3f1029,26,240.0,132.09677419354838,62.0,106.0,62.0,47.17766952966369,62.19078453186435,14.81843425447754,9.672356740411349,0.7575952624349079,-1.2081004852485886,0.5849056603773585,0.4025974025974026,1,8.884866446580956,234,126,245,140,0.20144174860081474,1.5320396726648584,-69.2190590324509,0.0,False,0.04977862188412297,0.05098039284348488,0.003036711744148479,0.04313725605607033,0.054901961237192154,3.0862745568156242,132.52779706533576,8.318436744713836,0.3966130113658766,0.39100044903893416,-0.015309444304617587,0.15521089704612767,141.1176242058595,123.93796992481202,3.1077221929161296
84eeec681987753029eb83ea5f3ff7e8b5697783cdb2035f2882d40c9a3f1029,27,249.01573033707865,115.6808988764045,445.0,591.0,445.0,165.36753236814712,173.03001526780744,46.44426848563319,14.540223712848231,0.9497306458952677,-1.5321395823272708,0.7529610829103215,0.6180555555555556,1,23.803184606416586,240,93,256,138,0.18677854278980405,3.194192152944213,-87.78513169228934,0.0,True,0.04988764120119341,0.05098039284348488,0.0029360881962431314,0.03921568766236305,0.05882352963089943,22.20000033453107,40.45332821189241,4.616481602728003,0.3978367907912839,0.3851642437666388,-0.004066538207348258,0.14837117259639804,42.187228777413786,38.719427646371045,3.2130249737565713
3f9fc8e63f87e8a56d3eaef7db26f1b6db874d19f12abd5a752821b78d47661e,1,4.078431372549019,245.33823529411765,204.0,211.0,204.0,61.798989873223334,61.270633347353744,25.974896789334373,10.81771334879825,0.9091503747599734,-1.381140100754797,0.966824644549763,0.7132867132867133,1,16.11647812414279,0,235,11,261,0.6828656895628861,2.401144858605442,-79.13349868952315,0.0,True,0.15284506403201936,0.16078431904315948,0.03128698176241887,0.062745101749897,0.2078431397676468,31.180393062531948,29.80226982174124,4.021332127796467,0.24629997013295468,0.09721485190898231,0.5583439141691595,0.00946441938575776,17.321992425461726,42.28254721802075,7.142096160284446
3f9fc8e63f87e8a56d3eaef7db26f1b6db874d19f12abd5a752821b78d47661e,2,6.432885906040268,390.11073825503354,298.0,315.0,298.0,71.59797974644667,70.56065828700996,24.70522159481083,16.198056622265593,0.7550622047083726,-1.3705645970150753,0.946031746031746,0.745,1,19.47884453275087,0,379,16,404,0.7521438008609902,1.5251966437042468,-78.52756695901228,0.0,True,0.10094749542490748,0.10196078568696976,0.02032521703593642,0.0470588244497776,0.16078431904315948,30.08235363662243,15.874263654782501,2.963786384820684,0.29364445190253413,0.0906287877328468,0.6729119696573838,0.008258304027255478,9.340389680414326,22.408137629150676,7.358108040366034
3f9fc8e63f87e8a56d3eaef7db26f1b6db874d19f12abd5a752821b78d47661e,3,3.533333333333333,674.8761904761905,105.0,113.0,105.0,39.17766952966369,42.309444367983346,15.559196173382777,9.144907231371473,0.8090430873211779,-1.441394215292142,0.9292035398230089,0.7291666666666666,1,11.562445770562215,0,668,9,684,0.7370967887795272,1.701405577960067,-82.58580515081088,0.0,True,0.14513539118426186,0.13333334028720856,0.051120959317400204,0.06666667014360428,0.250980406999588,15.239216074347496,64.45634761028684,6.118555021684222,0.17338550018153984,0.10635269154037477,0.5240413122331342,0.011350642313257022,29.751539678745022,99.16115554182866,6.698566604287629
3f9fc8e63f87e8a56d3eaef7db26f1b6db874d19f12abd5a752821b78d47661e,4,4.433333333333334,4.316666666666666,60.0,69.0,60.0,30.106601717798213,31.813413918773044,11.275544375342921,7.283763460655744,0.7633552870012512,-1.1930950795933981,0.8695652173913043,0.6818181818181818,1,8.740387444736633,1,0,9,11,0.7449730504214765,1.5480382409793143,-68.35931261852674,0.0,True,0.09405228930215041,0.09803921729326248,0.0169354204998297,0.054901961237192154,0.12156862765550613,5.6431373581290245,62.6987629488289,5.8626492106979935,0.16997529757473173,0.1420818786962152,0.3886452858963859,0.020260311501230942,33.47243432256623,91.92509157509157,5.7772668627924695
3f9fc8e63f87e8a56d3eaef7db26f1b6db874d19f12abd5a752821b78d47661e,5,3.204081632653061,23.632653061224488,49.0,56.0,49.0,27.935028842544405,29.36193465356621,10.331963440878217,6.475742903988959,0.7792060155454555,1.4030605840115296,0.875,0.6363636363636364,1,7.898654169668588,0,19,7,30,0.7142275667671265,1.595486972547024,80.38944986502112,0.0,True,0.07859143903669046,0.0784313753247261,0.013537480295531017,0.054901961237192154,0.10980392247438431,3.8509805127978325,62.312725563909765,6.242348551559077,0.17037588419282249,0.17422250756131488,0.37641784787165844,0.03047777879918224,27.08928571428572,97.53616541353381,5.276135002730095
3f9fc8e63f87e8a56d3eaef7db26f1b6db874d19f12abd5a752821b78d47661e,6,13.583710407239819,608.2443438914028,221.0,233.0,221.0,57.35533905932738,57.05778820532303,22.393911170472773,12.631108743398174,0.8257460302209783,-0.7441817516762835,0.9484978540772532,0.6138888888888889,1,16.774562271083887,4,600,24,618,0.8530456496313129,1.7729172969219558,-42.63847356170372,0.0,False,0.1727442153775854,0.16862745583057404,0.04915088784163709,0.08235294371843338,0.2980392277240753,38.17647159844637,40.29066904950075,4.696144330511511,0.22432675018426598,0.08030223319623941,0.5623604553228624,0.006481491871521094,18.50638597910113,62.07495211990037,7.602019433631177
3f9fc8e63f87e8a56d3eaef7db26f1b6db874d19f12abd5a752821b78d47661e,7,27.324528301886794,546.7786163522013,795.0,849.0,795.0,124.8111831820431,121.7953367774087,46.447625454801496,22.087485060533567,0.8796966451871885,-0.4964050676403335,0.9363957597173145,0.6162790697674418,1,31.815490536285218,6,532,49,562,0.6734659941389831,2.1028933501259135,-28.441915304697265,0.0,False,0.12285609007725176,0.12941177189350128,0.03130505680831867,0.05098039284348488,0.18431372940540314,97.67059161141515,13.844883032319691,2.7047438520788374,0.33016368599849466,0.07319936411048307,0.8520097652505486,0.005413848812311488,7.678581246812733,20.01118481782665,7.967186202210778
3f9fc8e63f87e8a56d3eaef7db26f1b6db874d19f12abd5a752821b78d47661e,8,29.427953890489913,68.46253602305475,694.0,716.0,694.0,100.08326112068522,97.56639845038382,37.16422270477563,23.811829583726965,0.7677753297450792,-0.5583739542768877,0.9692737430167597,0.7289915966386554,1,29.72588508432008,13,55,47,83,0.916154642870523,1.5607462070102212,-31.99247097009647,0.0,False,0.11765271356001883,0.12156862765550613,0.02261556355611188,0.05098039284348488,0.16078431904315948,81.65098321065307,16.756221374197068,3.0381369705246346,0.2994757502146152,0.08213494388543845,0.7341239719794257,0.006785683541907308,9.725483709441752,23.786959038952382,7.685641432172119
3f9fc8e63f87e8a56d3eaef7db26f1b6db874d19f12abd5a752821b78d47661e,9,22.955307262569832,630.8156424581006,179.0,196.0,179.0,55.698484809834994,55.48699187852813,22.96685079014319,10.276265555330301,0.8943144357143697,-0.2997425794615372,0.9132653061224489,0.6258741258741258,1,15.09668435477122,12,625,34,638,0.7306014553589728,2.234941347757433,-17.173984743510793,0.0,False,0.2522291668050782,0.2549019753932953,0.09216157194927564,0.08627451211214066,0.4274509847164154,45.149020858109,66.61579305838868,6.378636879310853,0.1520628260087602,0.07343666462761887,0.4667128561755283,0.005399527985045402,29.399006948465566,103.83257916831181,7.667689324428514
3f9fc8e63f87e8a56d3eaef7db26f1b6db874d19f12abd5a752821b78d47661e,10,41.464285714285715,442.61160714285717,1120.0,1161.0,1120.0,139.39696961967,134.83813126684032,55.95426935912892,25.58375666867486,0.8893504500592895,-0.2740162092215175,0.9646856158484065,0.7021943573667712,1,37.762789755305185,14,428,69,457,0.7741095704716234,2.1871013738822875,-15.699972306566702,0.0,False,0.1290581273247621,0.13333334028720856,0.03435529667641137,0.03921568766236305,0.2078431397676468,144.54510260373354,13.920029883822972,2.752975801742611,0.3263709588998158,0.08418946522490263,0.7822099074053498,0.0071716746065391065,7.555239777707587,20.28481998993836,7.677112630389905
3f9fc8e63f87e8a56d3eaef7db26f1b6db874d19f12abd5a752821b78d47661e,11,30.99176107106076,121.98558187435633,971.0,1003.0,971.0,120.91168824543142,117.31298559315167,46.27723112574193,26.809920935108423,0.8150910565453158,-1.5644599019979535,0.9680957128614157,0.7818035426731079,1,35.16127981086358,18,100,45,146,0.8866187647591397,1.7261233719320843,-89.63694960193313,0.0,False,0.167605666077315,0.1725490242242813,0.044007098306587486,0.04313725605607033,0.29019609093666077,162.74510176107287,11.778430756499679,2.5602844834195073,0.33484729326345614,0.0848943842461291,0.7534177499189373,0.007295932717661649,6.191877012552639,17.364984500446717,7.591021563010513
3f9fc8e63f87e8a56d3eaef7db26f1b6db874d19f12abd5a752821b78d47661e,12,39.550925925925924,12.717592592592593,648.0,669.0,648.0,95.698484809835,93.40936983726891,32.190859421333045,26.132358240683203,0.5839434142754809,0.9980665301409781,0.968609865470852,0.8275862068965517,1,28.723844188903154,26,0,53,29,0.933262865116359,1.231839052750237,57.18499985034462,0.0,True,0.11136529034141589,0.11372549086809158,0.025340454104356192,0.04313725605607033,0.18039216101169586,72.1647081412375,10.450519360461824,2.33165032875769,0.37597799273585814,0.10288452806259099,0.8064895366088843,0.010715070540938159,6.003746791049673,14.897291929873974,7.357810050715532
3f9fc8e63f87e8a56d3eaef7db26f1b6db874d19f12abd5a752821b78d47661e,13,38.917073170731705,657.0666666666667,615.0,644.0,615.0,101.84062043356596,99.23247955219321,41.70375841875145,18.88357425475761,0.8916107437052894,-1.2262728462328318,0.9549689440993789,0.68561872909699,1,27.982893345973448,28,638,51,677,0.7848330677901696,2.208467414914548,-70.26025862063624,0.0,False,0.09087836964101326,0.09019608050584793,0.017292528146661438,0.0470588244497776,0.12941177189350128,55.890197329223156,20.712461469566268,3.3661773526691254,0.2907764844669023,0.08921266386375518,0.7131135315235657,0.008042814756426837,11.87706921799206,29.547853721140477,7.309329776021073
3f9fc8e63f87e8a56d3eaef7db26f1b6db874d19f12abd5a752821b78d47661e,14,42.61440677966102,691.3177966101695,236.0,246.0,236.0,69.59188309203678,70.19586746976914,30.47397667460535,10.529356119550554,0.9384115347455716,-0.0179172596607856,0.959349593495935,0.7612903225806451,1,17.334489682638438,27,686,58,696,0.6018645670270903,2.8941918507269686,-1.026583359003016,0.0,True,0.10712861661183631,0.10980392247438431,0.017903978392980326,0.062745101749897,0.14509804546833038,25.28235352039337,23.92797212051967,3.8318945539209364,0.24022684637646635,0.09402478072228379,0.6770310479457302,0.008879401587767063,12.956482780663064,34.89946146037627,7.072472648223037
3f9fc8e63f87e8a56d3eaef7db26f1b6db874d19f12abd5a752821b78d47661e,15,42.54992319508449,327.83563748079877,651.0,678.0,651.0,97.25483399593904,94.88488138904933,34.17167104029298,24.58259634735118,0.6946112958104229,1.5626888583072789,0.9601769911504425,0.7364253393665159,1,28.79025779013781,30,310,56,344,0.90865038410596,1.3900757494224176,89.53547627312419,0.0,False,0.12850818165024305,0.12941177189350128,0.03154130740166458,0.0470588244497776,0.2235294133424759,83.65882625430822,15.028430663421638,2.8871012771646525,0.3115187971135606,0.08822344912691812,0.699155042296834,0.00786149371453062,8.272431992663996,21.78442933417928,7.5822496665123635
3f9fc8e63f87e8a56d3eaef7db26f1b6db874d19f12abd5a752821b78d47661e,16,47.43541666666667,494.60625,480.0,498.0,480.0,86.87005768508881,85.03949608212332,35.06640403839851,17.522365138245767,0.8662037539393375,-0.05498009473731191,0.963855421686747,0.8304498269896193,1,24.721548929484133,31,487,65,504,0.8340839136088144,2.0012369198870115,-3.150127385677401,0.0,False,0.15219771668004492,0.1568627506494522,0.03497209140722571,0.054901961237192154,0.2235294133424759,73.05490400642157,18.43597051120317,3.265070942004487,0.2745568630845769,0.08091537163130379,0.7268937914131472,0.006600786438140499,9.934473827401467,26.937467195004874,7.685774163925583
3f9fc8e63f87e8a56d3eaef7db26f1b6db874d19f12abd5a752821b78d47661e,17,46.95345104333868,374.7351524879615,623.0,645.0,623.0,94.42640687119285,92.20336432771484,34.54566046587861,23.11744557189861,0.7430956429904517,-0.4715229944732565,0.9658914728682171,0.7487980769230769,1,28.16430784468183,32,363,64,389,0.920882828422075,1.494354571245192,-27.01627752668804,0.0,False,0.13617222607853324,0.1411764770746231,0.03474909977787374,0.04313725605607033,0.20000000298023224,84.83529684692621,20.66279061226789,3.339622462063798,0.28480669849850554,0.08120186769693294,0.7267308630764682,0.0066369952771011785,10.894246596410031,30.431334628125754,7.830394312909913
3f9fc8e63f87e8a56d3eaef7db26f1b6db874d19f12abd5a752821b78d47661e,18,57.72779369627507,232.1127029608405,1047.0,1074.0,1047.0,119.9827560572969,116.43230265473973,40.57954296657934,32.93946549430371,0.5840385988494758,-1.0255252538883568,0.9748603351955307,0.7670329670329671,1,36.511392788247825,41,213,76,252,0.9705313594833175,1.2319429704649227,-58.75826883188506,0.0,False,0.13664813083529814,0.14509804546833038,0.03254430559408896,0.03529411926865578,0.20392157137393951,143.07059298455715,18.501303013027716,3.109041146968072,0.3101822971226079,0.0925504705056948,0.6587304312527112,0.008646571658711775,10.325286055156498,26.677319970898935,7.583618310425953
3f9fc8e63f87e8a56d3eaef7db26f1b6db874d19f12abd5a752821b78d47661e,19,64.05911330049261,588.1780436312456,1421.0,1583.0,1421.0,171.2670273047588,171.36393416599805,49.94581965468656,40.8628495688567,0.5750140452794481,0.709264543850439,0.897662665824384,0.6167534722222222,1,42.53555445822549,43,565,91,613,0.6080861245815009,1.2222794098224703,40.63786492090166,0.0,False,0.1506782061906032,0.14509804546833038,0.04501800364478723,0.04313725605607033,0.26274511218070984,214.11373099684715,10.688225306508222,2.3891084816481025,0.3631849227930833,0.08196145181287855,0.8488035585667824,0.006816284299318812,5.278977611924439,16.097473001092006,7.794436602839821
3f9fc8e63f87e8a56d3eaef7db26f1b6db874d19f12abd5a752821b78d47661e,20,70.55319148936171,355.57253384912957,517.0,538.0,517.0,90.76955262170047,88.7364491029829,35.76017095112188,18.666923506274358,0.8529435291632355,-0.15809399853607914,0.9609665427509294,0.7774436090225564,1,25.65667251667837,53,346,88,365,0.8250804851975099,1.9156970852268242,-9.05811888246475,0.0,False,0.18059696185058505,0.18431372940540314,0.033804015527633714,0.07450980693101883,0.24705882370471954,93.36862927675247,23.337006879365106,3.6494766372980307,0.2593619145938218,0.08571013999767353,0.5794376407485744,0.007408024276665299,12.117357617675086,34.55665614105512,7.587616797304291
3f9fc8e63f87e8a56d3eaef7db26f1b6db874d19f12abd5a752821b78d47661e,21,74.39916550764951,660.1084840055632,719.0,775.0,719.0,109.39696961966999,106.39634779778474,44.26110478375285,21.579042650087455,0.8731008585324449,-0.54862450854461,0.927741935483871,0.6103565365025467,1,30.256556854086718,55,644,93,675,0.7981514620067954,2.0511153113446148,-31.43386887704512,0.0,False,0.11257465781128456,0.11764705926179886,0.02668211173710067,0.03529411926865578,0.1764705926179886,80.9411789663136,13.367756518971067,2.727104876037756,0.32701406823082946,0.0941253792121523,0.7641585075246401,0.008957810467385406,6.784009992427471,19.95150304551466,7.518134454163073
3f9fc8e63f87e8a56d3eaef7db26f1b6db874d19f12abd5a752821b78d47661e,22,71.00926998841251,58.417149478563154,863.0,891.0,863.0,116.42640687119285,113.06067220502227,46.58278904917043,23.77013816275485,0.8600099496323543,1.5693215840444688,0.9685746352413019,0.8338164251207729,1,33.14823867276277,60,36,83,81,0.8483938921912112,1.9597189015148617,89.91550346453297,0.0,False,0.17481199125322242,0.18039216101169586,0.05200880825704637,0.054901961237192154,0.29019609093666077,150.86274845153093,12.969900151715088,2.700176136999954,0.32357270342283884,0.0872670201202437,0.8327635851750816,0.007735829819582204,6.401347089141921,19.538453214288253,7.68742463400825
3f9fc8e63f87e8a56d3eaef7db26f1b6db874d19f12abd5a752821b78d47661e,23,75.65127020785219,132.88221709006928,866.0,885.0,866.0,108.08326112068522,105.15087404213199,37.804454931921505,29.204850987033588,0.6349854940576399,-1.1866691916918146,0.9785310734463277,0.8018518518518518,1,33.20580439833751,61,115,91,151,0.9842422006268776,1.2944580661858531,-67.99113636214183,0.0,False,0.21419644609575458,0.21960784494876862,0.04269491600577232,0.08627451211214066,0.30588236451148987,185.49412231892347,15.653641077440765,2.9861132577008465,0.29528348440657615,0.07895920969545886,0.7272417815774588,0.006293416456687446,8.377973587719238,22.929308567162295,7.7697125984244355
3f9fc8e63f87e8a56d3eaef7db26f1b6db874d19f12abd5a752821b78d47661e,24,74.20759837177748,558.6160108548169,737.0,765.0,737.0,101.84062043356595,99.23247955219321,36.18356547094716,26.07752620878608,0.6932461987386711,1.2916090626570176,0.9633986928104575,0.7798941798941799,1,30.632948674096244,61,541,88,576,0.9405235300184634,1.387538264989113,74.00374807109542,0.0,False,0.1417458212784058,0.14509804546833038,0.025950688726256155,0.054901961237192154,0.20392157137393951,104.46667028218508,12.460208342347377,2.564743762795407,0.3496402397015398,0.10165838451905182,0.7294285264675586,0.01043482748297948,7.3368041577531455,17.583612526941607,7.284599573262465
3f9fc8e63f87e8a56d3eaef7db26f1b6db874d19f12abd5a752821b78d47661e,25,79.71111111111111,296.5148148148148,540.0,574.0,540.0,93.74011537017762,91.55271918543056,36.43548368802227,19.52107229825336,0.8443633877852912,-0.7030684581079758,0.9407665505226481,0.6221198156682027,1,26.221162334209897,63,282,94,310,0.8095825309079518,1.8664693789020146,-40.28285535835734,0.0,False,0.17189542873314134,0.18039216101169586,0.032773286281035346,0.07058823853731155,0.2549019753932953,92.82353151589632,19.386681172285503,3.2883793787647417,0.28380884079897906,0.09728949590203359,0.5769232643770914,0.009502538966089082,10.420831290500944,28.352531054070063,7.370234345174644
3f9fc8e63f87e8a56d3eaef7db26f1b6db874d19f12abd5a752821b78d47661e,26,87.88852988691438,322.8642972536349,619.0,648.0,619.0,98.5685424949238,96.13035514470208,34.63135958736167,23.427081456656005,0.7364700393741201,0.7622099226528138,0.9552469135802469,0.6877777777777778,1,28.07374713484229,72,309,102,339,0.8417428178920338,1.478261799338319,43.671411670999156,0.0,False,0.15513320465802377,0.1568627506494522,0.032666997147360606,0.06666667014360428,0.21960784494876862,96.02745368331671,24.99776434777597,3.7044168970470013,0.2583420155546408,0.07605643898155451,0.6458952778616854,0.005829612625544996,13.97806719642728,36.017461499124664,7.9165604189533445
3f9fc8e63f87e8a56d3eaef7db26f1b6db874d19f12abd5a752821b78d47661e,27,91.17675544794189,174.86198547215497,826.0,852.0,826.0,112.22539674441617,109.07786485911922,43.301563440420495,24.38523506753706,0.8263553278764888,-0.6692897741479478,0.9694835680751174,0.6764946764946765,1,32.429860683500394,73,159,110,192,0.8724020045485882,1.7757287686787924,-38.34747932994148,0.0,False,0.11891468797447317,0.12156862765550613,0.028017133091903818,0.03921568766236305,0.20000000298023224,98.22353226691484,16.851107523689752,3.0273362028907433,0.3044702196768404,0.09300682274575318,0.6324074098148721,0.008763421553585313,9.208019644077899,24.494195403301603,7.480372072578501
3f9fc8e63f87e8a56d3eaef7db26f1b6db874d19f12abd5a752821b78d47661e,28,87.44590163934426,525.3377049180328,610.0,639.0,610.0,95.25483399593904,92.9887624911123,33.62067093543543,23.449742458124714,0.7166043388567166,1.5682592958043051,0.9546165884194053,0.7475490196078431,1,27.868909599918855,76,508,100,542,0.8865000467697061,1.4337330567904278,89.85463883174522,0.0,False,0.1560527206016857,0.16078431904315948,0.031254992679527784,0.05882352963089943,0.23529411852359772,95.19215956702828,18.487228904583908,3.2413925114540536,0.27496596681428376,0.08539539569996424,0.6239841517922307,0.007362775186185753,10.090058335382487,26.88439947378533,7.610107888550052
3f9fc8e63f87e8a56d3eaef7db26f1b6db874d19f12abd5a752821b78d47661e,29,100.47185430463576,491.3493377483444,604.0,628.0,604.0,96.42640687119285,94.09948322565188,36.54888323639146,21.736881450351003,0.8039221888941154,0.10272704529961182,0.9617834394904459,0.7626262626262627,1,27.73151068766428,84,480,120,502,0.8571805851958633,1.681422577561202,5.885826137516979,0.0,False,0.1587586071934329,0.16078431904315948,0.03321083014889942,0.05882352963089943,0.25882354378700256,95.89019874483347,15.514899307153291,2.902241555909435,0.3182472713027257,0.09789600063836035,0.639299540832491,0.009659711045363475,8.515640521313923,22.51415809299266,7.43723895990726
3f9fc8e63f87e8a56d3eaef7db26f1b6db874d19f12abd5a752821b78d47661e,30,106.2625,461.20625,800.0,825.0,800.0,106.66904755831213,103.81011551146472,37.876938757327935,27.07793170413186,0.6992345854433838,0.28960567211950455,0.9696969696969697,0.7936507936507936,1,31.915382432114615,89,447,125,475,0.9328686586346149,1.398812109107589,16.593182735497145,0.0,False,0.1867598078865558,0.1921568661928177,0.04670779004352755,0.06666667014360428,0.3019607961177826,149.40784630924463,12.6656489241406,2.723238031668117,0.30957560014656127,0.07830963154722292,0.7923141514348953,0.006215131615276872,6.3817746672130955,18.949523181068102,7.742552599919946
3f9fc8e63f87e8a56d3eaef7db26f1b6db874d19f12abd5a752821b78d47661e,31,118.43896424167694,298.308261405672,811.0,882.0,811.0,115.39696961966999,112.08470449159584,39.2014543703177,27.50000784633923,0.712664742827943,-1.4888168755659092,0.9195011337868481,0.735934664246824,1,32.13405157741889,104,280,133,318,0.8112188169101036,1.4255070249202184,-85.30292343778045,0.0,False,0.24297285653218975,0.24705882370471954,0.05067626200252554,0.10196078568696976,0.364705890417099,197.0509866476059,16.781739158269737,3.081764255088142,0.2903463012629864,0.07867135074852663,0.699031026815341,0.006254993849601477,8.784713526547032,24.778764789992437,7.793810689396405
3f9fc8e63f87e8a56d3eaef7db26f1b6db874d19f12abd5a752821b78d47661e,32,117.77733598409543,681.7614314115308,503.0,524.0,503.0,88.66904755831213,86.74504543003137,33.82584416990093,19.082769610358056,0.8256739420607833,-0.8525655896316151,0.9599236641221374,0.6653439153439153,1,25.30690599424961,105,668,132,696,0.840017805012561,1.7725856812493501,-48.84841004397404,0.0,True,0.1581491489652137,0.16470588743686676,0.026165603419175065,0.07450980693101883,0.20392157137393951,79.54902192950249,21.17306703830004,3.4534439804925654,0.26866110091894824,0.0808978857682259,0.6462576491811702,0.006586762575314107,12.148074336278858,30.19805974032122,7.681016634691359
3f9fc8e63f87e8a56d3eaef7db26f1b6db874d19f12abd5a752821b78d47661e,33,125.94924554183814,224.57201646090536,729.0,752.0,729.0,104.08326112068522,101.3586362462579,39.4379633192167,23.808021565052503,0.797224581176406,-0.3314197393371177,0.9694148936170213,0.7378542510121457,1,30.46623751157884,107,211,145,237,0.8916940631573547,1.6564989749970318,-18.98895231134271,0.0,False,0.14706689704449744,0.14901961386203766,0.03435556255227242,0.054901961237192154,0.21568627655506134,107.21176794543862,17.603200490881832,3.1549618815560887,0.2875130271045026,0.08162845679712996,0.7434656128055401,0.00675553271093518,9.301038341893545,25.90536263987012,7.737655601881844
3f9fc8e63f87e8a56d3eaef7db26f1b6db874d19f12abd5a752821b78d47661e,34,120.22606924643584,365.64765784114053,491.0,506.0,491.0,81.01219330881975,79.48589240942536,26.82295019599381,23.43058062468206,0.4867750686381039,-0.7618915920116849,0.9703557312252964,0.7553846153846154,1,25.003212122944625,108,353,133,379,0.9765876931893895,1.1447838457634372,-43.65317266877277,0.0,False,0.19492033404694556,0.20000000298023224,0.03931068664787869,0.07450980693101883,0.2705882489681244,95.70588401705027,22.15381004833963,3.595945435546568,0.250283782499519,0.0809895127491356,0.6262968420504087,0.006598627378573878,12.219807528203377,32.08781256847588,7.679451132493096
3f9fc8e63f87e8a56d3eaef7db26f1b6db874d19f12abd5a752821b78d47661e,35,124.81543624161074,115.67785234899328,596.0,616.0,596.0,91.49747468305833,89.42656249136587,32.052676138943205,23.88460084171033,0.6668777558045492,0.24904758262184942,0.9675324675324676,0.7224242424242424,1,27.547246117573295,109,104,142,129,0.9365329240377095,1.3419808164835956,14.269375382167638,0.0,False,0.16542308573804845,0.16862745583057404,0.03939918405865502,0.0470588244497776,0.24313725531101227,98.59215909987688,15.697830657355961,2.979149506216617,0.2993754871378316,0.08722580747806703,0.7449891046315169,0.0076604066182728945,8.38672350362714,23.00893781108478,7.520899956399136
3f9fc8e63f87e8a56d3eaef7db26f1b6db874d19f12abd5a752821b78d47661e,36,129.09922178988327,79.93774319066148,514.0,533.0,514.0,86.42640687119285,84.61888873596669,31.686403320923674,20.7032341901489,0.7570308651646883,-0.49637460811577544,0.9643527204502814,0.7385057471264368,1,25.582125126616702,115,68,144,92,0.9020660700778023,1.5305049940458495,-28.440170102494115,0.0,False,0.19051652168311498,0.1980392187833786,0.04414949136843493,0.07058823853731155,0.2862745225429535,97.9254921451211,23.455157580246947,3.6030510734214625,0.2697889611178556,0.08420319436406344,0.6196797334673154,0.0071615341728055466,11.830780750525902,35.079534409968,7.70455620617126
3f9fc8e63f87e8a56d3eaef7db26f1b6db874d19f12abd5a752821b78d47661e,37,129.8593588417787,538.2306101344363,967.0,1018.0,967.0,121.9827560572969,118.32842155267676,44.46785029248608,28.721954508692846,0.7634187915635989,-0.9169060100188613,0.949901768172888,0.693687230989957,1,35.088782249586586,115,520,149,561,0.8678770329568098,1.548218115832878,-52.534844584260725,0.0,False,0.11694547900739352,0.12156862765550613,0.024352474244324095,0.04313725605607033,0.1725490242242813,113.08627820014954,16.355921419929313,2.912881001029375,0.3190332769020477,0.09335956834049883,0.6828021517867593,0.00878733909124621,9.600454335199132,23.111388504659494,7.592858034197209
3f9fc8e63f87e8a56d3eaef7db26f1b6db874d19f12abd5a752821b78d47661e,38,138.84010484927916,159.80733944954127,763.0,780.0,763.0,104.91168824543142,102.14403440965535,39.991683000671216,24.34393048361899,0.793381421443526,0.6280916214944459,0.9782051282051282,0.7266666666666667,1,31.1686023528956,122,145,157,175,0.9189849251764436,1.64277839306112,35.98699905916013,0.0,False,0.13394495839470336,0.13333334028720856,0.029471903764508,0.05098039284348488,0.20392157137393951,102.20000325515866,17.385404300395017,3.0090982249682146,0.3115516456603723,0.08542851108607388,0.7001022171246016,0.007379639601092296,9.869634602611836,24.901173998178194,7.688843369390716
3f9fc8e63f87e8a56d3eaef7db26f1b6db874d19f12abd5a752821b78d47661e,39,145.23619047619047,393.0904761904762,1050.0,1097.0,1050.0,125.39696961966999,121.56529898128105,44.78196135377975,30.525524160781195,0.7316804736983791,0.057232273421732954,0.9571558796718322,0.7291666666666666,1,36.56366395715726,122,377,167,409,0.892852909166149,1.4670333298097806,3.279167719004053,0.0,False,0.18400373858000552,0.18627451360225677,0.041418334938181686,0.05098039284348488,0.2705882489681244,193.20392550900578,9.898005058909986,2.35792004262498,0.35323807751284736,0.0871385930014745,0.8194570045189682,0.007715647365031549,5.272567240509138,14.523442877310833,7.514049802167143
3f9fc8e63f87e8a56d3eaef7db26f1b6db874d19f12abd5a752821b78d47661e,40,138.9060606060606,261.5439393939394,660.0,683.0,660.0,95.84062043356595,93.54412285838208,31.74347477486603,26.736158081869075,0.5390764798869139,-0.5685277642553556,0.9663250366032211,0.7857142857142857,1,28.988585676524604,124,248,154,276,0.9478089065311827,1.1872863213055518,-32.5742414278405,0.0,False,0.14918598215462583,0.15294118225574493,0.027985964724907653,0.062745101749897,0.21568627655506134,98.46274822205305,17.4364911795423,3.1579404477384996,0.28177442929733276,0.08766915605792105,0.6553835785727891,0.00774145066831171,10.420085376262836,24.452896982821766,7.562693496569004
3f9fc8e63f87e8a56d3eaef7db26f1b6db874d19f12abd5a752821b78d47661e,41,143.31948881789137,653.6246006389777,626.0,649.0,626.0,93.49747468305833,91.3226813893029,31.721077568832744,25.354867360548027,0.600923392692963,-0.024483002770116613,0.9645608628659477,0.7524038461538461,1,28.2320377409108,128,642,160,668,0.9432501609363579,1.2510843428110567,-1.4027727285347853,0.0,False,0.1405249685882189,0.14901961386203766,0.028199984075147646,0.05098039284348488,0.1921568661928177,87.96863033622503,16.832354280627534,2.9882271930168343,0.3109590923466524,0.09368554246721769,0.7190336870245344,0.008814646690502382,9.52802790625419,24.136680655000877,7.508598629074217
3f9fc8e63f87e8a56d3eaef7db26f1b6db874d19f12abd5a752821b78d47661e,42,154.02133850630455,589.8128031037827,1031.0,1068.0,1031.0,132.36753236814712,128.1738068596028,53.57187747386631,24.807699616233407,0.8863200498285742,-0.9459580941649539,0.9653558052434457,0.5898169336384439,1,36.23133961947795,135,566,173,612,0.788623950648241,2.1594858976287545,-54.19940639189077,0.0,False,0.1765504688219638,0.18039216101169586,0.041611560137222864,0.0470588244497776,0.2862745225429535,182.02353335544467,12.23316680682474,2.6754139305338227,0.31226274437936435,0.08225545217059799,0.7467053978577102,0.006837679263046285,6.519205745275308,17.94712786837417,7.686907631944957
3f9fc8e63f87e8a56d3eaef7db26f1b6db874d19f12abd5a752821b78d47661e,43,161.20185029436502,331.94617325483597,1189.0,1222.0,1189.0,129.88225099390854,125.81761236941041,44.70564092145973,34.05029078441814,0.6479823461742652,-0.5375011296743822,0.9729950900163666,0.7276621787025703,1,38.90863424344407,140,314,183,352,0.9438627350960568,1.3129297839041545,-30.796546213856075,0.0,False,0.1287950037957441,0.12941177189350128,0.03156400208881607,0.03921568766236305,0.21568627655506134,153.13725951313972,9.324612365505956,2.2374333267185893,0.37691750440195604,0.0910440910118914,0.826417511815629,0.008404874896335141,5.037774060663069,13.611450670348841,7.472029609410198
3f9fc8e63f87e8a56d3eaef7db26f1b6db874d19f12abd5a752821b78d47661e,44,157.12093628088425,494.2158647594278,769.0,794.0,769.0,102.8111831820431,100.15263073670383,33.62631482929702,29.23071027292224,0.4943185907776484,1.315401783887216,0.9685138539042821,0.7323809523809524,1,31.29091257699814,143,477,173,512,0.9634107340671335,1.1503762486553957,75.3669705807171,0.0,False,0.18908182581007404,0.19607843458652496,0.03571799917194324,0.07058823853731155,0.250980406999588,145.40392404794693,15.22511697586081,2.8650454136733847,0.3148563508315524,0.08802333386659641,0.7365140652540558,0.007828339523310118,8.349099993340085,22.10113395838154,7.561145362878004
3f9fc8e63f87e8a56d3eaef7db26f1b6db874d19f12abd5a752821b78d47661e,45,164.18090452261308,683.0753768844221,597.0,625.0,597.0,94.87005768508881,92.62397167387148,30.159662974036202,26.377201306624112,0.48487148284113946,1.3404215854269217,0.9552,0.820054945054945,1,27.570346537664197,152,668,178,696,0.8744548610920221,1.143398900567294,76.80049961319715,0.0,True,0.11824482238197846,0.12156862765550613,0.02121573235847628,0.0470588244497776,0.16862745583057404,70.59215896204114,15.842387592912921,2.8583989895805515,0.31859982038157775,0.09351327031483196,0.6490857626641675,0.008787188881743447,9.65637314173261,22.028402044093237,7.399543260554079
3f9fc8e63f87e8a56d3eaef7db26f1b6db874d19f12abd5a752821b78d47661e,46,175.37299035369776,434.43086816720256,933.0,970.0,933.0,119.88225099390857,116.33701787972524,42.20311881562386,28.240099894308322,0.7431298605293376,0.3637032506130417,0.9618556701030928,0.6941964285714286,1,34.46639660942099,155,420,197,452,0.8662747452975247,1.494439430935927,20.83866125531616,0.0,False,0.10819830870034228,0.10980392247438431,0.01986117150012758,0.04313725605607033,0.15294118225574493,100.94902201741934,16.703513977714547,2.9655316881607945,0.30693815117892237,0.08791656112784565,0.6468123530005911,0.007768976971196627,10.171499315394565,23.235528640034534,7.496635051364945
3f9fc8e63f87e8a56d3eaef7db26f1b6db874d19f12abd5a752821b78d47661e,47,173.7248322147651,98.51845637583892,596.0,629.0,596.0,109.29646455628166,106.30106302277025,46.75998995804214,16.58710491744258,0.9349693221359848,0.9209454075579656,0.9475357710651828,0.4775641025641026,1,27.547246117573295,159,78,191,117,0.6627975717969821,2.8190567426188107,52.76628501502694,0.0,False,0.16204106158908183,0.16470588743686676,0.047255202124398474,0.05882352963089943,0.2549019753932953,96.57647270709276,20.970800388729447,3.4923266574035092,0.2597424627744356,0.07122692547538695,0.7717107871593673,0.005140328492981985,9.84582644228729,32.095774335171605,8.011211118679425
3f9fc8e63f87e8a56d3eaef7db26f1b6db874d19f12abd5a752821b78d47661e,48,176.7779632721202,144.35726210350583,599.0,618.0,599.0,90.66904755831214,88.64116432796843,31.915451317923612,23.93163666121785,0.661613714896944,0.3839533679054843,0.9692556634304207,0.7431761786600496,1,27.616489409343153,162,132,193,158,0.9580006029009093,1.333609220703398,21.998907510818007,0.0,False,0.16629677303819504,0.1725490242242813,0.03977486703825099,0.05882352963089943,0.26274511218070984,99.61176704987884,15.230599303272532,2.9597733568226157,0.3001425373814596,0.0836526309313009,0.7384976440747717,0.0070761330885695806,7.775597310585427,22.685601295959636,7.645888501925231
3f9fc8e63f87e8a56d3eaef7db26f1b6db874d19f12abd5a752821b78d47661e,49,181.3270013568521,270.2279511533243,737.0,775.0,737.0,104.91168824543142,102.14403440965535,37.920676840100015,25.34068442399858,0.7439322321822877,-0.07623897134415204,0.9509677419354838,0.7459514170040485,1,30.632948674096244,162,258,200,284,0.887669580412895,1.4964345952782439,-4.368171292438737,0.0,False,0.1924335595468006,0.1921568661928177,0.053689903520547706,0.062745101749897,0.30980393290519714,141.82353338599205,13.333345325933745,2.713235175873979,0.3262462541942897,0.07544430381304709,0.832806169145446,0.005790944167589625,6.664409607085491,20.002281044782002,7.870463735793828
3f9fc8e63f87e8a56d3eaef7db26f1b6db874d19f12abd5a752821b78d47661e,50,183.87878787878788,216.31457431457432,693.0,783.0,693.0,110.91168824543142,111.06926853207075,38.3959132977054,24.589186499033115,0.7680319274678888,-1.0297262492693293,0.8850574712643678,0.6369485294117647,1,29.70446102021492,168,199,200,233,0.7059196565683571,1.561495875400969,-58.99896813696874,0.0,False,0.14460572558435011,0.14901961386203766,0.03233605196644327,0.0470588244497776,0.21568627655506134,100.21176782995462,15.495726662475752,2.959360804697551,0.30338408283666074,0.08783433126018961,0.7218087811522752,0.0077791525538581366,8.809758409079897,22.18169491587161,7.564179957537663
3f9fc8e63f87e8a56d3eaef7db26f1b6db874d19f12abd5a752821b78d47661e,51,187.08909574468086,382.7380319148936,752.0,852.0,752.0,123.01828996322965,119.89921787947168,36.553478658527965,28.73172061872495,0.6182026212980268,-0.3151865783073418,0.8826291079812206,0.6351351351351351,1,30.943111311580196,170,365,207,397,0.6573474829776524,1.272234236981458,-18.05886069618031,0.0,False,0.1502190280180583,0.14901961386203766,0.048473735505708465,0.03921568766236305,0.2862745225429535,112.96470906957984,13.644368665294223,2.731413072955136,0.31894860667133534,0.07651642193164732,0.799569431859209,0.005937726946661713,6.527649716389975,20.761087614198473,7.85462485175906
3f9fc8e63f87e8a56d3eaef7db26f1b6db874d19f12abd5a752821b78d47661e,52,201.4526717557252,361.30687022900764,1310.0,1586.0,1310.0,181.7523086789974,175.38620975799978,51.3415035268303,38.153214440535216,0.6691513342459496,0.788233947635449,0.8259773013871374,0.5569727891156463,1,40.84046772017998,176,340,224,389,0.5351681688511213,1.3456665258663874,45.16247846844716,0.0,False,0.16483161659584245,0.16470588743686676,0.043595645832538,0.05098039284348488,0.3176470696926117,215.92941774055362,8.348351159924736,2.0739774972305947,0.40534250349962064,0.10850990473478617,0.8060374968652061,0.011935730484824558,4.3836195808750205,12.313082738974447,7.189164215800463
3f9fc8e63f87e8a56d3eaef7db26f1b6db874d19f12abd5a752821b78d47661e,53,194.6685082872928,579.2353591160221,905.0,936.0,905.0,120.32590180780451,116.75762522588187,47.848915920153374,24.191689885848334,0.8627768529599404,-1.2713230268687268,0.9668803418803419,0.7286634460547504,1,33.94527637220416,181,556,208,602,0.834234097955763,1.9779071303383422,-72.84144383737501,0.0,False,0.20006933639556662,0.20392157137393951,0.04927261770965083,0.06666667014360428,0.30588236451148987,181.0627494379878,15.910258598531026,3.0234825876098297,0.29093961399510443,0.07601075097068302,0.7590521126947445,0.005858749536657338,7.797970943519536,24.022546253542515,7.891104126322055
3f9fc8e63f87e8a56d3eaef7db26f1b6db874d19f12abd5a752821b78d47661e,54,197.78219696969697,240.4810606060606,528.0,572.0,528.0,93.66904755831214,94.5595588179072,32.56472633968407,21.180706633621547,0.7595758870552599,0.9945006373010875,0.9230769230769231,0.6285714285714286,1,25.928179257714298,183,227,211,257,0.7420495601756618,1.5374711950351982,56.98068924042296,0.0,False,0.18206328352574597,0.18431372940540314,0.03156189030686007,0.09019608050584793,0.250980406999588,96.12941370159388,21.274288549097218,3.4923887045495072,0.26096589162451667,0.07706356146491414,0.6312227689832556,0.005997497017236603,12.226689237196117,30.32188786099832,7.783899988168663
3f9fc8e63f87e8a56d3eaef7db26f1b6db874d19f12abd5a752821b78d47661e,55,198.62954545454545,477.7113636363636,440.0,486.0,440.0,85.94112549695427,84.15881314371137,31.269667916736793,18.521413132103596,0.8057083714646608,1.2184437407565143,0.9053497942386831,0.6896551724137931,1,23.66908109081279,188,464,210,493,0.7806625325432806,1.6882981710794167,69.81168391948049,0.0,False,0.20779857862402093,0.21568627655506134,0.041716577582961996,0.07450980693101883,0.29019609093666077,91.4313745945692,21.70604953286697,3.547976224970076,0.25811890548782984,0.07706762119177807,0.6135724761627113,0.005980314409468444,11.07131081195346,32.34078825378048,7.741768981069864
3f9fc8e63f87e8a56d3eaef7db26f1b6db874d19f12abd5a752821b78d47661e,56,213.50153846153847,187.8830769230769,650.0,690.0,650.0,102.08326112068522,99.46251734832086,33.4251876726286,25.45033582384717,0.6482683940972161,0.3069577915080873,0.9420289855072463,0.7575757575757576,1,28.76813695875796,198,176,231,202,0.8256658589761037,1.3133495724370337,17.58738594207006,0.0,False,0.1550286620626083,0.1568627506494522,0.03363762147269755,0.05882352963089943,0.24313725531101227,100.76863034069538,14.366537732953503,2.868018550194745,0.3054185891333282,0.08779491388224316,0.7260888168271898,0.007799822174088696,7.7861977041922525,20.946877761714752,7.5798675087037
3f9fc8e63f87e8a56d3eaef7db26f1b6db874d19f12abd5a752821b78d47661e,57,215.8378787878788,297.1333333333333,660.0,678.0,660.0,94.42640687119285,92.20336432771484,32.34025079260345,26.043731086406947,0.5928621922797938,0.19604487350052566,0.9734513274336283,0.7932692307692307,1,28.988585676524604,200,285,232,311,0.9755741039463394,1.2417671909338235,11.232543846756233,0.0,False,0.18319667644347204,0.18431372940540314,0.04373444132915274,0.07450980693101883,0.2823529541492462,120.90980645269156,13.639670137486963,2.858483309542339,0.2986563436707415,0.07795258693711493,0.8040529147069722,0.0061482327859700165,6.5963175933267575,20.68302268164717,7.756825401784738
3f9fc8e63f87e8a56d3eaef7db26f1b6db874d19f12abd5a752821b78d47661e,58,217.48888888888888,47.318518518518516,540.0,560.0,540.0,88.66904755831214,86.74504543003138,31.923397566016437,21.581481336462407,0.7368652805246241,1.0400120993613675,0.9642857142857143,0.72,1,26.221162334209897,206,33,231,63,0.9018083791387331,1.479203260810514,59.588303935946776,0.0,False,0.1810965910140011,0.1921568661928177,0.056709929441917446,0.04313725605607033,0.29411765933036804,97.7921591475606,22.49891090794707,3.477261121186059,0.28051365873483225,0.07667173015447881,0.7001687897147248,0.00595723650971867,10.519327238163783,34.47849457773036,7.818077860309106
3f9fc8e63f87e8a56d3eaef7db26f1b6db874d19f12abd5a752821b78d47661e,59,220.99739583333334,492.1770833333333,384.0,411.0,384.0,77.84062043356595,76.47905277694872,29.652032820877324,16.893197002685973,0.8218425863256085,-0.5611925898296825,0.9343065693430657,0.6421404682274248,1,22.111625566165472,208,481,234,504,0.8250040634228163,1.7552647267514094,-32.153966891257134,0.0,False,0.2325163468873749,0.23529411852359772,0.05099819829229199,0.10980392247438431,0.364705890417099,89.28627720475197,22.733577206013234,3.704302826765487,0.23602195393512757,0.07634473826537308,0.6389938456967936,0.005872369589982563,11.011911906584437,34.45524250544204,7.78018071424715
3f9fc8e63f87e8a56d3eaef7db26f1b6db874d19f12abd5a752821b78d47661e,60,227.34475597092418,642.2180685358255,963.0,1006.0,963.0,123.63961030678927,119.89921787947168,44.862584595100365,27.88413489866079,0.7833781114795149,1.2251720094103737,0.9572564612326043,0.6998546511627907,1,35.01613458935697,211,623,243,666,0.8417893964195203,1.6088928259077893,70.1971853167768,0.0,False,0.1870665650424061,0.1882352977991104,0.04680864389503667,0.05882352963089943,0.2980392277240753,180.14510213583708,11.886129167543992,2.529562905957063,0.3378913023151755,0.07935718658423421,0.8066487293715401,0.006389222565293156,6.254454629674411,17.51780370541357,7.720716774319163
3f9fc8e63f87e8a56d3eaef7db26f1b6db874d19f12abd5a752821b78d47661e,61,223.68483816013628,144.92844974446336,587.0,654.0,587.0,99.49747468305833,97.01103808311402,38.079272152989056,20.689102100542488,0.8395278622724485,-1.49898591242705,0.8975535168195719,0.6897767332549941,1,27.33846397952051,212,126,235,163,0.7838007262795396,1.8405473552180198,-85.88556633163678,0.0,False,0.16855396690192986,0.1764705926179886,0.045412401072846456,0.0470588244497776,0.2549019753932953,98.94117857143283,18.513298086998063,3.306666272303452,0.2715619134638793,0.07515614126848219,0.7458899808162727,0.0057137309444716,9.171328098230035,27.855268075766087,7.853775694030604
3f9fc8e63f87e8a56d3eaef7db26f1b6db874d19f12abd5a752821b78d47661e,62,226.93612774451097,444.6127744510978,501.0,517.0,501.0,81.59797974644667,80.04125277669516,25.466434912311612,25.095074960457136,0.1701529170790229,0.488378134131551,0.9690522243713733,0.7707692307692308,1,25.25654394235911,214,433,240,458,0.9826974633758101,1.0147981208440155,27.98200589221189,0.0,False,0.19052092246190755,0.20000000298023224,0.03676913409114606,0.08627451211214066,0.27843138575553894,95.45098215341568,21.906897048277024,3.602273114740202,0.2477567662964222,0.08425042684748307,0.5945996253498078,0.007126341329806523,11.9074101049588,31.906383991595252,7.631941377505031
3f9fc8e63f87e8a56d3eaef7db26f1b6db874d19f12abd5a752821b78d47661e,63,234.7816091954023,202.29885057471265,522.0,561.0,522.0,93.1543289325507,90.99735881816076,29.27486869998,23.857991456737437,0.5795102719570003,-0.4693633162165558,0.93048128342246,0.6236559139784946,1,25.780439141949365,221,188,252,215,0.7921780281682987,1.2270466586873074,-26.89253707747292,0.0,False,0.1759221734357748,0.18039216101169586,0.03300839471436114,0.08235294371843338,0.250980406999588,91.83137453347445,19.96183084791403,3.3292484767874546,0.27935162088976606,0.08481077558133338,0.6463020170426574,0.007239798144778066,11.932667149391909,27.990994546436145,7.655842188827045
3f9fc8e63f87e8a56d3eaef7db26f1b6db874d19f12abd5a752821b78d47661e,64,247.9647266313933,157.4320987654321,567.0,593.0,567.0,93.49747468305833,91.32268138930291,36.638233172945924,20.001088666649636,0.8378454094870351,-0.6888496476281046,0.9561551433389545,0.6517241379310345,1,26.86869594648831,233,143,263,172,0.8543495866628033,1.8318119470185399,-39.46817752816433,0.0,False,0.17234844944359343,0.1764705926179886,0.033703847738366086,0.0784313753247261,0.24705882370471954,97.72157083451748,20.80661993617927,3.4444255578443896,0.26359419926288374,0.08167022313278624,0.6536711225221304,0.006723492867226862,11.137256959938842,30.475982912419695,7.72875409863955
3f9fc8e63f87e8a56d3eaef7db26f1b6db874d19f12abd5a752821b78d47661e,65,250.07294832826747,260.7887537993921,658.0,708.0,658.0,101.84062043356595,99.23247955219321,37.1538761870578,23.41368565538947,0.7764478535541968,-1.3799291425472338,0.9293785310734464,0.752,1,28.944630252185586,238,244,263,279,0.8397075749689945,1.5868444094578311,-79.06411589506305,0.0,False,0.15012814061529367,0.1568627506494522,0.03471841214657556,0.05098039284348488,0.239215686917305,98.78431652486324,16.2355424718546,3.0513311902433276,0.2869171265462235,0.08253812288061343,0.694016291424252,0.006862479542124277,8.999950472165406,23.4711344715438,7.708578118622639
3f9fc8e63f87e8a56d3eaef7db26f1b6db874d19f12abd5a752821b78d47661e,66,249.8595641646489,509.68280871670703,826.0,863.0,826.0,113.7401153701776,110.51390816480097,44.00827203795868,24.064892868714153,0.8372458969383549,-1.5289449644236806,0.9571263035921205,0.7509090909090909,1,32.429860683500394,238,488,263,532,0.8498769224716182,1.8287333452114451,-87.6020935692567,0.0,False,0.1944262493428826,0.19607843458652496,0.043308561808106404,0.07058823853731155,0.2823529541492462,160.59608195722103,12.961459678830593,2.6565441626851936,0.3354058340630056,0.08136919150849321,0.7987800529562963,0.006720347919694242,7.091333004336268,18.83158635332492,7.6825189474214435
3f9fc8e63f87e8a56d3eaef7db26f1b6db874d19f12abd5a752821b78d47661e,67,254.81863979848868,672.455919395466,794.0,820.0,794.0,104.32590180780451,101.58867404238555,32.53658116609344,31.187535948880935,0.2849661336555701,-0.255548500357301,0.9682926829268292,0.7518939393939394,1,31.79547449747714,239,657,272,689,0.9668069923384457,1.043255909008769,-14.641850531370755,0.0,False,0.11636786043212306,0.11764705926179886,0.02214289537042862,0.0470588244497776,0.16862745583057404,92.39608118310571,15.242757000652887,2.9024459448081443,0.30255948796267734,0.07934615546169721,0.7111117492031644,0.006342505906389318,9.12815678248569,21.357357218820084,7.722318672860456
3f9fc8e63f87e8a56d3eaef7db26f1b6db874d19f12abd5a752821b78d47661e,68,258.0165137614679,421.29908256880736,545.0,563.0,545.0,84.76955262170047,83.04809240917179,27.769054339394625,25.067871472057604,0.43021413322884255,0.904319784056573,0.9680284191829485,0.8062130177514792,1,26.34227689249097,245,409,271,435,0.9929949588981736,1.1077547756836055,51.813706956623626,0.0,False,0.17548480314125708,0.18039216101169586,0.039785945851246424,0.06666667014360428,0.2705882489681244,95.63921771198511,19.601561266910394,3.379149427367584,0.2685388258699907,0.07919633098508164,0.6647775646204804,0.006311848910341974,10.106529814490463,29.09659271933032,7.792517080720524
3f9fc8e63f87e8a56d3eaef7db26f1b6db874d19f12abd5a752821b78d47661e,69,258.44933920704847,224.1409691629956,454.0,474.0,454.0,80.18376618407356,78.70049424602792,25.732228138212832,22.70894222726025,0.47029410025967805,-0.6895964684165613,0.9578059071729957,0.7566666666666667,1,24.04268606686374,246,213,271,237,0.9211085155503468,1.133131956596524,-39.51096720739553,0.0,False,0.2105467785560087,0.21960784494876862,0.04199497971201456,0.0941176488995552,0.30980393290519714,95.58823746442795,20.086734660027638,3.4592438220285473,0.257296883628789,0.07850460024334524,0.6472520357028382,0.00618786034025566,10.886226701875056,29.287242618180215,7.7162144494055935
3f9fc8e63f87e8a56d3eaef7db26f1b6db874d19f12abd5a752821b78d47661e,70,260.515243902439,563.2073170731708,656.0,674.0,656.0,98.91168824543142,96.45567771584422,37.99379382429222,22.405894968734554,0.8076040317421042,-0.9540632941257334,0.973293768545994,0.6890756302521008,1,28.900607975374268,248,548,276,582,0.8860497548890313,1.6957052542337274,-54.66380014175303,0.0,False,0.14145744120043408,0.14509804546833038,0.028235541006346093,0.054901961237192154,0.21176470816135406,92.79608142748475,15.011467129206196,2.8875248123340915,0.3107904215096969,0.09023754295056682,0.7052626146019803,0.008212189359105719,8.30566086577063,21.71727339264176,7.487203205384566
3f9fc8e63f87e8a56d3eaef7db26f1b6db874d19f12abd5a752821b78d47661e,71,272.8622047244094,347.26771653543307,1270.0,1397.0,1270.0,153.6812408671319,148.38046959462594,47.16156266051657,35.972860446974906,0.6466839981649688,-1.5391472957679713,0.9090909090909091,0.7004964147821291,1,40.212115361090575,255,321,292,370,0.724869960739522,1.3110317632381265,-88.18664409647859,0.0,False,0.1823869117630983,0.1921568661928177,0.05740383636764044,0.04313725605607033,0.3490196168422699,231.63137793913484,8.42008720496258,2.1743517692200074,0.37091609700866623,0.08652963598202376,0.8512780037165721,0.00761429040195622,4.068459878156435,12.771714531768728,7.501002147661964
3f9fc8e63f87e8a56d3eaef7db26f1b6db874d19f12abd5a752821b78d47661e,72,266.7171717171717,2.101010101010101,99.0,103.0,99.0,46.14213562373095,46.427004734999564,21.007623015521332,6.386878168879946,0.9526635132561897,-0.015405021264569906,0.9611650485436893,0.7857142857142857,1,11.227230955528665,257,0,278,6,0.5771699702857617,3.289184866227908,-0.882642701769142,0.0,True,0.13119430068616916,0.13725490868091583,0.031095393723814185,0.05882352963089943,0.18431372940540314,12.988235767930746,60.522465121882306,5.934817912588937,0.1713510603956986,0.10503244513423013,0.4074700408987529,0.011071936112679294,31.779540206170623,89.26539003759399,6.646553186991101
3f9fc8e63f87e8a56d3eaef7db26f1b6db874d19f12abd5a752821b78d47661e,73,270.14975041597336,78.26123128119801,601.0,641.0,601.0,100.66904755831214,98.12175881765363,39.30121040257245,19.87784985456257,0.8626612535483378,1.4129771476015138,0.9375975039001561,0.7188995215311005,1,27.66255531193445,259,61,281,99,0.7844290840248475,1.977135891966285,80.95762710600032,0.0,False,0.1898208910013594,0.19607843458652496,0.04768668409192676,0.062745101749897,0.2862745225429535,114.082355491817,18.73352383061582,3.3621057454329346,0.25439847372359525,0.07287888307978019,0.7368732813068914,0.005386172330108923,8.404073467942208,29.06297419328943,7.906858298606949
3f9fc8e63f87e8a56d3eaef7db26f1b6db874d19f12abd5a752821b78d47661e,74,273.86260869565217,651.3304347826087,575.0,618.0,575.0,98.76955262170048,96.32092469473105,39.77301883801234,18.959422337836706,0.8790711671060525,1.3309028686297664,0.93042071197411,0.7063882063882064,1,27.05758189903005,263,634,285,671,0.7788187924759389,2.0977969755248616,76.25511731433986,0.0,False,0.15132481276988982,0.15294118225574493,0.028651528736555965,0.06666667014360428,0.21568627655506134,87.01176734268665,16.963671693658256,3.0998706844451847,0.2926330138656095,0.08826418677676842,0.7020246500156838,0.007860447760511806,9.436710630984313,24.490632756332197,7.626518211823388
3f9fc8e63f87e8a56d3eaef7db26f1b6db874d19f12abd5a752821b78d47661e,75,282.82953020134227,465.9879194630872,745.0,771.0,745.0,107.7401153701776,104.82555147098984,42.61835559849949,22.428957538043395,0.8503146817041115,-0.5001210774939919,0.9662775616083009,0.6760435571687841,1,30.798757455905527,265,452,303,481,0.8519847575752911,1.9001487486081947,-28.654826985940918,0.0,False,0.2194446703631606,0.21960784494876862,0.05470415860477127,0.0784313753247261,0.3529411852359772,163.48627942055464,10.822445270242602,2.5060148978955583,0.33715685574129844,0.08410660010370463,0.8345104683207443,0.007177438879660318,5.17425931681948,16.470631223665723,7.635093605894422
3f9fc8e63f87e8a56d3eaef7db26f1b6db874d19f12abd5a752821b78d47661e,76,277.86278586278587,253.04573804573803,481.0,492.0,481.0,78.76955262170047,77.35973571536067,25.14305579698638,24.41990882491326,0.23810793293980606,-0.19817374450475045,0.9776422764227642,0.8016666666666666,1,24.747287144606645,266,242,291,266,1.0,1.0296130086831186,-11.35451917042609,0.0,False,0.20195671172498914,0.21176470816135406,0.03964392573963906,0.08627451211214066,0.27843138575553894,97.14117833971977,24.09433261258157,3.747079783334205,0.24012240599099233,0.08384605379245884,0.6239327726738746,0.007056239289395329,13.464598189777565,34.72406703538558,7.682172258514071
3f9fc8e63f87e8a56d3eaef7db26f1b6db874d19f12abd5a752821b78d47661e,77,279.8101265822785,583.2763713080169,474.0,494.0,474.0,81.84062043356595,80.2712905728228,28.099307286365615,21.541179328329633,0.6421143038665944,-0.9008871381976029,0.9595141700404858,0.7292307692307692,1,24.566553364370574,268,571,293,597,0.9244165556189092,1.30444609638485,-51.61703083634158,0.0,False,0.18757342938569527,0.19607843458652496,0.034566137197171824,0.08235294371843338,0.2549019753932953,88.90980552881956,22.30978719440271,3.574782456137139,0.25232708454195907,0.08332103277524999,0.6199798331450509,0.006991924515344962,11.590630558820767,33.02894382998465,7.6246802955086
3f9fc8e63f87e8a56d3eaef7db26f1b6db874d19f12abd5a752821b78d47661e,78,284.2147335423198,151.56739811912226,638.0,670.0,638.0,94.91168824543142,92.66343991997016,30.633290305371474,26.5837738699597,0.49690197333120895,0.2946262938317247,0.9522388059701492,0.7350230414746544,1,28.501347854812654,269,138,300,166,0.9337136461148042,1.152330382255765,16.8808431701391,0.0,False,0.1807916936315713,0.18431372940540314,0.04453731255555919,0.0784313753247261,0.29019609093666077,115.34510053694248,14.391760646813307,2.9456047552502453,0.2862824528231073,0.07390736376850644,0.7929654047699428,0.005523952945295952,7.04135068481383,21.74217060881278,7.8521372797427755
3f9fc8e63f87e8a56d3eaef7db26f1b6db874d19f12abd5a752821b78d47661e,79,279.89935064935065,229.3538961038961,308.0,329.0,308.0,66.2842712474619,65.52294673548313,20.845972411164464,19.127908221343727,0.3975444455036081,0.46637116648728855,0.9361702127659575,0.7719298245614035,1,19.802974013476614,270,220,291,239,0.9015166238349834,1.0898197633499542,26.721099526314692,0.0,False,0.2399669038010882,0.24705882370471954,0.04524875149300468,0.125490203499794,0.3294117748737335,73.90980637073517,30.54190072073741,4.160335600201582,0.23692916334657088,0.08090108775788993,0.6035916638759987,0.006576961821482756,15.03056051098659,46.05324093048823,7.650797546019538
3f9fc8e63f87e8a56d3eaef7db26f1b6db874d19f12abd5a752821b78d47661e,80,294.0425724637681,504.3179347826087,1104.0,1134.0,1104.0,124.22539674441619,120.45457824674145,42.40705607482932,33.37439660097886,0.6169516889862248,-0.8405628328973096,0.9735449735449735,0.7449392712550608,1,37.492085263260826,276,485,314,524,0.9561638380397733,1.2706463754789064,-48.16070274057611,0.0,False,0.1632139853478504,0.16862745583057404,0.03712984655290321,0.0470588244497776,0.22745098173618317,180.18823982402682,13.747876462694808,2.616847367990568,0.34849635249838834,0.08984012177676157,0.7789356991284202,0.008153306788491398,7.698613177776345,19.797139747613272,7.532112870390674
3f9fc8e63f87e8a56d3eaef7db26f1b6db874d19f12abd5a752821b78d47661e,81,287.41964285714283,692.3392857142857,112.0,120.0,112.0,45.55634918610404,45.87164436772977,19.27684093585411,7.830414633319071,0.9137804655130164,-0.04238396613010929,0.9333333333333333,0.7368421052631579,1,11.941642642883693,278,688,297,696,0.6688662296422562,2.461790574132503,-2.4284223782806906,0.0,True,0.10787815324563,0.10980392247438431,0.014812828707206144,0.05882352963089943,0.13725490868091583,12.082353163510561,28.604354951215008,4.046273439041789,0.24262835455910872,0.13208646729391071,0.4462752868081419,0.017490590332402606,17.06831838342957,40.140391519000445,6.161729957424596
3f9fc8e63f87e8a56d3eaef7db26f1b6db874d19f12abd5a752821b78d47661e,82,290.3763440860215,209.78494623655914,186.0,198.0,186.0,50.62741699796952,50.67931812312895,18.02304443460057,13.243471896899669,0.6782754885748707,0.24778142884662796,0.9393939393939394,0.7380952380952381,1,15.389040103942165,282,203,300,217,0.9100416776256129,1.36090026655471,14.196830114632892,0.0,False,0.17739827482290166,0.1823529452085495,0.03552713241441653,0.0784313753247261,0.23529411852359772,32.99607911705971,37.933300938131865,4.768657210484308,0.19455385872450698,0.08590370817259982,0.5245210858846341,0.0073910488990389525,20.807586450264637,55.05901542599909,7.34994716947718
3f9fc8e63f87e8a56d3eaef7db26f1b6db874d19f12abd5a752821b78d47661e,83,297.91905564924116,280.5362563237774,593.0,636.0,593.0,96.08326112068522,93.77416065450974,31.7962528215458,24.360050725941885,0.6426860998803731,0.05917697420937475,0.9323899371069182,0.74125,1,27.47782833536798,282,268,314,293,0.8474189787222047,1.3052621761450125,3.390590866551695,0.0,False,0.1599378412366416,0.16470588743686676,0.030730447142502094,0.05882352963089943,0.23529411852359772,94.84313985332847,15.425007950778244,2.9327446471606047,0.30349521444609495,0.09059152617546423,0.6657231465625744,0.008277662661977334,8.699079598991494,22.150936302564997,7.463664045713964
3f9fc8e63f87e8a56d3eaef7db26f1b6db874d19f12abd5a752821b78d47661e,84,299.51510574018124,117.74471299093656,662.0,680.0,662.0,93.84062043356595,91.64800396044504,31.37704313782415,26.924865177882655,0.5134706542771135,1.429627438183328,0.9735294117647059,0.7909199522102748,1,29.03247455203703,287,103,314,134,0.9904255424824591,1.1653556268723202,81.91161848400469,0.0,False,0.16382916108494078,0.16470588743686676,0.03769792963489004,0.06666667014360428,0.250980406999588,108.4549046382308,15.6723383443285,3.055448736780927,0.2849424092896454,0.078915026040102,0.7541409371674253,0.006303396024370743,8.172707705625601,23.171968983031398,7.77300758174099
3f9fc8e63f87e8a56d3eaef7db26f1b6db874d19f12abd5a752821b78d47661e,85,298.58385093167703,562.9358178053831,483.0,508.0,483.0,82.97665940288701,83.83349057256923,28.702167058006236,21.544094030573692,0.6607470759060182,-0.7585675378265703,0.9507874015748031,0.688034188034188,1,24.798683434954437,287,551,313,578,0.8636184190479291,1.3322522180452037,-43.462718393092906,0.0,False,0.19793772893354267,0.20392157137393951,0.034849006966959244,0.07450980693101883,0.2862745225429535,95.6039230749011,18.320228061881483,3.1335323062277283,0.291640055406252,0.09343631179693712,0.5415993604994798,0.008797204799758256,10.0003264276561,26.640129696106868,7.320538248471054
3f9fc8e63f87e8a56d3eaef7db26f1b6db874d19f12abd5a752821b78d47661e,86,293.126582278481,238.1012658227848,79.0,91.0,79.0,33.7634559672906,37.17644804144202,13.55689514731997,7.643497884839218,0.8259052884802464,0.06641090091495269,0.8681318681318682,0.5851851851851851,1,10.02925341359355,285,234,300,243,0.7182922295567975,1.7736506703573376,3.8050643360882863,0.0,False,0.18937702043147026,0.1921568661928177,0.036894056179612326,0.12156862765550613,0.25882354378700256,14.960784614086151,87.84488520027836,7.415499875750841,0.13900092232242106,0.10779170501301186,0.26117027528661396,0.011675142415558224,45.94929795506912,129.7404724454876,6.527334952162771
3f9fc8e63f87e8a56d3eaef7db26f1b6db874d19f12abd5a752821b78d47661e,87,305.3888111888112,593.772027972028,715.0,734.0,715.0,99.74011537017762,97.24107587924168,34.907379476814235,26.446371128576104,0.6527011424803569,-0.23454613754500966,0.9741144414168937,0.7295918367346939,1,30.172276587716105,288,579,323,607,0.9502029957881895,1.3199307877478796,-13.438503782423954,0.0,False,0.1292965905076557,0.13333334028720856,0.019329095714010796,0.054901961237192154,0.18039216101169586,92.44706221297383,11.816589731170094,2.5865109165146514,0.3279661511283213,0.09193150833500183,0.6667619780822638,0.008505003778985488,7.063835535990933,16.56934392634925,7.330834072920146
3f9fc8e63f87e8a56d3eaef7db26f1b6db874d19f12abd5a752821b78d47661e,88,299.86411149825784,652.3344947735192,287.0,298.0,287.0,62.76955262170047,62.19078453186435,22.48145614039118,16.395277094396697,0.6842153405696861,0.8802340775613176,0.9630872483221476,0.6866028708133971,1,19.115955360352558,291,642,310,664,0.932480352394094,1.3712153817805566,50.433697627854656,0.0,False,0.2976019751111805,0.30980393290519714,0.08629886370957034,0.12156862765550613,0.45490196347236633,85.4117668569088,38.00068025821393,4.629951364947644,0.2183520094339662,0.07180830557261911,0.631271278562999,0.005185828880847182,16.333828102332475,59.667532414095376,7.887876394710778
3f9fc8e63f87e8a56d3eaef7db26f1b6db874d19f12abd5a752821b78d47661e,89,313.67981961668545,540.6899661781285,887.0,929.0,887.0,118.39696961966999,115.32158192020013,42.47012654447736,26.88404092173283,0.7741431142473011,0.540637066307638,0.9547900968783638,0.69296875,1,33.60600357347016,295,525,335,557,0.8381317666788876,1.5797523396174,30.976222147762094,0.0,False,0.2093993899787292,0.21568627655506134,0.04074612029433185,0.08235294371843338,0.30588236451148987,185.7372589111328,13.17718296840161,2.7421720357925166,0.31147923660297594,0.08245385084907912,0.7366334430038104,0.006884948576457797,7.106522473524735,19.247843463278482,7.640489018890628
3f9fc8e63f87e8a56d3eaef7db26f1b6db874d19f12abd5a752821b78d47661e,90,311.59904912836765,305.513470681458,631.0,653.0,631.0,99.49747468305833,97.01103808311403,36.11521172228452,22.680319671789302,0.7782140822025317,0.28693023998692,0.9663093415007658,0.7303240740740741,1,28.34456125481373,295,293,331,317,0.84255239911821,1.5923590251334103,16.439891765926365,0.0,False,0.15044902710217492,0.16078431904315948,0.03329837158502565,0.05098039284348488,0.21568627655506134,94.93333610147238,19.09646154128307,3.198538312067293,0.2960810813727105,0.09311840426974778,0.6797889804919786,0.008704938638823743,10.140655397038932,28.052267685527205,7.497886901020868
3f9fc8e63f87e8a56d3eaef7db26f1b6db874d19f12abd5a752821b78d47661e,91,306.1095890410959,208.30479452054794,292.0,317.0,292.0,69.59797974644667,68.66453938907293,27.510118135194038,13.829977350749793,0.8644473867305433,0.9230352829097234,0.9211356466876972,0.584,1,19.281751659604673,297,196,317,221,0.7782653465847633,1.989165812603632,52.886026052391074,0.0,False,0.18963202086519704,0.19607843458652496,0.033042894273946126,0.10196078568696976,0.26274511218070984,55.37255009263754,29.410434127085814,4.155320960262023,0.2293605285953543,0.08060282867837704,0.5490538994131626,0.006526060571046088,14.937142772244025,43.883725481927605,7.639693252692473
3f9fc8e63f87e8a56d3eaef7db26f1b6db874d19f12abd5a752821b78d47661e,92,314.1144781144781,188.51683501683502,594.0,617.0,594.0,92.66904755831213,90.53728322590547,33.703883852395435,22.51065564696151,0.7442555094671656,0.9951844847546779,0.9627228525121556,0.7333333333333333,1,27.500987065425246,301,174,328,204,0.9106288227488895,1.4972413234416293,57.01987081334446,0.0,False,0.16973658563312055,0.1764705926179886,0.029753079513053123,0.08235294371843338,0.239215686917305,100.82353186607361,18.50800881119418,3.236391307812593,0.28540672203665074,0.08905101424681518,0.6532342919804657,0.007985738709826024,10.225486090892542,26.790531531495816,7.577294040657018
3f9fc8e63f87e8a56d3eaef7db26f1b6db874d19f12abd5a752821b78d47661e,93,322.4484126984127,63.548611111111114,1008.0,1047.0,1008.0,128.36753236814712,124.3815690637287,52.366422320674616,24.673640505748768,0.8820408564364794,0.9105952610668303,0.9627507163323782,0.6028708133971292,1,35.82492792865108,304,42,342,86,0.8187632362484728,2.122363025775367,52.173265303742745,0.0,False,0.1006263641987942,0.10196078568696976,0.02516803280002001,0.0313725508749485,0.16078431904315948,101.43137511238456,16.42166547589351,3.033369284617511,0.29357946164493987,0.07910569310385929,0.7110911160157876,0.006330949600772937,8.95629712046542,23.887033831321595,7.825504786072233
3f9fc8e63f87e8a56d3eaef7db26f1b6db874d19f12abd5a752821b78d47661e,94,322.0270602706027,383.26445264452644,813.0,846.0,813.0,108.32590180780451,105.38091183825962,38.5347319457747,27.042408324650953,0.7124064094842126,-0.24457808042907872,0.9609929078014184,0.7377495462794919,1,32.173649930800316,304,369,342,398,0.9199760161436934,1.4249741178062063,-14.013291769997409,0.0,False,0.12386947837263015,0.12941177189350128,0.02459352503793923,0.03921568766236305,0.1725490242242813,100.70588591694832,17.320358889323693,2.9663044690948244,0.3200538942776763,0.10355108824391246,0.6257325964549267,0.010797684887614257,10.47559743688747,24.165120341759913,7.322411316662185
3f9fc8e63f87e8a56d3eaef7db26f1b6db874d19f12abd5a752821b78d47661e,95,314.89179104477614,636.723880597015,268.0,284.0,268.0,60.526911934581186,60.064627837799655,21.149385969474327,16.363797463039354,0.6335222518375571,0.7723779593591187,0.9436619718309859,0.7052631578947368,1,18.47236308621676,306,627,325,647,0.9334844266933978,1.2924497517916673,44.25399726020452,0.0,False,0.3213345107358338,0.32156863808631897,0.11516727276626311,0.10588235408067703,0.529411792755127,86.11764887720346,37.2791181252546,4.672433541601608,0.20302079315527552,0.0729983791997166,0.6934847619283997,0.005358335980002965,14.864986125831317,59.69325012467788,7.828757958225301
3f9fc8e63f87e8a56d3eaef7db26f1b6db874d19f12abd5a752821b78d47661e,96,318.7147766323024,7.745704467353952,291.0,303.0,291.0,66.04163056034261,65.29290893935547,22.358025803740375,17.50156340246685,0.6222902142828097,0.8635211444817326,0.9603960396039604,0.7657894736842106,1,19.248706645328987,308,0,328,19,0.8577699298005371,1.2774873472497323,49.47611709910985,0.0,True,0.16726636055767333,0.1725490242242813,0.04403507005140493,0.05882352963089943,0.2705882489681244,48.674510922282934,18.480761285395236,3.36711911683437,0.25123973988422676,0.08113516881163516,0.7221196866623166,0.006659297552604497,8.376552737185024,28.58496983360545,7.549490090825632
3f9fc8e63f87e8a56d3eaef7db26f1b6db874d19f12abd5a752821b78d47661e,97,326.0,569.0840787119857,559.0,579.0,559.0,91.25483399593904,89.19652469523822,34.48226855669517,20.75044524195959,0.7986683321297139,-0.6342087430166454,0.9654576856649395,0.6901234567901234,1,26.678472698169138,311,556,341,583,0.8829290471607231,1.6617604178906187,-36.3374843051508,0.0,False,0.1618506478975412,0.16862745583057404,0.030116508732947373,0.07450980693101883,0.21568627655506134,90.47451217472553,22.996579635462037,3.4740001762738997,0.2787024668113094,0.0895499513340595,0.6511307993393335,0.008104246923904237,12.864626184663418,33.128533086260646,7.65560201432984
3f9fc8e63f87e8a56d3eaef7db26f1b6db874d19f12abd5a752821b78d47661e,98,327.2852614896989,141.96671949286846,631.0,660.0,631.0,97.49747468305833,95.114919185177,37.509595017551874,21.613862882833647,0.8172930499550658,1.2131119296568293,0.956060606060606,0.7011111111111111,1,28.34456125481373,315,125,340,161,0.8764798510738586,1.7354415182925527,69.50619364630752,0.0,False,0.14061713888178537,0.14509804546833038,0.029457890533540584,0.05882352963089943,0.21176470816135406,88.72941463440657,18.633836451366545,3.2188277903862232,0.2865917578106884,0.08208391316830424,0.6682600977676769,0.006784398133405858,10.725408967302334,26.542263935430753,7.703540075323631
3f9fc8e63f87e8a56d3eaef7db26f1b6db874d19f12abd5a752821b78d47661e,99,337.89457364341087,360.2496124031008,645.0,705.0,645.0,105.49747468305833,102.69939477692515,37.44207002699001,23.36482622685761,0.781403555651388,0.14612729273701303,0.9148936170212766,0.652834008097166,1,28.65727667372076,318,349,356,375,0.7684821957269327,1.6024972607735797,8.372477145503535,0.0,False,0.15170695110000382,0.15294118225574493,0.02887749455429261,0.05882352963089943,0.21176470816135406,97.85098345950246,19.297393749095775,3.320076860307682,0.2750072019562192,0.0836953392189187,0.6451388812036154,0.007105358204145625,9.94376893604955,28.651018562142003,7.655607342200819
3f9fc8e63f87e8a56d3eaef7db26f1b6db874d19f12abd5a752821b78d47661e,100,345.6576086956522,339.1340579710145,552.0,586.0,552.0,94.42640687119285,92.20336432771484,34.28731897823835,21.165647160160177,0.7867259013027244,0.14197410828485202,0.9419795221843004,0.7058823529411765,1,26.510907730475957,328,327,362,350,0.8159347051187567,1.6199513635839555,8.134517204855356,0.0,False,0.16799517338960498,0.16862745583057404,0.03074765225118107,0.06666667014360428,0.23529411852359772,92.73333571106195,16.572916261156223,3.090283951931485,0.2856927241572367,0.08453311391708025,0.6796418260502886,0.0072195345231179245,8.068159418230163,25.077673104082287,7.571925647344823
3f9fc8e63f87e8a56d3eaef7db26f1b6db874d19f12abd5a752821b78d47661e,101,340.9902280130293,675.057003257329,614.0,652.0,614.0,97.8761543394987,97.01103808311403,33.487085289883176,23.645482279903717,0.7081046461212444,-1.1677040170286919,0.941717791411043,0.7156177156177156,1,27.96013377055607,328,659,354,692,0.8198528891578145,1.4162149409125748,-66.90451189621646,0.0,False,0.133569654040888,0.13725490868091583,0.02174400348195098,0.062745101749897,0.18039216101169586,82.01176758110523,19.434198660066095,3.343974946884824,0.2689368067593365,0.07741878393968366,0.6701351369683737,0.006038333971316265,11.16225880540787,27.706138514724323,7.750137090665719
3f9fc8e63f87e8a56d3eaef7db26f1b6db874d19f12abd5a752821b78d47661e,102,343.6481203007519,214.14285714285714,665.0,720.0,665.0,106.5685424949238,103.71483073645024,40.63720107978212,21.72335686738191,0.8451253172425066,-1.058898902928766,0.9236111111111112,0.603448275862069,1,29.098183744847088,330,196,359,234,0.7768725627617938,1.870668577046661,-60.67043806885135,0.0,False,0.14589415161793393,0.14509804546833038,0.02956756434456543,0.05882352963089943,0.21176470816135406,97.01961082592607,15.142731133136033,2.9390547599045425,0.301109293921111,0.0826100826699927,0.7479207907754368,0.006905550574215996,7.863307203565032,22.422155062707034,7.687346158077274
3f9fc8e63f87e8a56d3eaef7db26f1b6db874d19f12abd5a752821b78d47661e,103,350.1213282247765,127.52873563218391,783.0,816.0,783.0,111.63961030678928,108.52250449184942,43.40891714634638,23.22810551266508,0.844788813381197,1.0351240855096973,0.9595588235294118,0.6476426799007444,1,31.574460621325464,335,108,366,147,0.8354722130837532,1.8688100552444,59.308241372044584,0.0,False,0.11490246514155794,0.11764705926179886,0.024385495594235636,0.04313725605607033,0.1764705926179886,89.96863020583987,14.279579711657162,2.8049524122054628,0.3197170975250155,0.08674407728295423,0.7169747219623721,0.007588114502781464,8.18823022688457,20.370929196429753,7.579926443929397
3f9fc8e63f87e8a56d3eaef7db26f1b6db874d19f12abd5a752821b78d47661e,104,361.0357142857143,268.59714285714284,700.0,731.0,700.0,104.22539674441617,101.49338926737107,40.48177701218779,22.292664835001396,0.8347138360615833,0.6276342858586501,0.957592339261286,0.6272401433691757,1,29.854106607209232,344,254,380,285,0.8539499017526772,1.8159236372956151,35.9607956574081,0.0,False,0.13573669932250465,0.13725490868091583,0.029259395111087314,0.0470588244497776,0.20392157137393951,95.01568952575326,15.729270611331055,2.944423152721215,0.31161338227929547,0.09164493542302037,0.6973954086134033,0.00851877844145391,8.462457505118419,22.99608371754369,7.475488170546139
3f9fc8e63f87e8a56d3eaef7db26f1b6db874d19f12abd5a752821b78d47661e,105,360.5270863836018,55.30307467057101,683.0,704.0,683.0,101.15432893255071,98.58183440990891,40.14291526941694,21.706728844530808,0.8411922043752091,0.9089096318321267,0.9701704545454546,0.6696078431372549,1,29.489364337912,346,39,376,73,0.8831546851563885,1.8493304798217574,52.07668586277036,0.0,False,0.14036115651096642,0.1411764770746231,0.029685224984667125,0.054901961237192154,0.21568627655506134,95.86666989699006,17.413467778039617,3.0732899553536566,0.30588461020167407,0.08894850172754212,0.6635330578466567,0.007986965071605331,9.844111562610989,24.982823993468244,7.581912575977623
3f9fc8e63f87e8a56d3eaef7db26f1b6db874d19f12abd5a752821b78d47661e,106,364.57575757575756,12.41060606060606,660.0,676.0,660.0,97.59797974644667,95.21020396019148,34.44235505296296,24.93971409426189,0.6896948514790884,0.7956346772168917,0.9763313609467456,0.7586206896551724,1,28.988585676524604,349,0,379,29,0.9149277678814544,1.3810244545220118,45.58650903878145,0.0,True,0.12478907130319963,0.12941177189350128,0.031074380465781898,0.03529411926865578,0.1882352977991104,82.36078706011176,19.948171412554814,3.317972741836312,0.2854020247360323,0.0860755583636054,0.6904487604568816,0.007475137129716839,10.636805781202458,29.259537043907173,7.72458022086267
3f9fc8e63f87e8a56d3eaef7db26f1b6db874d19f12abd5a752821b78d47661e,107,370.00508905852416,428.75954198473283,786.0,817.0,786.0,110.9116882454314,107.83239110346648,42.69392827175266,23.55908930339688,0.8339674906886593,0.2740600249363737,0.9620563035495716,0.7373358348968105,1,31.634890266315733,350,416,391,442,0.8494424079498823,1.8122062241852792,15.702482762104312,0.0,False,0.21500773963923672,0.21960784494876862,0.04921837302336277,0.09019608050584793,0.3176470696926117,168.99608335644007,13.915040438174481,2.811698222873669,0.3070966919720762,0.07498416802235934,0.8089640603974393,0.005701176788489848,7.02114012611815,20.80894075023081,7.868830375177952
3f9fc8e63f87e8a56d3eaef7db26f1b6db874d19f12abd5a752821b78d47661e,108,367.1135430916553,492.99316005471957,731.0,749.0,731.0,99.49747468305833,97.01103808311402,33.355149083437055,28.131481000824415,0.5372980276040614,0.29209409881228837,0.9759679572763685,0.7638453500522466,1,30.508000708034015,352,478,385,507,0.9760789282970076,1.185687631677108,16.735759082621357,0.0,False,0.2412059831034224,0.23137255012989044,0.09030001445049109,0.05882352963089943,0.4588235318660736,176.32157364860177,10.502321200661113,2.396422978817643,0.35874927815399177,0.08575842255484908,0.8810884546354929,0.007488463879083492,4.7923994896130715,16.21224291170915,7.641576268638431
3f9fc8e63f87e8a56d3eaef7db26f1b6db874d19f12abd5a752821b78d47661e,109,369.3620437956204,183.34014598540145,685.0,706.0,685.0,95.84062043356593,93.5441228583821,31.285752926139896,28.03341295535396,0.44396514415639526,-0.24154218765108929,0.9702549575070821,0.7891705069124424,1,29.53250900522315,354,170,385,198,0.983710759051303,1.1160165541015508,-13.839347926764367,0.0,False,0.14442250335956142,0.1411764770746231,0.03093645457335829,0.06666667014360428,0.23529411852359772,98.92941480129957,12.213999896188849,2.587298429623657,0.34131810273473046,0.0943136397867312,0.7816760117630446,0.008984864862020688,6.786121079502891,17.641878712874806,7.50201529677298
3f9fc8e63f87e8a56d3eaef7db26f1b6db874d19f12abd5a752821b78d47661e,110,377.0336,570.2544,625.0,645.0,625.0,92.42640687119285,90.3072454297778,32.766848026489114,24.30986831081087,0.6705056897715129,-1.1995467428583815,0.9689922480620154,0.78125,1,28.209479177387816,365,555,390,587,0.9630408078416323,1.3478825803394965,-68.72896569444988,0.0,False,0.14519216144680977,0.14901961386203766,0.031737734068748726,0.05098039284348488,0.21568627655506134,90.7451009042561,17.7939002815168,3.1653104598705832,0.2888587117281816,0.08904512136123927,0.676327647730071,0.008005345719302339,9.503794203149653,26.084006359883947,7.54149310044814
3f9fc8e63f87e8a56d3eaef7db26f1b6db874d19f12abd5a752821b78d47661e,111,377.98399014778323,338.5837438423645,812.0,838.0,812.0,107.25483399593904,104.36547587873453,37.92541066024926,27.601851163343746,0.685796794333683,-1.4031140310741332,0.9689737470167065,0.7837837837837838,1,32.15385684991696,365,322,393,359,0.9368114233587201,1.3740169250175356,-80.39251215613568,0.0,False,0.17548537110276705,0.1725490242242813,0.052276569171615495,0.05882352963089943,0.30588236451148987,142.49412133544683,8.713130058331512,2.2867732296723964,0.34735542214867665,0.0793603606212036,0.8835223068203097,0.006421702550025466,4.21774502426185,13.208515092401175,7.702209770613178
3f9fc8e63f87e8a56d3eaef7db26f1b6db874d19f12abd5a752821b78d47661e,112,385.64902807775377,629.8801295896328,926.0,953.0,926.0,113.05382386916237,109.86326302251666,38.572870721069734,30.807242472834766,0.6017607239085829,-0.8158956512552945,0.9716684155299056,0.7145061728395061,1,34.3368580162012,367,612,403,648,0.9640861929279366,1.252071513868291,-46.74737734000606,0.0,False,0.18297971841390395,0.18431372940540314,0.04416185078776735,0.06666667014360428,0.27450981736183167,169.43921925127506,12.49064395321416,2.6385646856725016,0.32937463499827185,0.0766872145825312,0.8265712953547137,0.005971719564297426,6.246532447801441,18.734755458626886,7.805315443969597
3f9fc8e63f87e8a56d3eaef7db26f1b6db874d19f12abd5a752821b78d47661e,113,399.0070564516129,392.0524193548387,992.0,1032.0,992.0,124.81118318204308,121.00993861401126,47.391211220379404,26.83123989910345,0.8242920095787094,0.3194401116708236,0.9612403100775194,0.7111111111111111,1,35.539465786323824,377,377,422,408,0.8512937696026082,1.7662698928036848,18.302570205925903,0.0,False,0.09901170315025674,0.10196078568696976,0.016760810239586785,0.03921568766236305,0.14901961386203766,98.2196095250547,13.129647725477087,2.7341613397337134,0.3157070782363959,0.09789957246209186,0.6321675399156054,0.00964099899239336,7.943728974014821,18.315566476939352,7.180458867465192
3f9fc8e63f87e8a56d3eaef7db26f1b6db874d19f12abd5a752821b78d47661e,114,391.38286713286715,118.95979020979021,572.0,594.0,572.0,87.84062043356593,85.95964726663392,28.5170812792545,25.583250620508654,0.44178647145445415,-1.1273246336253189,0.9629629629629629,0.7566137566137566,1,26.986904594423443,378,105,405,133,0.9727845029391186,1.114677790647681,-64.59094364786257,0.0,False,0.1455299645935843,0.14901961386203766,0.028822220187231837,0.05882352963089943,0.21176470816135406,83.24313974753022,20.149641798171125,3.4891260355378733,0.2531215693323946,0.07924852621739209,0.6449832776007198,0.006339030330728935,10.0388067059537,30.260476890388546,7.776383079257684
3f9fc8e63f87e8a56d3eaef7db26f1b6db874d19f12abd5a752821b78d47661e,115,402.70454545454544,256.7325174825175,572.0,588.0,572.0,88.42640687119285,86.51500763390372,29.46651059986603,24.849929030768493,0.5373994207648031,0.749616031905032,0.9727891156462585,0.7846364883401921,1,26.986904594423443,390,243,417,270,0.9603355188833073,1.185778460911555,42.9498348835024,0.0,False,0.16277252540148637,0.1725490242242813,0.039047690239863056,0.062745101749897,0.24705882370471954,93.10588452965021,20.58845719407968,3.420823855842483,0.27044711937101606,0.08307676846901428,0.6897176315119828,0.006941944939286383,10.141812592068732,31.03510179609063,7.739618625055796
3f9fc8e63f87e8a56d3eaef7db26f1b6db874d19f12abd5a752821b78d47661e,116,413.642409033877,658.7063989962359,797.0,828.0,797.0,109.74011537017762,106.72167036892688,35.18281639525442,29.74047466507255,0.5342721859204362,-0.7797223685883872,0.9625603864734299,0.7547348484848485,1,31.85548488335917,397,641,429,674,0.8793524082827702,1.1829944475154393,-44.67480091205854,0.0,False,0.113828822362752,0.11764705926179886,0.021605811776781038,0.04313725605607033,0.16078431904315948,90.72157142311335,15.88240477404014,3.007327376077376,0.2978285314798206,0.08545177184150188,0.7201795988806989,0.007355361350645824,8.888384572200202,22.876424975880077,7.562835366036035
3f9fc8e63f87e8a56d3eaef7db26f1b6db874d19f12abd5a752821b78d47661e,117,419.21749136939013,463.945914844649,869.0,902.0,869.0,112.08326112068522,108.94311183800608,39.15090851714049,28.58745817864538,0.6832480695271308,0.22115254490723046,0.9634146341463414,0.762280701754386,1,33.26327050028088,400,450,438,480,0.9200895283471449,1.3695134514052716,12.671107451761713,0.0,False,0.20119588109648542,0.19607843458652496,0.051772165372588566,0.07450980693101883,0.30980393290519714,174.83922067284584,13.091260891174905,2.7403623423421317,0.3134316826572969,0.07202494091728448,0.8389411321618953,0.005271480199385916,6.469295392720423,19.713226389629387,7.958901722699437
3f9fc8e63f87e8a56d3eaef7db26f1b6db874d19f12abd5a752821b78d47661e,118,418.21389645776566,221.7683923705722,734.0,778.0,734.0,109.7401153701776,106.72167036892688,38.09447647234372,24.81132872437981,0.7588114142036139,-0.5216308077647773,0.9434447300771208,0.7030651340996169,1,30.570538527078803,401,208,437,237,0.8098427448927896,1.5353662391692786,-29.887243748921712,0.0,False,0.12912860437618615,0.13333334028720856,0.02389836303318024,0.05882352963089943,0.18431372940540314,94.78039561212063,21.312167890109304,3.4872905917327595,0.2640441389517396,0.07698436619534213,0.5992203263874114,0.005978170315741285,12.33367887188902,30.290656908329584,7.848314014099658
3f9fc8e63f87e8a56d3eaef7db26f1b6db874d19f12abd5a752821b78d47661e,119,419.91820580474933,515.8271767810027,758.0,781.0,758.0,102.66904755831214,100.01787771559066,35.660399355210096,27.29075462738375,0.6436787282946268,-0.37965031973827124,0.970550576184379,0.773469387755102,1,31.066309322306914,404,503,439,531,0.9521904023511816,1.3066842541403447,-21.752361011795195,0.0,False,0.2233690375997869,0.2235294133424759,0.057583591126929685,0.0784313753247261,0.33725491166114807,169.31373050063848,13.10885206927908,2.7818338066177692,0.3042332875284387,0.07382899977302405,0.8337610574747325,0.005524506349591772,6.052048693234778,20.16565544532338,7.884571719013962
3f9fc8e63f87e8a56d3eaef7db26f1b6db874d19f12abd5a752821b78d47661e,120,422.08608490566036,600.9245283018868,848.0,875.0,848.0,110.42640687119285,107.37231551121116,40.28510754378462,27.12261517315639,0.7393998642887746,1.4157091651268268,0.9691428571428572,0.805318138651472,1,32.85889733292062,409,581,436,620,0.9243172934527186,1.485295842108003,81.11416017975652,0.0,False,0.16674066243587798,0.16862745583057404,0.037627789098769016,0.06666667014360428,0.250980406999588,141.39608174562454,12.554922287108045,2.6662288638593656,0.32718425260775985,0.08426410222049692,0.8085126408271635,0.007194298049289967,6.818793560421787,18.291051013794302,7.6827100160686665
3f9fc8e63f87e8a56d3eaef7db26f1b6db874d19f12abd5a752821b78d47661e,121,423.2873399715505,183.28307254623044,703.0,726.0,703.0,100.42640687119285,97.89172102152597,36.78743648478816,24.59634956521439,0.743615655192701,1.5412834452943542,0.9683195592286501,0.7811111111111111,1,29.918011296689148,412,165,437,201,0.9218775975156158,1.4956461887667725,88.3090364487492,0.0,False,0.12779405237749156,0.12941177189350128,0.023677872447808532,0.05882352963089943,0.1921568661928177,89.83921882137656,16.897074604241297,3.098220499489731,0.29157931382657676,0.08673844126509414,0.6456730714725083,0.007598195288759921,9.545357647851372,24.24879156063122,7.599896807568873
3f9fc8e63f87e8a56d3eaef7db26f1b6db874d19f12abd5a752821b78d47661e,122,427.2509225092251,242.06826568265683,542.0,561.0,542.0,88.18376618407356,86.28496983777607,32.32673198707003,21.510747318705455,0.7464721129686978,-0.2339519639543567,0.966131907308378,0.7601683029453016,1,26.26967516446403,412,231,443,254,0.9148267335669273,1.502817708195528,-13.404460143381405,0.0,False,0.16615295988194836,0.17058824002742767,0.02992850871104126,0.05882352963089943,0.24313725531101227,90.05490425601602,16.782973203680513,3.082736142254068,0.28919806033982254,0.09667545926304946,0.5742934119808656,0.009396205856759873,9.442993400305408,24.12295300705562,7.332667839012849
3f9fc8e63f87e8a56d3eaef7db26f1b6db874d19f12abd5a752821b78d47661e,123,430.6912878787879,356.6988636363636,528.0,544.0,528.0,85.84062043356595,84.0635283686969,31.04871028932263,21.713743512392345,0.7147848117474057,0.3037485032927028,0.9705882352941176,0.7652173913043478,1,25.928179257714298,416,346,446,369,0.9389199294775384,1.4299105205697344,17.40350727208746,0.0,False,0.165634288085681,0.16470588743686676,0.043379447219674495,0.054901961237192154,0.27450981736183167,87.45490410923958,16.832245875121107,3.0847130076650062,0.29356166575788445,0.08309371851272968,0.7142055901647657,0.00698732691838655,9.111968209402958,24.552523540839257,7.60763304954545
3f9fc8e63f87e8a56d3eaef7db26f1b6db874d19f12abd5a752821b78d47661e,124,442.39543889845095,62.73580034423408,2324.0,2582.0,2324.0,232.3086578651014,222.92393522753895,70.00820548749964,45.49210782081511,0.7600957548361655,-1.4380228121139604,0.9000774593338497,0.6328976034858388,1,54.39677106193454,419,29,470,101,0.5876687346199416,1.5389088094851275,-82.39263797766408,0.0,False,0.15766933697264596,0.16078431904315948,0.03782066027104214,0.03921568766236305,0.24313725531101227,366.4235391244292,9.469449329993992,2.2217723632443787,0.3805100780566696,0.08998560731890053,0.8189213990846966,0.008230973893414064,5.114786514375343,13.824112145612641,7.519129392169255
3f9fc8e63f87e8a56d3eaef7db26f1b6db874d19f12abd5a752821b78d47661e,125,443.312434691745,327.94775339602927,957.0,990.0,957.0,119.39696961966999,115.87694228746994,41.92995520277888,29.550827244115737,0.7094393548930129,0.7800491643536496,0.9666666666666667,0.7384259259259259,1,34.906879612929465,425,312,461,348,0.895628177227298,1.4189096926593863,44.693524930170824,0.0,False,0.1785440650479547,0.18431372940540314,0.03644624195973019,0.06666667014360428,0.2666666805744171,170.86667025089264,12.872271872094865,2.6742430256508642,0.3237257587880473,0.0914285780243654,0.7376558601879977,0.008443930504371599,7.213621202428701,18.53092254176103,7.479422567268639
3f9fc8e63f87e8a56d3eaef7db26f1b6db874d19f12abd5a752821b78d47661e,126,443.77872340425535,648.2382978723405,705.0,726.0,705.0,100.84062043356593,98.67711918492341,35.581312097109375,25.5335174158803,0.696444830675584,-0.3671834370109542,0.9710743801652892,0.7679738562091504,1,29.96053869739811,428,636,462,663,0.9098421594418734,1.3935139259340728,-21.038061247835383,0.0,False,0.12575163801088401,0.125490203499794,0.025248415374434587,0.05882352963089943,0.1921568661928177,88.65490479767323,13.211687784068285,2.732963728076508,0.3158121843752102,0.0835699496606103,0.7691098357058603,0.00707551799548947,7.295977123326386,19.127398444810183,7.681050470243717
3f9fc8e63f87e8a56d3eaef7db26f1b6db874d19f12abd5a752821b78d47661e,127,448.48153846153843,292.5369230769231,650.0,752.0,650.0,113.63961030678928,110.41862338978646,31.789111819671593,30.64532383048017,0.2658315154469515,-0.3928756974632036,0.8643617021276596,0.615530303030303,1,28.76813695875796,431,277,464,309,0.6699440955047061,1.0373234101071498,-22.51011933790015,0.0,False,0.22929110728777372,0.23529411852359772,0.04045869965080114,0.11764705926179886,0.3450980484485626,149.03921973705292,18.66555043046649,3.272034724285352,0.27102573981287426,0.08031688225233796,0.6108190060638676,0.00648997257086697,10.512976447874255,26.81812441305872,7.7235655239968
3f9fc8e63f87e8a56d3eaef7db26f1b6db874d19f12abd5a752821b78d47661e,128,441.2795698924731,1.6666666666666667,93.0,99.0,93.0,49.520815280171306,50.77460289814344,23.714180961246235,5.322567469800339,0.9744863879589282,0.0002147721550891645,0.9393939393939394,0.775,1,10.881694613449236,430,0,454,5,0.45331463634823,4.45540260331088,0.01230553804353829,0.0,True,0.17891630153822644,0.18039216101169586,0.031118058049210407,0.09803921729326248,0.23529411852359772,16.639216043055058,43.420477372415924,5.1142494941854455,0.19271476762929546,0.1312959157650331,0.4418852525371969,0.01739395883578771,23.698336493517946,63.142618251313905,6.24862410985497
3f9fc8e63f87e8a56d3eaef7db26f1b6db874d19f12abd5a752821b78d47661e,129,454.6019629225736,538.474372955289,917.0,940.0,917.0,120.91168824543144,117.31298559315167,47.37081977532627,24.816860507271098,0.8517890219873062,-0.1879968542526822,0.975531914893617,0.8151111111111111,1,34.16958680642984,432,526,477,551,0.8373114390155829,1.9088159745849835,-10.771426310414752,0.0,False,0.18181196556324009,0.18431372940540314,0.051672569310957615,0.0470588244497776,0.3019607961177826,166.72157242149115,10.607505528529284,2.452733751547088,0.3374203866726409,0.07887363093827199,0.8399455042235857,0.0063519951440912485,5.220350713842376,15.994660343216191,7.735860319066467
3f9fc8e63f87e8a56d3eaef7db26f1b6db874d19f12abd5a752821b78d47661e,130,459.9863547758285,380.6832358674464,1026.0,1069.0,1026.0,127.1543289325507,123.23138008309044,49.58179982907634,26.638539057487865,0.8434138348676627,0.099484684910746,0.9597754911131899,0.7633928571428571,1,36.14337799512211,437,366,485,394,0.8490135086348144,1.861280745241895,5.70005257157457,0.0,False,0.09404502715370809,0.0941176488995552,0.015825476041751687,0.0470588244497776,0.12941177189350128,96.4901978597045,19.214305466878272,3.3190769516612946,0.2842125605389187,0.10042149925737195,0.6495657365637508,0.010155709249274478,11.858982960979448,26.56962797277709,7.08574570577604
3f9fc8e63f87e8a56d3eaef7db26f1b6db874d19f12abd5a752821b78d47661e,131,456.73744292237444,476.23858447488584,876.0,903.0,876.0,111.39696961966999,108.29246669572177,39.36254044600903,28.53198882308408,0.6889053528408892,-0.4885484828743909,0.9700996677740864,0.7203947368421053,1,33.396973533360814,438,460,476,492,0.9386798121240405,1.3795932940420328,-27.991766156221978,0.0,False,0.1954696082412244,0.1921568661928177,0.04627159894659209,0.06666667014360428,0.30980393290519714,171.23137681931257,11.245510353219661,2.404412303349755,0.3668143891454618,0.0891626303349839,0.8070068832192421,0.008054520546540237,6.165408950290875,16.325611756148444,7.601693082518076
3f9fc8e63f87e8a56d3eaef7db26f1b6db874d19f12abd5a752821b78d47661e,132,463.4816204051013,135.7906976744186,1333.0,1384.0,1333.0,140.0243866176395,135.43295988020878,45.691449779054686,37.29860577749711,0.5776072885951531,-0.4322029410125078,0.963150289017341,0.7224932249322493,1,41.197430904511165,442,116,487,157,0.9132533486635879,1.2250176334103384,-24.76340441315837,0.0,False,0.13415413143899954,0.13725490868091583,0.026550617599498776,0.04313725605607033,0.20000000298023224,178.8274572081864,11.725777775911771,2.469811775420813,0.3563622509143247,0.10199230964994922,0.7288911678118357,0.010490917784200271,6.850000716934174,16.60155483488937,7.311512410402454
3f9fc8e63f87e8a56d3eaef7db26f1b6db874d19f12abd5a752821b78d47661e,133,452.9522123893805,167.8778761061947,565.0,579.0,565.0,86.42640687119285,84.61888873596668,29.61506088499064,24.344076575350517,0.5694632879442106,-1.3536169634784418,0.9758203799654577,0.7793103448275862,1,26.821266613927218,441,154,466,183,0.991570680143888,1.2165201992084282,-77.55653908462881,0.0,False,0.15682110469953148,0.16078431904315948,0.028996401442774208,0.06666667014360428,0.23529411852359772,88.60392415523529,19.655767600656127,3.301508275022062,0.28287639707074447,0.09456586070534713,0.5522188855244589,0.009039298788324324,10.75353262170253,28.558002579609717,7.38992422334942
3f9fc8e63f87e8a56d3eaef7db26f1b6db874d19f12abd5a752821b78d47661e,134,458.7838541666667,584.8671875,768.0,794.0,768.0,104.08326112068522,101.3586362462579,33.54254876350784,29.453228881481245,0.47850359271148163,-0.6844463228277236,0.9672544080604534,0.7991675338189386,1,31.270560761786875,443,570,474,601,0.9393978607748263,1.1388411402526315,-39.215885601277215,0.0,False,0.16792790420489231,0.1666666716337204,0.039473356785371796,0.054901961237192154,0.26274511218070984,128.9686304293573,11.213506782241357,2.5156047727618795,0.33996674598775883,0.08445310645511649,0.8030288170413331,0.007229112075556358,5.89615557523954,16.530857989243174,7.584077833340805
3f9fc8e63f87e8a56d3eaef7db26f1b6db874d19f12abd5a752821b78d47661e,135,470.9912935323383,225.77611940298507,804.0,1008.0,804.0,140.32590180780448,135.71881420525227,43.68499325138159,28.639677490526076,0.7551124191589916,-0.49439601585094,0.7976190476190477,0.5767575322812052,1,31.99507140118726,448,207,489,241,0.5485115788440031,1.5253311866319885,-28.326805116341813,0.0,False,0.4279924034516313,0.4372549057006836,0.16847434921661858,0.11764705926179886,0.8352941274642944,344.1058923751116,24.39967252947516,3.7360233084786545,0.24729081844969233,0.06337606678158694,0.7319888085700766,0.00409649418143025,9.30450684913042,39.4948382098199,8.281482354081426
3f9fc8e63f87e8a56d3eaef7db26f1b6db874d19f12abd5a752821b78d47661e,136,468.0854430379747,245.1487341772152,316.0,362.0,316.0,78.2842712474619,76.89966012310536,31.67358503703941,14.047274156857537,0.8962737597540433,0.30691972669007556,0.8729281767955801,0.626984126984127,1,20.0585068271871,453,237,481,255,0.671503229937864,2.254785140758226,17.585204988650055,0.0,False,0.14741871911513654,0.14901961386203766,0.026500529091233595,0.08235294371843338,0.21960784494876862,46.58431524038315,18.31762591891033,3.228689321894233,0.2748389816806963,0.08619052156054426,0.6674019890588156,0.00750107875145344,10.30979055539959,26.325461282421074,7.488630815272087
3f9fc8e63f87e8a56d3eaef7db26f1b6db874d19f12abd5a752821b78d47661e,137,461.68888888888887,691.3222222222222,90.0,92.0,90.0,33.65685424949238,34.59021575512202,12.201443750024414,9.62885735026645,0.6141912506737411,0.29174785635953837,0.9782608695652174,0.9090909090909091,1,10.704744696916627,457,687,468,696,0.9452481403657303,1.2671746299873032,16.71592085139052,0.0,True,0.5041830157240231,0.4470588266849518,0.2629505598056169,0.14509804546833038,1.0,45.37647141516209,85.47645779277735,7.24946314798907,0.13461414594252938,0.09684022505670682,0.4929706158154157,0.009384939111944102,30.712471833647992,140.24044375190672,6.82098401645357
3f9fc8e63f87e8a56d3eaef7db26f1b6db874d19f12abd5a752821b78d47661e,138,481.2828947368421,338.4720394736842,608.0,641.0,608.0,97.49747468305833,95.11491918517699,36.71489003458841,21.717993429377774,0.8062822995280555,0.7596236112075933,0.9485179407176287,0.6537634408602151,1,27.823185353208192,467,324,498,354,0.8445320910505644,1.6905286463953175,43.52322694068163,0.0,False,0.13577786798735983,0.13333334028720856,0.02667275117953741,0.07450980693101883,0.20392157137393951,82.55294373631477,19.297449583224186,3.3157074876692656,0.2763742937682618,0.07799359449897666,0.7202013877728075,0.006142416384604776,10.283517531529599,28.311381634918774,7.88321250210404
3f9fc8e63f87e8a56d3eaef7db26f1b6db874d19f12abd5a752821b78d47661e,139,491.4083239595051,432.7615298087739,889.0,919.0,889.0,114.66904755831214,111.39459110321289,42.93977191936596,26.382238640715897,0.7889939264394878,-0.006498609241357577,0.9673558215451578,0.7839506172839507,1,33.64386950500135,471,420,513,447,0.900292055233568,1.6276015278361065,-0.3723428822345029,0.0,False,0.18958071742470808,0.20000000298023224,0.03929552688275725,0.062745101749897,0.26274511218070984,168.5372577905655,16.72211738790292,2.9723774931352773,0.30792989289769773,0.09288357362170367,0.6930680497682223,0.008695339884549822,9.616807899839372,23.827426875966463,7.487486721919508
3f9fc8e63f87e8a56d3eaef7db26f1b6db874d19f12abd5a752821b78d47661e,140,493.4256487025948,71.75149700598803,2004.0,2179.0,2004.0,198.75230867899737,191.11052130876595,75.11308431073748,35.5315208489079,0.8810407554133161,1.4766733122114604,0.9196879302432308,0.7533834586466165,1,50.51308788471822,475,38,513,108,0.6895065353463444,2.1139844992885,84.60714850932081,0.0,False,0.16703847629722662,0.16862745583057404,0.036957920172410355,0.05098039284348488,0.2705882489681244,334.74510649964213,8.995587384459926,2.125853194224261,0.39632408906424416,0.1018864898975784,0.7891733446380312,0.010499158082584273,5.132620399735293,12.858554369184558,7.312614623657442
3f9fc8e63f87e8a56d3eaef7db26f1b6db874d19f12abd5a752821b78d47661e,141,498.758282208589,302.3116564417178,815.0,846.0,815.0,110.66904755831214,107.60235330733882,40.90620043944589,25.789187531067704,0.7762323736214694,0.0623221632118926,0.9633569739952719,0.7546296296296297,1,32.21319960760119,480,290,520,317,0.8845531501787618,1.5861763923414427,3.5707969221669287,0.0,True,0.20091423373098022,0.2078431397676468,0.02803143012226542,0.10588235408067703,0.2666666805744171,163.74510049074888,15.206844355128336,2.936390282478772,0.29648461807320203,0.09631627433512713,0.6576403744300496,0.009330177920490217,9.132998741393669,21.280689968863,7.427124646436278
3f9fc8e63f87e8a56d3eaef7db26f1b6db874d19f12abd5a752821b78d47661e,142,485.34265734265733,689.2797202797203,143.0,152.0,143.0,44.970562748477136,45.31628400045997,14.698855030475897,12.658030193352374,0.5083381254285491,-1.2414608704099044,0.9407894736842105,0.7857142857142857,1,13.493452297211721,479,682,492,696,0.8750589714273403,1.1612276796586647,-71.13046830512515,0.0,True,0.5087069910723012,0.501960813999176,0.23406158811800473,0.14901961386203766,0.9921568632125854,72.74509972333908,56.097512328165976,5.953530956589074,0.14747819034143558,0.08738277428207758,0.5534212558487355,0.007666423840616507,20.425744059477868,91.7692805968541,7.2492988840380415
3f9fc8e63f87e8a56d3eaef7db26f1b6db874d19f12abd5a752821b78d47661e,143,503.27466150870407,195.57640232108318,517.0,594.0,517.0,101.04772721475248,103.25475514419495,29.79853026156076,23.05641424714925,0.633499209308901,0.027905009683535965,0.8703703703703703,0.7024456521739131,1,25.65667251667837,488,184,520,207,0.609368898855781,1.2924182373781354,1.5988392821383037,0.0,True,0.19214169606134093,0.19607843458652496,0.035867203975561174,0.09019608050584793,0.29019609093666077,99.33725686371326,12.272279670539543,2.635304671681546,0.32657895501660505,0.09431179756284733,0.76083942904381,0.008971041805670226,6.5471630394686215,17.997396301610465,7.384955873988414
3f9fc8e63f87e8a56d3eaef7db26f1b6db874d19f12abd5a752821b78d47661e,144,495.9527559055118,222.55905511811022,254.0,278.0,254.0,63.83452377915607,63.39679004141843,23.835044176695735,13.90929359279331,0.8120665519469116,1.1586987858322197,0.9136690647482014,0.7215909090909091,1,17.983404693292407,488,212,504,234,0.794161890808841,1.7136056563681394,66.38855015511906,0.0,False,0.3451598047858148,0.3529411852359772,0.11632522538940752,0.12941177189350128,0.545098066329956,87.67059041559696,48.467202471481144,5.355847025670221,0.18648902751816243,0.0729653969212406,0.621817077872036,0.005346387307679423,20.057695593879828,76.87670934908246,7.8182408426880725
3f9fc8e63f87e8a56d3eaef7db26f1b6db874d19f12abd5a752821b78d47661e,145,506.0221187427241,603.4679860302678,859.0,937.0,859.0,133.8111831820431,131.27593126709388,36.82312645859599,31.07309457055867,0.5365834440681637,1.418993833049847,0.9167556029882604,0.7158333333333333,1,33.0713285026094,490,586,520,626,0.6263726871923077,1.1850485755443683,81.30235778884759,0.0,True,0.11533703467222114,0.11764705926179886,0.019731147285116702,0.04313725605607033,0.15294118225574493,99.07451278343797,17.465972496751323,3.0545906290959284,0.30148343149741796,0.08750462622119717,0.6301329363292323,0.007716385760660734,10.244383560625353,24.687561432877295,7.489854519319154
3f9fc8e63f87e8a56d3eaef7db26f1b6db874d19f12abd5a752821b78d47661e,146,510.16037735849056,259.03207547169814,530.0,553.0,530.0,91.69848480983498,89.61713204139483,33.008628534245794,21.17159438550408,0.7672101922193972,1.313700327044177,0.9584086799276673,0.7771260997067448,1,25.977239243415305,498,245,520,276,0.8292846962351903,1.5590997982110588,75.2694842845873,0.0,True,0.16659267931333127,0.16470588743686676,0.026502459600808895,0.09019608050584793,0.23529411852359772,88.29412003606558,12.856181895386328,2.7387587756329084,0.3118262808928222,0.08993205630583206,0.7602014551069405,0.00814549130719309,7.211304610827192,18.501059179945464,7.490682283735731
3f9fc8e63f87e8a56d3eaef7db26f1b6db874d19f12abd5a752821b78d47661e,147,511.11420612813373,321.9359331476323,359.0,373.0,359.0,72.2842712474619,71.21130342929425,23.436791700704052,20.465123093716432,0.48735312959917865,-1.4144026718845386,0.9624664879356568,0.7479166666666667,1,21.37973331358283,500,310,520,334,0.8896239014262464,1.1452064858529991,-81.03930363101105,0.0,True,0.1398437981361466,0.1411764770746231,0.018609738979027436,0.07450980693101883,0.1921568661928177,50.20392353087664,18.390057565370398,3.2909792855960873,0.26598706533251304,0.09088894842751521,0.5298595205167282,0.008290949921934533,10.493808652324448,26.28630647841635,7.271950691913928
3f9fc8e63f87e8a56d3eaef7db26f1b6db874d19f12abd5a752821b78d47661e,148,511.753108348135,660.9662522202486,563.0,582.0,563.0,100.8700576850888,98.3123283676826,40.40253489860163,18.758787471759206,0.8856794150746771,-1.4520377852847877,0.9673539518900344,0.7597840755735492,1,26.77375326109316,501,640,520,679,0.7319851918354574,2.1537924537727418,-83.19563679034157,0.0,True,0.19581374712619223,0.20000000298023224,0.04258228334824002,0.07450980693101883,0.29019609093666077,110.24313963204622,11.990766135519358,2.5981709585185278,0.3266596842037261,0.08139092845401044,0.8118037523362023,0.006694536665450555,6.463391605728771,17.518140665309947,7.610554993967565
3f9fc8e63f87e8a56d3eaef7db26f1b6db874d19f12abd5a752821b78d47661e,149,513.9704641350211,378.9493670886076,237.0,246.0,237.0,63.4558441227157,62.841429674148635,24.314782366912887,13.169220350022503,0.8406274743483365,-1.362799999632022,0.9634146341463414,0.6771428571428572,1,17.371176474327626,506,365,520,390,0.7541645187138394,1.8463342339678703,-78.082688299345,0.0,True,0.11400678717700238,0.11372549086809158,0.021159398479087394,0.05882352963089943,0.16078431904315948,27.019608560949564,18.065202098195677,3.319129180274799,0.26314504651082526,0.09199830441779859,0.7261314853815637,0.008506602888113357,10.065748653298362,26.06465554309299,7.197762573777817
3f9fc8e63f87e8a56d3eaef7db26f1b6db874d19f12abd5a752821b78d47661e,150,514.1311475409836,4.60655737704918,122.0,133.0,122.0,48.3492424049175,51.00464069427109,17.706476894435923,10.560871473243289,0.8026568086293767,0.742887919920397,0.9172932330827067,0.5422222222222223,1,12.463355264843006,505,0,520,15,0.5893188188068677,1.6766113420939293,42.56434246269143,0.0,True,0.19026037012455893,0.19607843458652496,0.040813583596954014,0.07450980693101883,0.2666666805744171,23.21176515519619,21.800794467198507,3.5465134302831274,0.2640168205993645,0.10420658323089094,0.6568029990286262,0.010880714832285117,10.72115136931544,32.88043756508157,6.7357007805178775
3f9fc8e63f87e8a56d3eaef7db26f1b6db874d19f12abd5a752821b78d47661e,151,515.3333333333334,507.2113821138211,123.0,128.0,123.0,43.55634918610404,43.975525469792736,16.18997932181795,10.667632233896809,0.7522275750756041,1.3959368689754883,0.9609375,0.7235294117647059,1,12.514330345744634,510,500,520,517,0.7992688734806518,1.5176731787184858,79.98129105900206,0.0,True,0.17975450676631152,0.18431372940540314,0.04879463426265007,0.062745101749897,0.2549019753932953,22.109804332256317,35.59001197691998,4.533506869767412,0.21784196983082776,0.09966077592663405,0.6406023401044539,0.009952158862568453,16.082420175755065,55.09760377808492,6.873086979994178
3f9fc8e63f87e8a56d3eaef7db26f1b6db874d19f12abd5a752821b78d47661e,152,516.7272727272727,234.7840909090909,88.0,96.0,88.0,41.7634559672906,43.42016510252293,17.55820234251796,6.885487907355396,0.9199003433690115,-1.527404859620255,0.9166666666666666,0.6984126984126984,1,10.585134856802455,513,226,520,244,0.5865561533438225,2.550030234424125,-87.51385206401258,0.0,True,0.16332442542030054,0.16470588743686676,0.020377409252728615,0.10196078568696976,0.20000000298023224,14.372549436986446,39.797452468965275,4.9260774732867745,0.18759615962074855,0.1220856582383667,0.40543538442591087,0.014932059336582235,21.070427348154457,58.5244775897761,6.255042751841749
3f9fc8e63f87e8a56d3eaef7db26f1b6db874d19f12abd5a752821b78d47661e,153,516.5405405405405,553.5225225225225,111.0,117.0,111.0,45.520815280171306,46.982365102269355,20.288777584656582,7.43545871376622,0.9304253951600702,1.542203129147745,0.9487179487179487,0.7551020408163265,1,11.888212206450685,513,544,520,565,0.6319214420340621,2.7286517706154916,88.36173045203482,0.0,True,0.11891892277174168,0.12156862765550613,0.029043385721508188,0.05098039284348488,0.1764705926179886,13.200000427663326,39.51133737763433,4.9145475043827505,0.19434935537575548,0.09989305999765748,0.5380032788021564,0.010015040906607566,18.295054968439793,60.72761978682886,6.830859904302919
815524d88283ba10ad597b87aa1967671db776df8004a0c4291b67fc2624c22a,1,0.8974358974358975,27.41025641025641,39.0,47.0,39.0,28.449747468305834,33.479495020582426,15.527922636004455,3.3469135502859135,0.9764946550972284,1.5482321938007335,0.8297872340425532,0.65,1,7.046725639945928,0,20,4,35,0.4372367660427698,4.639475266601363,88.70717041106256,0.0,True,0.2821518423465582,0.2862745225429535,0.11093985829993014,0.13333334028720856,0.5254902243614197,11.00392185151577,170.82149375679808,10.967172571802335,0.10265580055576204,0.25592625687731735,-0.010878018414431201,0.09547346332460015,71.95505647911338,269.68793103448274,4.548218499438448
815524d88283ba10ad597b87aa1967671db776df8004a0c4291b67fc2624c22a,2,6.601941747572815,120.01941747572816,103.0,119.0,103.0,40.00609665440988,43.09484253138079,14.24157938720722,9.613666613412393,0.7377791488970927,-0.13561455573097897,0.865546218487395,0.7357142857142858,1,11.451797811161432,0,116,14,126,0.6969417675331062,1.4813889392979624,-7.770141683926786,0.0,True,0.4015990923909308,0.3960784375667572,0.04005362696287569,0.33725491166114807,0.5058823823928833,41.36470651626587,41.22476879669984,4.7399647019192255,0.2226015066339702,0.10731273521805121,0.5058390555142294,0.011541395031607827,25.213288546379527,57.23624904702015,6.650314259497889
815524d88283ba10ad597b87aa1967671db776df8004a0c4291b67fc2624c22a,3,15.973451327433628,227.13274336283186,113.0,121.0,113.0,39.21320343559643,39.857965102776504,15.30542335146885,9.455972064466371,0.7863208205591773,0.730587356677635,0.9338842975206612,0.6686390532544378,1,11.994835078277376,10,221,23,234,0.8938364529644559,1.6185986218152582,41.85957210324741,0.0,False,0.2264445654520419,0.2235294133424759,0.13246060814100838,0.03921568766236305,0.46666666865348816,25.588235896080732,104.95648753957956,7.844654217338917,0.15617314410633035,0.09840534520194702,0.3393630412176644,0.009714686835264785,46.364297321036446,163.54867775812266,6.911929913299694
815524d88283ba10ad597b87aa1967671db776df8004a0c4291b67fc2624c22a,4,24.88679245283019,315.6132075471698,106.0,121.0,106.0,44.520815280171306,52.900759592208125,17.60449423529593,8.173355971176827,0.8856902241391716,-0.24474574931941442,0.8760330578512396,0.6198830409356725,1,11.617374563210365,14,311,33,320,0.4759835165329082,2.153888108798616,-14.022898489769286,0.0,True,0.2509064070599259,0.23725490272045135,0.09168926326352726,0.10980392247438431,0.43529412150382996,26.596079148352146,55.48705070632148,5.678533596230279,0.18897678935094137,0.10681049724094187,0.561795943877794,0.011451050600939247,21.695383323784057,89.2787180888589,6.706585498134476
815524d88283ba10ad597b87aa1967671db776df8004a0c4291b67fc2624c22a,5,24.164444444444445,213.2711111111111,225.0,250.0,225.0,62.76955262170047,62.19078453186435,25.037180121146278,11.605833217296274,0.8860739314982907,0.6615793737259142,0.9,0.5639097744360902,1,16.925687506432688,14,204,35,223,0.7310386037932792,2.1572927727268345,37.90570592740307,0.0,False,0.28087146626578435,0.27450981736183167,0.1080225533773571,0.11372549086809158,0.5254902243614197,63.19607990980148,49.038405379449834,5.1585400304594495,0.22243183352943674,0.08817589354602211,0.5547547517322784,0.007824626339822404,19.97499373485949,78.10181702404017,7.398321329780066
815524d88283ba10ad597b87aa1967671db776df8004a0c4291b67fc2624c22a,6,45.674418604651166,284.9767441860465,129.0,145.0,129.0,50.698484809834994,53.03551261332129,21.983336643955102,7.755287475150709,0.9357061931324487,-0.5868416088339458,0.8896551724137931,0.45263157894736844,1,12.815923738491737,36,277,55,292,0.576323107163305,2.834625629854927,-33.62354742885226,0.0,False,0.3473780298417853,0.3294117748737335,0.06460183303839977,0.2235294133424759,0.4941176474094391,44.8117658495903,74.1975847167005,6.463297511782189,0.18644958292092473,0.10804930744068345,0.2012010247344586,0.0116960235385927,36.686846950272134,111.70832248312884,6.734311230808839
815524d88283ba10ad597b87aa1967671db776df8004a0c4291b67fc2624c22a,7,45.523809523809526,241.82539682539684,189.0,200.0,189.0,58.76955262170047,58.39854673599028,24.992494074828016,9.737294144889841,0.9209804716307195,-0.9143392498566018,0.945,0.5294117647058824,1,15.512648837479231,38,232,55,253,0.6964141533479734,2.5666775289872645,-52.387780059940944,0.0,False,0.4089220967242327,0.41960784792900085,0.07854007229834124,0.2235294133424759,0.5411764979362488,77.28627628087997,34.414526355239516,4.465464396182699,0.20756977264798476,0.07813227882883714,0.7020131531427201,0.006125374210666843,15.717409078160316,53.11164363231872,7.558979988945598
815524d88283ba10ad597b87aa1967671db776df8004a0c4291b67fc2624c22a,8,58.992805755395686,107.0431654676259,278.0,324.0,278.0,71.94112549695427,70.8859808581521,26.19527921367194,15.325476562300118,0.8109991942910066,0.018250840494052047,0.8580246913580247,0.6289592760180995,1,18.81384047546846,48,99,74,116,0.6952387237955842,1.7092635982433968,1.0456961328756404,0.0,False,0.3144872411415517,0.34117648005485535,0.11049385181719507,0.0470588244497776,0.5372549295425415,87.42745303735137,37.04704723414768,4.351442694727216,0.26399091580650663,0.09150397625328265,0.59175204630636,0.00843707780831495,17.114666620636356,56.97942784765901,7.5198325519761475
815524d88283ba10ad597b87aa1967671db776df8004a0c4291b67fc2624c22a,9,61.12244897959184,275.6666666666667,147.0,162.0,147.0,48.42031021678297,48.78319922519191,19.0982896969051,9.981593593048695,0.8525514393869927,-0.5016805438632578,0.9074074074074074,0.6176470588235294,1,13.680870333281758,53,270,70,284,0.7762232420862644,1.9133507609652014,-28.74417782719244,0.0,False,0.39661198540204234,0.40392157435417175,0.07190775070172628,0.23529411852359772,0.5254902243614197,58.30196185410023,50.92260529698514,5.639905737770253,0.1473938573381433,0.08708996837284566,0.5163538192541841,0.007624797668579087,18.94817813765181,82.89703245631846,7.209323844714337
815524d88283ba10ad597b87aa1967671db776df8004a0c4291b67fc2624c22a,10,63.90778097982709,237.1815561959654,347.0,429.0,347.0,101.49747468305831,101.58867404238555,43.970008067473856,11.084856967654948,0.9677010821292392,-1.2313061747711076,0.8088578088578089,0.44487179487179485,1,21.019374919894773,54,219,74,258,0.4225214437549631,3.9666734713651346,-70.54864710278218,0.0,False,0.3941911134321339,0.3960784375667572,0.06976618010451362,0.24313725531101227,0.5333333611488342,136.78431636095047,36.01569905892451,4.549172116061378,0.21605166887572744,0.06994794437360496,0.6266622765747188,0.004941443266602334,15.49959342989809,56.53180468795094,7.96693759528875
815524d88283ba10ad597b87aa1967671db776df8004a0c4291b67fc2624c22a,11,72.4065934065934,188.88736263736263,364.0,408.0,364.0,107.25483399593904,104.36547587873453,49.74756264347587,9.464917976730577,0.9817339456435836,1.3459362430009907,0.8921568627450981,0.4945652173913043,1,21.528102431092233,65,166,81,212,0.4199499484021849,5.255995114355966,77.11646621765115,0.0,False,0.29951519760620465,0.28431373834609985,0.09775685268562848,0.12941177189350128,0.5137255191802979,109.02353192865849,36.905812561923476,4.59001636262672,0.21747261097216855,0.06951441557162494,0.6687732340059036,0.00488960457345332,18.32360923327243,55.48801589057452,7.990404842183591
815524d88283ba10ad597b87aa1967671db776df8004a0c4291b67fc2624c22a,12,91.50934579439253,227.28971962616822,214.0,226.0,214.0,61.698484809834994,61.175348572339246,23.819172379052166,11.611057186063173,0.8731414888999782,-1.3845766424554224,0.9469026548672567,0.7753623188405797,1,16.50676414605009,86,217,98,240,0.7185727309126844,2.051421502569333,-79.3303980250897,0.0,False,0.3945391310431133,0.40392157435417175,0.06537628570317949,0.2823529541492462,0.5215686559677124,84.43137404322624,51.68173840887677,5.511477664443846,0.1884773854132912,0.07914494347826884,0.6030595874199141,0.006307879301829749,19.972013726247376,83.39146309150615,7.617628396827502
815524d88283ba10ad597b87aa1967671db776df8004a0c4291b67fc2624c22a,13,109.44859813084112,255.78504672897196,107.0,124.0,107.0,43.798989873223334,44.20556326592039,14.915944174586723,9.695570351657334,0.7599223580377059,1.2229898909190506,0.8629032258064516,0.7133333333333334,1,11.67204486311899,105,249,115,264,0.6880813461294122,1.5384287497885085,70.07215913682653,0.0,False,0.41997435076214445,0.41960784792900085,0.03834298445148822,0.34117648005485535,0.5333333611488342,44.937255531549454,32.54643295529108,4.296031955629504,0.2371291817347957,0.11348194990225942,0.47901540667857645,0.012899988808175214,19.30319694591319,45.78966896466898,6.536255598530599
815524d88283ba10ad597b87aa1967671db776df8004a0c4291b67fc2624c22a,14,110.49606299212599,243.89763779527559,127.0,145.0,127.0,46.970562748477136,47.21240289839701,14.894966969933229,11.47076117096873,0.6379112621660037,1.444639996336468,0.8758620689655172,0.7055555555555556,1,12.716187407449045,105,237,117,252,0.7159807991149116,1.2985160049910895,82.77177470587432,0.0,False,0.4004631835644639,0.3960784375667572,0.040027459080065206,0.3333333432674408,0.5058823823928833,50.85882431268692,44.8481740964137,5.089738700989457,0.19472131917080832,0.097518191408249,0.4487118967784455,0.009525099889946091,20.93978350189633,68.75656469093107,6.9268203867582745
815524d88283ba10ad597b87aa1967671db776df8004a0c4291b67fc2624c22a,15,112.0261780104712,195.90575916230367,191.0,235.0,191.0,75.35533905932738,74.12285828675638,30.960433275135177,8.819307276029217,0.9585699164169474,-1.2429212495346178,0.8127659574468085,0.45476190476190476,1,15.594510349620345,106,183,120,213,0.4368566139513573,3.5105289232052614,-71.21414186546023,0.0,False,0.38145981658815714,0.3803921639919281,0.051930871352196435,0.29019609093666077,0.5137255191802979,72.85882496833801,52.925531086260904,5.637103817648496,0.18365223552679824,0.08115449768135385,0.4121728992106779,0.006612457781762604,27.79238435976817,78.05867781275363,7.447443799603672
815524d88283ba10ad597b87aa1967671db776df8004a0c4291b67fc2624c22a,16,112.99107142857143,226.79017857142858,224.0,241.0,224.0,63.21320343559643,62.61139187802098,25.18402685098908,11.538221011909993,0.8888716377349136,-1.4474738046598998,0.9294605809128631,0.7777777777777778,1,16.88803298257901,107,215,119,239,0.7180441783871129,2.182661159375748,-82.934139962756,0.0,False,0.40381653260971817,0.39803922176361084,0.04584977864937688,0.32156863808631897,0.501960813999176,90.45490330457687,42.018023440412136,4.9665755936426494,0.19604714427644243,0.07968301828467664,0.5993843462305845,0.006396933273869522,17.45038358109741,66.58566329972686,7.547808600443448
815524d88283ba10ad597b87aa1967671db776df8004a0c4291b67fc2624c22a,17,117.82100238663485,161.25775656324583,419.0,484.0,419.0,126.63961030678928,123.13609530807595,54.83213965313163,10.096157815774697,0.9829021862048037,-1.5052612293515344,0.8657024793388429,0.6983333333333334,1,23.09734550211416,112,136,124,186,0.34725869699215495,5.430990744564173,-86.24511550651675,0.0,False,0.3040572872523192,0.30588236451148987,0.07385453870141818,0.1411764770746231,0.47058823704719543,127.40000335872173,37.44971444506419,4.4565361399622425,0.24425907798844193,0.0759410114120117,0.5450799199625329,0.005948476009707901,19.011955239659528,55.887473650468834,7.8430985495755525
815524d88283ba10ad597b87aa1967671db776df8004a0c4291b67fc2624c22a,18,129.23741007194243,195.73381294964028,139.0,155.0,139.0,48.04163056034261,48.22783885792211,17.43402544712779,10.378684551854178,0.8034946315975577,-1.4696727193402859,0.896774193548387,0.702020202020202,1,13.303394180365686,124,187,135,205,0.7509811946925327,1.6797914379248724,-84.20604408371314,0.0,False,0.4205388705507457,0.4274509847164154,0.05887256736819553,0.29411765933036804,0.529411792755127,58.45490300655365,52.784861467660704,5.580947969761475,0.1769368377138067,0.08445716112516884,0.5283759242350179,0.007148707755287658,21.178818409191358,84.39090452613006,7.280565683537006
815524d88283ba10ad597b87aa1967671db776df8004a0c4291b67fc2624c22a,19,156.22067039106145,202.29888268156424,358.0,412.0,358.0,99.84062043356595,97.33636065425617,45.57060945620407,10.593265718381515,0.9726063673230967,-1.2584456584284356,0.8689320388349514,0.5014005602240896,1,21.349935761383176,148,182,165,224,0.47483495518863206,4.301847104347586,-72.10362497451135,0.0,False,0.305696140912325,0.2980392277240753,0.07720872914028583,0.16470588743686676,0.5098039507865906,109.43921844661236,37.804643326150924,4.657373915335379,0.21094407612689378,0.07009518589801932,0.5334284435512122,0.004963028085254366,19.231839399260487,56.37744725304137,7.937410144700067
815524d88283ba10ad597b87aa1967671db776df8004a0c4291b67fc2624c22a,20,178.78600823045267,20.82304526748971,243.0,276.0,243.0,75.8700576850888,75.00354122516832,31.867320661916345,10.22853374650119,0.9470885127130437,-1.3282670314515388,0.8804347826086957,0.5599078341013825,1,17.58969042850512,173,7,187,38,0.5428159497700895,3.1155316540669378,-76.10409496854375,0.0,False,0.32594207223550775,0.3176470696926117,0.0711707367020719,0.21176470816135406,0.49803921580314636,79.20392355322838,49.1589498869952,5.245145994185561,0.20431514065513606,0.0840034071668659,0.48705842798779575,0.007094825501811295,24.448513069625665,73.86938670436474,7.508248488690855
815524d88283ba10ad597b87aa1967671db776df8004a0c4291b67fc2624c22a,21,189.5857142857143,222.40357142857144,280.0,297.0,280.0,66.18376618407356,65.42766196046863,24.504245991332187,14.819529648694163,0.7963971804129902,-0.8896413588309195,0.9427609427609428,0.6349206349206349,1,18.881394877652593,180,213,201,234,0.8219494193547116,1.6535103726110094,-50.97269514129532,0.0,False,0.28882353571908814,0.29411765933036804,0.11263353465062305,0.07058823853731155,0.5058823823928833,80.87059000134468,32.442763926506906,4.3757262381708015,0.20500689003566572,0.06817253260640785,0.708125324176892,0.0046878808420802,12.798467824926629,52.08706002808718,7.947932044281105
815524d88283ba10ad597b87aa1967671db776df8004a0c4291b67fc2624c22a,22,185.11320754716982,2.981132075471698,53.0,69.0,53.0,33.520815280171306,35.605651714647124,9.81771214907592,9.011830987962915,0.3967757292505405,-1.4931588802257387,0.7681159420289855,0.5353535353535354,1,8.214724333230155,180,0,191,9,0.5253489334327694,1.0894247974900348,-85.55170197941483,0.0,True,0.34546800716867987,0.3490196168422699,0.05787251293611654,0.239215686917305,0.4431372582912445,18.309804379940033,75.96086496564436,6.830905777229305,0.13001851140714227,0.14031513182232164,0.443706368779497,0.019867692435208608,32.13679727135609,119.78493265993265,5.768390659725549
815524d88283ba10ad597b87aa1967671db776df8004a0c4291b67fc2624c22a,23,186.282722513089,52.659685863874344,191.0,203.0,191.0,59.698484809834994,59.27922967440222,24.927231477850796,9.9002165715913,0.9177473486640091,1.5029814791263323,0.9408866995073891,0.764,1,15.594510349620345,182,40,192,65,0.6830274038846973,2.5178470892626286,86.11449544026867,0.0,False,0.352735866504814,0.3450980484485626,0.08727729466791645,0.18039216101169586,0.5176470875740051,67.37255050241947,50.50496363325635,5.530845757027529,0.162854613605049,0.07549175966893636,0.5365392856778357,0.005716153364474749,24.581299763055792,76.42862750345691,7.643019218992759
815524d88283ba10ad597b87aa1967671db776df8004a0c4291b67fc2624c22a,24,186.50938337801608,153.0053619302949,373.0,427.0,373.0,97.76955262170047,95.76556432746128,38.77575039560059,12.906745701638798,0.9429776272673694,-1.3210669146815444,0.8735362997658079,0.5828125,1,21.792621462004423,178,133,194,173,0.5110930218327354,3.0043011067210497,-75.6915586656217,0.0,False,0.34339484448567154,0.3607843220233917,0.08836845686602075,0.14509804546833038,0.5411764979362488,128.08627699315548,30.237084591999768,4.175334251433614,0.22894627643448442,0.0729295027880082,0.652689900592596,0.005371222412735877,14.518412612630543,45.955756571368994,7.863577352911823
815524d88283ba10ad597b87aa1967671db776df8004a0c4291b67fc2624c22a,25,192.6953125,307.41015625,256.0,299.0,256.0,79.66904755831214,83.73820579755476,32.568201710443645,10.65118469442392,0.9450096462899812,-0.5948051383769523,0.8561872909698997,0.383808095952024,1,18.0540666735282,177,296,206,319,0.45877793968066005,3.057706972961765,-34.079824061694275,0.0,False,0.39963235915638506,0.3921568691730499,0.038069767997266635,0.3294117748737335,0.5098039507865906,102.30588394403458,36.71849365082275,4.560808719137432,0.21900841544560593,0.09496434031726902,0.4595345821921252,0.009102043625755066,16.7517617955185,56.685225506127004,7.259492412666263
815524d88283ba10ad597b87aa1967671db776df8004a0c4291b67fc2624c22a,26,203.3562753036437,24.86234817813765,247.0,267.0,247.0,66.18376618407356,65.42766196046864,27.888596538772795,11.826229854725781,0.905637595177157,-1.0075387465483647,0.9250936329588015,0.5416666666666666,1,17.733870630789692,194,14,213,38,0.7250768092164774,2.358198418376628,-57.72771787312244,0.0,False,0.3527665386798411,0.3686274588108063,0.09388798293527584,0.14901961386203766,0.5254902243614197,87.13333505392075,37.52434450118367,4.812533912407055,0.18232945449572066,0.07251118506544736,0.6555330640880997,0.005290359411104244,13.845834137933505,61.20285486443384,7.7640897817018955
815524d88283ba10ad597b87aa1967671db776df8004a0c4291b67fc2624c22a,27,202.44094488188978,53.84251968503937,127.0,140.0,127.0,43.89949493661167,44.30084804093488,17.1997505392053,9.61623034227634,0.8291061173241107,-1.4403502736113045,0.9071428571428571,0.79375,1,12.716187407449045,198,46,208,62,0.8131852736080101,1.7886167372248907,-82.5259916984411,0.0,False,0.47262622709349383,0.4745098054409027,0.039550380067044436,0.3843137323856354,0.5411764979362488,60.02353084087372,60.65566735354376,6.210135334018229,0.14325137605145005,0.09068900704730938,0.4793128425696874,0.008250205067024407,23.877108484293057,97.43422622279448,7.091463104594874
815524d88283ba10ad597b87aa1967671db776df8004a0c4291b67fc2624c22a,28,206.7486338797814,127.49180327868852,366.0,405.0,366.0,90.18376618407356,88.1810887357131,38.69135913042614,12.401283459798302,0.9472423688838503,-1.4096641498238243,0.9037037037037037,0.6594594594594595,1,21.587164551489145,200,110,215,147,0.5914799619419805,3.119947967954555,-80.76780631580247,0.0,False,0.33541198604093875,0.34117648005485535,0.08848534582552643,0.1568627506494522,0.5176470875740051,122.76078689098358,35.145178800059234,4.449747044791687,0.2253336507569687,0.06969767491552697,0.652033861537953,0.004918092444181671,15.730424396464377,54.55993320365409,7.986683538482183
815524d88283ba10ad597b87aa1967671db776df8004a0c4291b67fc2624c22a,29,214.46545454545455,292.7090909090909,275.0,317.0,275.0,74.42640687119285,73.24217534834443,30.57934510815508,12.087392374256916,0.9185608363733689,-0.6957761822519559,0.8675078864353313,0.4782608695652174,1,18.712051592547777,202,282,227,305,0.644199062499094,2.52985459240004,-39.86503872876225,0.0,False,0.42462745796550405,0.41960784792900085,0.05062177053451433,0.32156863808631897,0.545098066329956,116.77255094051361,35.050967698624774,4.578146106018687,0.20074853876007676,0.07678224652415523,0.56477428767495,0.005922395404320891,15.251333943833947,54.8506014534156,7.684205075079098
815524d88283ba10ad597b87aa1967671db776df8004a0c4291b67fc2624c22a,30,223.20474777448072,36.24925816023739,337.0,368.0,337.0,76.5269119345812,75.23357902129598,28.170087284337917,15.940106645483382,0.8245066745401497,1.4926969888950317,0.9157608695652174,0.7522321428571429,1,20.71428798138497,215,23,231,51,0.7481976152887065,1.767245847901519,85.52523755557162,0.0,False,0.39279688925700657,0.4156862795352936,0.08738032156733241,0.2078431397676468,0.5372549295425415,132.3725516796112,27.96735938825093,3.995698704722415,0.23676980253447852,0.06864082490426254,0.773244909500415,0.0047891440971184794,9.915038710814365,46.019680065687496,7.9631940668815835
815524d88283ba10ad597b87aa1967671db776df8004a0c4291b67fc2624c22a,31,223.3248730964467,162.51776649746193,197.0,210.0,197.0,52.8700576850888,52.80547481719364,18.885379796140214,13.33382282391676,0.708172521702932,-0.7876639183888109,0.9380952380952381,0.6816608996539792,1,15.837556323903858,216,154,233,171,0.8878062254323115,1.4163514879068047,-45.12981819841578,0.0,False,0.33894695765173377,0.3294117748737335,0.10067806339290616,0.10980392247438431,0.545098066329956,66.77255065739155,40.21634494742125,4.8214936623126095,0.2023667058535061,0.07768910785910986,0.5196071488329572,0.006050994382593737,22.588953971419087,57.84373592342341,7.591848585200445
815524d88283ba10ad597b87aa1967671db776df8004a0c4291b67fc2624c22a,32,241.54918032786884,39.295081967213115,122.0,132.0,122.0,43.798989873223334,44.20556326592038,18.000326395062825,8.759013126206384,0.8736232048749977,-1.1031215986297174,0.9242424242424242,0.6354166666666666,1,12.463355264843006,236,32,248,48,0.7845413479232554,2.0550632971660985,-63.20421189120718,0.0,False,0.21610415250551504,0.18039216101169586,0.09890560126147428,0.06666667014360428,0.4470588266849518,26.364706605672836,71.4126440814847,6.118843078175036,0.20699024765003177,0.09708576571390072,0.3186456193014158,0.00944119860484772,49.31444476208628,93.51084340088312,6.940351993366403
16c3d5935ba94b720becc24b7a05741c26149e221e3401924080f41e2f891368,1,3.124031007751938,71.92248062015504,129.0,133.0,129.0,46.384776310850235,46.65704253112722,19.440415626933145,9.048922139659252,0.8850638779470854,-1.4892583351540643,0.9699248120300752,0.7166666666666667,1,12.815923738491737,0,63,9,83,0.7446722345293456,2.1483680958785656,-85.32821720900732,0.0,True,0.11846785582313242,0.11372549086809158,0.04402944933743808,0.04313725605607033,0.24705882370471954,15.282353401184082,29.812852406807274,4.012677857957572,0.2395979647572221,0.10050590095485434,0.6034071561270316,0.010134615964853265,13.052524378281692,46.57318043533285,6.84240529277394
16c3d5935ba94b720becc24b7a05741c26149e221e3401924080f41e2f891368,2,7.078512396694215,97.3099173553719,242.0,254.0,242.0,58.62741699796952,58.26379371487711,19.168360322394648,16.26626717152107,0.5290352926510538,-1.0830719523924475,0.952755905511811,0.7960526315789473,1,17.55346033766304,0,88,16,107,0.8958343506160237,1.1784117474692999,-62.05545178108127,0.0,True,0.1515151551993918,0.15294118225574493,0.047645295303133155,0.062745101749897,0.250980406999588,36.66666755825281,35.372671410929655,4.651775140496062,0.1921137297884261,0.07349224818953659,0.6559712792412773,0.0054223100244768134,15.009745786539995,55.73559703531931,7.773768450836494
16c3d5935ba94b720becc24b7a05741c26149e221e3401924080f41e2f891368,3,4.479381443298969,127.95360824742268,194.0,198.0,194.0,54.384776310850235,54.24151812287538,21.277465706065755,12.087796075047686,0.8229573312913069,-1.5563538474547094,0.9797979797979798,0.8398268398268398,1,15.716503163191918,0,118,11,139,0.8286057098263837,1.760243602221906,-89.17250688810239,0.0,True,0.18091773260960875,0.19019608199596405,0.06262528912547252,0.062745101749897,0.29411765933036804,35.098040126264095,35.29489618031898,4.599854242500204,0.19581805551301076,0.07804828428412956,0.6753479232279556,0.006100445361794115,14.082680586542505,56.50711177409545,7.542916665251951
16c3d5935ba94b720becc24b7a05741c26149e221e3401924080f41e2f891368,4,2.514705882352941,160.5441176470588,68.0,72.0,68.0,30.899494936611667,32.368774286042836,12.434269828670047,7.272120977844572,0.8111450453488825,1.5477603377589968,0.9444444444444444,0.7472527472527473,1,9.304852983362556,0,154,7,167,0.8155794385443074,1.7098546444087783,88.68013505133331,0.0,True,0.17652826208402128,0.18627451360225677,0.05419504047886476,0.07450980693101883,0.2666666805744171,12.003921821713448,88.078472661875,7.431422011381962,0.1255744255463596,0.11644687650751179,0.33835004275060543,0.013603829324042607,38.19891460225516,137.95803072149482,6.307487547268082
16c3d5935ba94b720becc24b7a05741c26149e221e3401924080f41e2f891368,5,18.7875,49.479166666666664,240.0,248.0,240.0,55.4558441227157,55.256954082400476,18.225611166430475,16.807666499714955,0.3867122474810837,1.4398817028016517,0.967741935483871,0.7843137254901961,1,17.480774889473267,11,41,28,59,0.9877504183689509,1.084362970120782,82.49914456864497,0.0,False,0.12514706240035595,0.11764705926179886,0.04388622257000127,0.054901961237192154,0.25882354378700256,30.035294976085424,28.019079514266288,3.9122615606745827,0.2523591611304643,0.08396804115930032,0.6671900468726284,0.007116242198391023,11.919181231497424,44.11897779703515,7.4641261704132
16c3d5935ba94b720becc24b7a05741c26149e221e3401924080f41e2f891368,6,20.622895622895623,146.73063973063972,297.0,310.0,297.0,63.11269837220809,62.51610710300649,20.10070768652355,18.981829722932062,0.3289814333372321,0.42859877720422596,0.9580645161290322,0.7425,1,19.44613444328572,12,137,32,157,0.9549540177590445,1.0589446844652581,24.556901038270023,0.0,False,0.19306793939384947,0.18431372940540314,0.06951457703362253,0.0784313753247261,0.3960784375667572,57.3411779999733,28.943662320184806,3.9025125288220095,0.24834785269230442,0.08304826212872811,0.654660043596688,0.006937987961451274,11.869900322894164,46.01742431747544,7.642212542666512
16c3d5935ba94b720becc24b7a05741c26149e221e3401924080f41e2f891368,7,70.70338983050847,3.610169491525424,118.0,126.0,118.0,43.17766952966369,44.76092363319018,17.94901566084654,8.78136402768663,0.8721495846834063,0.3034424250008754,0.9365079365079365,0.6555555555555556,1,12.257335203001883,61,0,79,10,0.7401057737489846,2.043989476379223,17.38597027776518,0.0,True,0.24343636398345736,0.24705883860588074,0.10139444241687584,0.07058823853731155,0.45098039507865906,28.72549095004797,53.904382816714346,5.79218341146955,0.16408242157267072,0.09479659916918344,0.5167849571036562,0.009034147661111434,20.313852842731087,87.49491279069761,6.963278558855813
16c3d5935ba94b720becc24b7a05741c26149e221e3401924080f41e2f891368,8,121.10788381742739,113.93775933609959,241.0,253.0,241.0,56.2842712474619,56.04235224579793,18.590191117901007,16.562184840786795,0.4541801350109069,-0.23523861990939354,0.9525691699604744,0.7461300309597523,1,17.517155313611116,112,106,131,123,0.9642600980287789,1.1224479920137076,-13.47818009929039,0.0,False,0.07771540356653113,0.0784313753247261,0.0287221153036277,0.0235294122248888,0.14509804546833038,18.729412259534,38.12576460445634,4.773731602210962,0.19942128870875336,0.07235609294805015,0.6030039266197581,0.005262080037140293,16.031057843557846,60.22047136535484,7.785206528227128
4193474b2f1c72f735b13633b219d9cabdd43c21d9c2bb4dfc4809f104ba4c06,1,3.7333333333333334,265.025,240.0,301.0,240.0,100.14823227814082,103.02471734806728,42.327971810705776,8.929073745224208,0.9774969136494512,1.3866460119251192,0.7973421926910299,0.4293381037567084,1,17.480774889473267,0,242,13,285,0.2841438380363119,4.740466146709255,79.44896416195655,0.0,True,0.6593627654016018,0.6705882549285889,0.04688042055381297,0.5098039507865906,0.7333333492279053,158.24706369638443,48.0701497557875,4.683693156440041,0.26704579572685433,0.10965703817772034,0.30703243640689104,0.012291638508627328,24.49489541163436,71.64540409994063,6.936972573043003
4193474b2f1c72f735b13633b219d9cabdd43c21d9c2bb4dfc4809f104ba4c06,2,36.82277081798084,50.58327192336036,2714.0,3938.0,2714.0,397.26807332528534,410.2816869865294,89.63811597241033,52.14830296409917,0.8133570476352222,1.238755610684455,0.6891823260538344,0.4587559161595673,1,58.784114558367136,0,12,68,99,0.20260746474886682,1.7189076322219063,70.97546834037018,0.0,True,0.5456644752465721,0.5607843399047852,0.07664663304329747,0.3176470696926117,0.6941176652908325,1480.9333858191967,7.827883822312699,2.0623497577213135,0.39477802416682783,0.08384595931866579,0.8895713508051561,0.007233070180127265,3.398481571389949,12.257286073235448,7.646482714591061
4193474b2f1c72f735b13633b219d9cabdd43c21d9c2bb4dfc4809f104ba4c06,3,57.392840752638826,285.497934832492,2179.0,3615.0,2179.0,402.747258045114,418.61209249557635,111.63402574819492,36.553557453570406,0.9448716256745944,0.7212538160517553,0.6027662517289073,0.3543089430894309,1,52.672468785675115,22,245,104,320,0.15625846541550767,3.0539852623097,41.32479961747061,0.0,True,0.6012508218142898,0.5960784554481506,0.054136588849509865,0.4313725531101227,0.7372549176216125,1310.1255407333374,11.419422794052092,2.49011755813322,0.34866615367326925,0.0830024518077424,0.7936507218884876,0.007053812861307521,4.9101634460555985,17.928682142048586,7.655183590275973
4193474b2f1c72f735b13633b219d9cabdd43c21d9c2bb4dfc4809f104ba4c06,4,29.724137931034484,82.36206896551724,58.0,73.0,58.0,36.62741699796952,37.40648583756967,14.91634476440672,5.5691241686730475,0.9276876783600566,1.1670047415586378,0.7945205479452054,0.49572649572649574,1,8.593479713983122,26,77,35,90,0.5208876218662014,2.6784004652496067,66.86444636306533,0.0,False,0.3474645118775039,0.3490196168422699,0.040446797313362946,0.239215686917305,0.4156862795352936,20.152941688895226,50.044494880873955,5.477676953933747,0.16937057875277745,0.1363623049656427,0.4330527602791823,0.018772086397756932,27.17035024154589,72.91863952020202,5.8472084952021355
4193474b2f1c72f735b13633b219d9cabdd43c21d9c2bb4dfc4809f104ba4c06,5,38.111111111111114,0.8888888888888888,27.0,28.0,27.0,20.207106781186546,22.98346457137213,11.032286491448756,3.073946746083571,0.9603979771030624,-0.06174100676881151,0.9642857142857143,0.9,1,5.863230142835039,34,0,44,3,0.6423069730414444,3.5889647423152926,-3.5374991107415474,0.0,True,0.6174292167027792,0.6196078658103943,0.0430292850888616,0.5490196347236633,0.6901960968971252,16.670588850975037,74.20843545751634,6.317066409897292,0.14437508827370976,0.18766079411846415,0.4603865517060704,0.04258260014415625,34.25575980392156,114.1611111111111,3.9864188441691137
4193474b2f1c72f735b13633b219d9cabdd43c21d9c2bb4dfc4809f104ba4c06,6,38.65384615384615,8.217948717948717,78.0,88.0,78.0,34.31370849898476,35.605651714647124,12.831501747486204,8.080269887685784,0.7768211451547282,1.3695077826763604,0.8863636363636364,0.7222222222222222,1,9.965574970333758,35,3,44,15,0.7731550341086041,1.5880041045462143,78.467015957675,0.0,False,0.6472096741199493,0.658823549747467,0.03758521966050442,0.5529412031173706,0.7058823704719543,50.48235458135605,77.32422790444849,6.7645588153676375,0.15952480301990374,0.11983255491107256,0.2258718331457023,0.014379046767542408,40.46848633392753,114.17996947496945,6.320316092292156
4193474b2f1c72f735b13633b219d9cabdd43c21d9c2bb4dfc4809f104ba4c06,7,37.825,93.925,40.0,55.0,40.0,29.556349186104047,33.384210245567935,12.323887713671192,4.684206615940877,0.9249488363742476,0.8393754488932796,0.7272727272727273,0.4,1,7.136496464611085,34,89,44,99,0.45101152700151914,2.630944517206314,48.09267064848385,0.0,False,0.29235295206308365,0.3019607961177826,0.02448940528670142,0.23137255012989044,0.3176470696926117,11.694118082523346,145.64308024351126,8.81508266637577,0.1415554247602942,0.18133716966450142,0.10746880357043284,0.03356230138201807,76.22688087774294,215.0592796092796,5.032424785993666
4193474b2f1c72f735b13633b219d9cabdd43c21d9c2bb4dfc4809f104ba4c06,8,65.14975247524752,112.7871287128713,808.0,989.0,808.0,171.44469683442247,169.27724571803205,45.29546666150901,24.845049085419337,0.8361435216115155,0.855846922778567,0.8169868554095046,0.48325358851674644,1,32.07456238432586,46,94,84,138,0.35434316227312984,1.8231184211300788,49.03641658447077,0.0,False,0.5205057451298626,0.529411792755127,0.07969255116716883,0.24313725531101227,0.7098039388656616,420.568642064929,5.2949994455099745,1.6533621717348594,0.4572465876446433,0.1088122820220264,0.8844374095268244,0.012186534601784812,2.4243136550527535,8.165685235967198,6.936078520644107
4193474b2f1c72f735b13633b219d9cabdd43c21d9c2bb4dfc4809f104ba4c06,9,79.4538188277087,65.30195381882771,1126.0,1734.0,1126.0,215.41525958289964,210.0158937592205,85.73100344897256,21.958109886971258,0.966642876655293,1.0689229526045554,0.649365628604383,0.3295288264559555,1,37.86380497746883,58,34,109,101,0.32080706852610946,3.904297951429811,61.24477380890355,0.0,False,0.6367255451941787,0.6490195989608765,0.07190699935154944,0.3686274588108063,0.7647058963775635,716.9529638886452,11.824511182789566,2.282399942756606,0.4286164109788464,0.11895038064713892,0.7780276905111636,0.014552919868876961,5.602663854922067,18.046358510657065,7.125201909926465
4193474b2f1c72f735b13633b219d9cabdd43c21d9c2bb4dfc4809f104ba4c06,10,81.84375,140.15625,64.0,80.0,64.0,35.970562748477136,39.857965102776504,14.106792497311911,6.4974730040058155,0.8876120718829426,0.7822090497777745,0.8,0.4444444444444444,1,9.0270333367641,77,134,89,146,0.506243654776329,2.1711198320662213,44.817277249205006,0.0,False,0.48590687941759825,0.503921627998352,0.0479276437389748,0.32156863808631897,0.5372549295425415,31.098040282726288,54.09626408985278,5.191192574066999,0.23511911577033173,0.15224781725331232,0.3650061961087267,0.02338987882331249,22.12210039960039,86.07042778010518,5.7143594291974384
4193474b2f1c72f735b13633b219d9cabdd43c21d9c2bb4dfc4809f104ba4c06,11,98.5047619047619,154.54285714285714,105.0,133.0,105.0,49.07716446627535,58.953907103260065,21.808758857623605,6.590447694113424,0.9532468583020075,0.7398186270401286,0.7894736842105263,0.3431372549019608,1,11.562445770562215,90,147,108,164,0.3796417595436718,3.309146793942868,42.38848493456249,0.0,False,0.4532212952772776,0.4627451002597809,0.04637175957044222,0.33725491166114807,0.5215686559677124,47.58823600411415,59.23456735171543,5.453026057735434,0.21673811429000045,0.10433196126472799,0.4261778189848521,0.010919664875444234,26.93290840209771,91.53622630133314,6.661761766934802
4193474b2f1c72f735b13633b219d9cabdd43c21d9c2bb4dfc4809f104ba4c06,12,103.671875,0.90625,64.0,71.0,64.0,44.82842712474619,52.99604436722262,25.824505540922143,3.2375349136158302,0.992110463773189,-0.023990961126717822,0.9014084507042254,0.8533333333333334,1,9.0270333367641,93,0,118,3,0.2863537850276634,7.976595227533818,-1.3745808190233533,0.0,True,0.7094975663349032,0.7215686440467834,0.03615709909123786,0.5176470875740051,0.7450980544090271,45.40784424543381,16.13837638475796,1.5366765460225214,0.5442746361431616,0.2714866270045524,0.5352619569737864,0.08596666443819097,8.368379563774301,23.908373205741626,3.7235924665411924
4193474b2f1c72f735b13633b219d9cabdd43c21d9c2bb4dfc4809f104ba4c06,13,112.2123552123552,312.8957528957529,259.0,313.0,259.0,81.5269119345812,89.8471698375225,24.381457111617795,15.993740436357838,0.7547785498415478,0.4155592045209938,0.8274760383386581,0.5441176470588235,1,18.159544104586082,103,303,131,320,0.4031817124409645,1.5244374640589105,23.809788556866746,0.0,True,0.5268832005589165,0.5058823823928833,0.06423922139314486,0.3843137323856354,0.6784313917160034,136.46274894475937,14.463579850434597,2.8194580776495326,0.31854773266984227,0.10283103032286442,0.8168798744842828,0.010740919689632141,5.8459353786157955,23.081224322253398,7.0764725688121235
4193474b2f1c72f735b13633b219d9cabdd43c21d9c2bb4dfc4809f104ba4c06,14,110.23809523809524,157.04761904761904,21.0,30.0,21.0,16.071067811865476,23.443540163627436,8.237815380468792,4.593457195237302,0.8301055896067352,0.23251776658082549,0.7,0.4666666666666667,1,5.170882945826411,107,155,116,160,0.48015645337379564,1.793380242883317,13.322286686889319,0.0,False,0.5637722015380859,0.5686274766921997,0.015399086386037028,0.5137255191802979,0.5803921818733215,11.839216232299805,110.84152462121212,7.426278409090909,0.1689541320695914,0.3140069806294106,-0.02150749883203379,0.1041904933568641,50.31846590909092,171.36458333333331,3.5205840285444268
4193474b2f1c72f735b13633b219d9cabdd43c21d9c2bb4dfc4809f104ba4c06,15,115.48672566371681,164.61061946902655,113.0,134.0,113.0,45.8700576850888,51.13939371538426,14.567290248398555,10.738354761289123,0.6757233971256312,0.6191492116412425,0.8432835820895522,0.5380952380952381,1,11.994835078277376,108,159,123,173,0.5429716539261805,1.3565663057540644,35.47463671589537,0.0,False,0.5008155624423407,0.501960813999176,0.060374453703808166,0.3490196168422699,0.5882353186607361,56.5921585559845,27.863992453103197,4.025640892431269,0.23098328350646763,0.10131437074091049,0.6955549690984472,0.010366478916014724,11.941253685549135,43.78673122065726,6.783231897077194
4193474b2f1c72f735b13633b219d9cabdd43c21d9c2bb4dfc4809f104ba4c06,16,138.51314348302301,35.47152245345016,1826.0,2282.0,1826.0,278.8711037056154,283.90871424984925,86.95476085063414,28.979759205415537,0.9428300241469711,0.6591132645179288,0.8001752848378615,0.37113821138211384,1,48.21758401959193,100,6,182,66,0.28467753157514314,3.0005342775375663,37.764408277967156,0.0,False,0.6006443081882671,0.6117647290229797,0.08200381218067478,0.4000000059604645,0.7411764860153198,1096.7765067517757,9.259485555384886,2.0877053604762263,0.42483021451319786,0.08880986629862828,0.9045714116254905,0.008099962725244266,3.991602274282827,14.527368836486946,7.653172999936045
4193474b2f1c72f735b13633b219d9cabdd43c21d9c2bb4dfc4809f104ba4c06,17,132.70276497695852,166.35944700460828,434.0,746.0,434.0,146.5035713374682,159.75718298224817,38.30464538800202,24.406344300914082,0.770728181494801,0.18921726310644923,0.5817694369973191,0.3653198653198653,1,23.507147049675353,119,152,163,179,0.2136873462237866,1.5694544383923739,10.841350587016002,0.0,False,0.5269901703716973,0.5372549295425415,0.0563041493831021,0.3137255012989044,0.6235294342041016,228.7137339413166,13.402332874470318,2.646757152571332,0.3441759022071595,0.09303381055952858,0.7638781165370165,0.00883830184512609,5.7612259395315295,21.043439809409104,7.2381138522058786
4193474b2f1c72f735b13633b219d9cabdd43c21d9c2bb4dfc4809f104ba4c06,18,152.40265486725664,71.42035398230088,226.0,296.0,226.0,84.6335136523794,85.40428689936414,25.720815163766524,14.350566772524076,0.8298840309301787,0.9097969913506663,0.7635135135135135,0.48917748917748916,1,16.96325844612841,145,60,166,82,0.3893668391137813,1.7923205105050057,52.12752781809344,0.0,False,0.6309214171055144,0.6313725709915161,0.03470404096446411,0.545098066329956,0.7215686440467834,142.58824026584625,21.681791900323173,3.4370276687799826,0.2843916840519336,0.09847597188806913,0.6549974040559867,0.009795456406246166,11.062472354886049,32.3011114457603,7.106327502079817
4193474b2f1c72f735b13633b219d9cabdd43c21d9c2bb4dfc4809f104ba4c06,19,160.1252336448598,184.7551401869159,535.0,653.0,535.0,118.84671708797583,120.68461604286911,37.041231658787204,20.525810169515537,0.8324274029751358,0.6030986947544235,0.8192955589586524,0.48548094373865697,1,26.099485750361293,140,173,178,202,0.4615936438072103,1.804617277119711,34.55500983927718,0.0,False,0.46056076293793796,0.4941176474094391,0.10291794465786176,0.1882352977991104,0.6274510025978088,246.4000081717968,9.246251408310762,2.1588582848152305,0.3991925513510547,0.09942251762319818,0.8909205766260877,0.010036696278471282,3.8562153726889825,14.636287443932542,7.251907481492125
4193474b2f1c72f735b13633b219d9cabdd43c21d9c2bb4dfc4809f104ba4c06,20,186.9638429752066,39.539256198347104,968.0,1134.0,968.0,156.47413408594534,156.4250207786294,38.748795038348646,34.640386594023504,0.4481203093734919,-0.6467073708720106,0.8536155202821869,0.6205128205128205,1,35.10692067532608,168,21,207,61,0.49713321270328653,1.118601691501733,-37.05360293096788,0.0,False,0.43490925779150535,0.43529412150382996,0.036999799610209494,0.3294117748737335,0.5529412031173706,420.9921615421772,13.798405247428988,2.732385127715144,0.3244099660028481,0.08635104263463639,0.6974338362475351,0.007576996383440043,5.967445408044275,21.6293650868137,7.568912057365397
4193474b2f1c72f735b13633b219d9cabdd43c21d9c2bb4dfc4809f104ba4c06,21,172.51190476190476,119.01190476190476,84.0,106.0,84.0,45.14213562373095,49.3385595924617,20.499403878994972,6.470327932469241,0.9488807038939794,1.4033198660672284,0.7924528301886793,0.6,1,10.341765891652821,170,108,177,128,0.43362690152123334,3.16821714338857,80.40430563251613,0.0,False,0.5985060912512598,0.6117647290229797,0.046027865470642734,0.43529412150382996,0.6627451181411743,50.27451166510582,42.15152515762088,4.433872466012701,0.26874376660603394,0.13691953294333564,0.3249618609365636,0.01876655874489324,22.210097660784772,62.092952654457,6.003805255173829
4193474b2f1c72f735b13633b219d9cabdd43c21d9c2bb4dfc4809f104ba4c06,22,180.04310344827587,136.3793103448276,116.0,139.0,116.0,47.21320343559643,50.679318123128944,18.483652638724486,8.429550401441945,0.8899519197131982,1.1525520640506743,0.8345323741007195,0.5248868778280543,1,12.153015559492998,175,128,188,145,0.5675528742181245,2.192721053730541,66.03636893919537,0.0,False,0.4580121831647281,0.45098039507865906,0.08551283675711012,0.2980392277240753,0.6352941393852234,53.12941324710846,59.303415940532304,6.036569144737237,0.15198726308360241,0.09028621072726442,0.4880134640026601,0.008171231491744037,26.605167978532563,92.00166390253204,7.050513286937322
4193474b2f1c72f735b13633b219d9cabdd43c21d9c2bb4dfc4809f104ba4c06,23,188.96116504854368,128.76699029126215,103.0,115.0,103.0,42.79898987322333,43.65020289865058,16.742913033180223,8.282951106742026,0.8690559236043394,0.9139483486732467,0.8956521739130435,0.5282051282051282,1,11.451797811161432,183,121,196,136,0.6793202412799602,2.0213705015778847,52.36538307192803,0.0,False,0.49956217176705886,0.5098039507865906,0.04935763445210465,0.35686275362968445,0.5764706134796143,51.454903692007065,30.38066835724912,4.00438811778763,0.24419390108198044,0.10441071815358619,0.6237635486854887,0.010927317734918077,12.273168103448274,48.48816861104997,6.685605912175731
4193474b2f1c72f735b13633b219d9cabdd43c21d9c2bb4dfc4809f104ba4c06,24,218.53163580246914,140.4429012345679,1296.0,2015.0,1296.0,247.86500705120545,245.7168302488821,56.21433493898004,38.566650654671655,0.7275408717096682,0.1782090436581214,0.6431761786600496,0.44021739130434784,1,40.621650015438455,192,123,256,169,0.26973981605078723,1.4575892379747186,10.210626072672985,0.0,True,0.5521121003469567,0.5490196347236633,0.08501870686400302,0.2666666805744171,0.7254902124404907,715.5372820496559,8.066173598886959,1.9950595528380637,0.42098052504812555,0.098159886608506,0.8583356670203317,0.009794031832364937,3.689086893295891,12.443260304478029,7.2999373724145125
4193474b2f1c72f735b13633b219d9cabdd43c21d9c2bb4dfc4809f104ba4c06,25,202.95751633986927,58.11437908496732,306.0,393.0,306.0,92.18376618407356,96.22563991971657,36.581600234399836,12.061090080698,0.9440844505712179,-1.5144542633134974,0.7786259541984732,0.574108818011257,1,19.738573927438622,197,38,210,79,0.4152882797697719,3.0330260357596788,-86.77183755345767,0.0,False,0.4950403846751631,0.501960813999176,0.036102962309153046,0.3843137323856354,0.5764706134796143,151.4823577105999,25.808097935651197,3.7018011055994258,0.26100293150390924,0.09146344232838932,0.5069028983899255,0.0084283361557697,11.898137743832667,39.71805812746973,7.3514614222893755
4193474b2f1c72f735b13633b219d9cabdd43c21d9c2bb4dfc4809f104ba4c06,26,215.24844720496895,40.49068322981366,161.0,217.0,161.0,58.798989873223334,62.05603151075119,22.50931948350457,10.782717522694053,0.8777966337531865,-0.3129307955631147,0.7419354838709677,0.575,1,14.317526556719258,207,36,227,50,0.5253729907991795,2.0875367861700815,-17.92961386543766,0.0,False,0.4565582834415554,0.4627451002597809,0.05198074619488365,0.32156863808631897,0.5921568870544434,73.50588363409042,17.226088132724087,3.1949927724229332,0.26380833054715513,0.09874103566553658,0.6997793488184212,0.00978503978541527,9.066617926728078,25.385558338720095,6.969997849735771
4193474b2f1c72f735b13633b219d9cabdd43c21d9c2bb4dfc4809f104ba4c06,27,222.96470588235294,45.90588235294118,170.0,196.0,170.0,59.21320343559643,58.81915408214691,21.097675216112204,11.57265914022317,0.8361323870334781,-0.2794369477728825,0.8673469387755102,0.6071428571428571,1,14.712264360219255,212,38,232,52,0.617477641586548,1.823062008521695,-16.010557747403777,0.0,False,0.5499654156320235,0.5666667222976685,0.08474641474543024,0.3333333432674408,0.6784313917160034,93.494120657444,37.26033824050518,4.517095164355905,0.23080403410939276,0.10413948957863642,0.6146259044412299,0.010915186508350803,17.069503583695116,57.451172897315246,6.993742865039911
4193474b2f1c72f735b13633b219d9cabdd43c21d9c2bb4dfc4809f104ba4c06,28,227.31460674157304,292.40449438202245,89.0,95.0,89.0,36.14213562373095,36.94641024531437,12.572663446770877,9.360250241995379,0.6676311257020467,0.5866000270081569,0.9368421052631579,0.8090909090909091,1,10.645107772184812,222,288,233,298,0.8193234294903582,1.3431973635023982,33.609705809827496,0.0,False,0.28583389353216365,0.27843138575553894,0.04591560830078806,0.20000000298023224,0.4000000059604645,25.439216524362564,53.649649922081565,5.617507043748249,0.17862567588988248,0.10847597010230323,0.4510334997400104,0.011781425786775164,23.987134487134483,83.31216535702865,6.575660994907676
4193474b2f1c72f735b13633b219d9cabdd43c21d9c2bb4dfc4809f104ba4c06,29,230.6625386996904,184.74303405572755,323.0,431.0,323.0,104.18986283848344,103.3895081653081,38.96392277673855,13.43436352987719,0.9386799171926795,0.8458203330669858,0.7494199535962877,0.3480603448275862,1,20.279456919490165,217,168,246,200,0.37971648120787094,2.9003177329603447,48.46193531108787,0.0,False,0.4902567979721093,0.4901960790157318,0.06816948603843549,0.29019609093666077,0.6235294342041016,158.3529457449913,25.833559530482425,3.7560112772251832,0.26589442036063005,0.08442090530845346,0.6148054874572284,0.00722308775310674,11.94835341194569,39.718765649019154,7.4767997707459415
4193474b2f1c72f735b13633b219d9cabdd43c21d9c2bb4dfc4809f104ba4c06,30,233.72941176470587,258.21176470588233,85.0,94.0,85.0,34.14213562373095,35.050291347377325,12.237912025816788,9.29850309283166,0.6501437393905634,0.0923172497111033,0.9042553191489362,0.7083333333333334,1,10.403141895720198,228,254,240,264,0.8694518284983391,1.3161163580459694,5.289388784701538,0.0,False,0.2923183495507521,0.29411765933036804,0.03270278567862597,0.20000000298023224,0.35686275362968445,24.847059711813927,29.824434209105206,4.277678099013346,0.20805221252426362,0.11374987342818196,0.5685371119166744,0.01294923636222979,14.819394480841762,44.829473937368654,6.415985923079336
4193474b2f1c72f735b13633b219d9cabdd43c21d9c2bb4dfc4809f104ba4c06,31,247.42207792207793,13.032467532467532,154.0,174.0,154.0,54.00609665440988,55.02691628627282,19.560510445292547,10.862766129885994,0.8316223016872688,0.05977916567121626,0.8850574712643678,0.7,1,14.002817212590296,236,8,256,19,0.639116799999101,1.8006933235427978,3.4250938957740265,0.0,True,0.5594092386883575,0.5764706134796143,0.05739116071061974,0.4117647111415863,0.6470588445663452,86.14902275800705,44.547423846042136,5.054862244772709,0.19443225216788423,0.09389810500765157,0.5383153034105197,0.008855070294334234,19.400284945078848,69.69456274700542,7.086397277940135
4193474b2f1c72f735b13633b219d9cabdd43c21d9c2bb4dfc4809f104ba4c06,32,242.7937062937063,53.07342657342657,286.0,355.0,286.0,87.84062043356595,89.19652469523821,35.47916156586041,11.278438564170454,0.9481279044689949,0.6960468297817397,0.8056338028169014,0.4237037037037037,1,19.08262324195121,231,40,256,67,0.451731140407812,3.1457511927733726,39.8805456899545,0.0,True,0.47319348364860025,0.47843137383461,0.04996498995472961,0.3294117748737335,0.5686274766921997,135.33333632349968,33.6685187161288,4.3131422383525555,0.22667541391149226,0.07667774675079192,0.5323414664769495,0.005953168778986012,14.30556578108844,53.03147165116915,7.693389702740568
4193474b2f1c72f735b13633b219d9cabdd43c21d9c2bb4dfc4809f104ba4c06,33,250.01298701298703,292.04545454545456,154.0,187.0,154.0,53.384776310850235,60.159912612814146,18.056098142209876,12.344355870968009,0.7297942369644712,-1.468918404664454,0.8235294117647058,0.6581196581196581,1,14.002817212590296,243,282,256,300,0.5347073961757691,1.4627007136658292,-84.16282503636319,0.0,True,0.30970207272798983,0.30588236451148987,0.04821379485621864,0.1725490242242813,0.40784314274787903,47.694119200110435,25.165251565224487,3.6990423335729408,0.25413462844798856,0.09708668834224934,0.6343184706284895,0.009467291894591038,13.735476968565205,36.59502616188377,6.986495305308496
4193474b2f1c72f735b13633b219d9cabdd43c21d9c2bb4dfc4809f104ba4c06,34,247.9718309859155,253.4788732394366,71.0,91.0,71.0,33.935028842544405,42.86480473525313,13.479830772042337,7.465863229100337,0.8326135554946629,0.2789390904417434,0.7802197802197802,0.4930555555555556,1,9.507891862878783,240,250,256,259,0.48558639838460305,1.8055287591528388,15.982032623529859,0.0,True,0.30660039690178886,0.30980393290519714,0.03885673839666476,0.21568627655506134,0.3921568691730499,21.768628180027008,47.22116813685047,5.378060060567017,0.1687848795598335,0.12536666539722588,0.34763398548249497,0.015747513345961684,24.08435101571568,70.35798525798526,6.113470820229541
4193474b2f1c72f735b13633b219d9cabdd43c21d9c2bb4dfc4809f104ba4c06,35,250.17708333333334,198.625,96.0,111.0,96.0,42.89949493661167,45.64160657160211,17.58839409145232,7.792944918706113,0.8964854692566357,1.4201247512266433,0.8648648648648649,0.7058823529411765,1,11.055812783082736,246,191,254,208,0.5791075819326855,2.256963737705023,81.36715462735263,0.0,False,0.545833356368045,0.5529412031173706,0.04468163076295275,0.4000000059604645,0.6313725709915161,52.40000221133232,12.831231748462226,2.7095735238588,0.3035413150951818,0.12925257729253475,0.7543456214126875,0.016798313963317456,6.289083184961785,19.373380311962666,6.163153013791119
4193474b2f1c72f735b13633b219d9cabdd43c21d9c2bb4dfc4809f104ba4c06,36,251.7319587628866,171.1958762886598,97.0,112.0,97.0,47.00609665440987,49.338559592461706,18.87053028326682,6.765244622602543,0.9335264800722688,1.2810656845211534,0.8660714285714286,0.6381578947368421,1,11.11324596323283,248,162,256,181,0.5007358267566622,2.7893345083518146,73.39965700209989,0.0,True,0.4873256664915183,0.4941176474094391,0.049618794303983346,0.3529411852359772,0.5686274766921997,47.27058964967728,66.52139827084679,6.142258742074915,0.1610009297291533,0.10254612387946521,0.23428088439432387,0.010565351104447632,32.613157185951295,100.4296393557423,6.694098644450383
4193474b2f1c72f735b13633b219d9cabdd43c21d9c2bb4dfc4809f104ba4c06,37,254.5,200.03125,32.0,33.0,32.0,32.41421356237309,35.145576122391816,18.748995699328262,1.989858102119429,0.9943521083059697,1.56000614999242,0.9696969696969697,0.9411764705882353,1,6.383076486422923,254,192,256,209,0.32555060637884475,9.422277738979686,89.38176840901814,0.0,True,0.5682598296552896,0.5686274766921997,0.03737543969832699,0.5137255191802979,0.6666666865348816,18.18431454896927,26.327920929645064,3.026370468611848,0.11271807076148149,0.1108677842249232,0.7521094906072301,0.020033577972321748,37.30968801313629,15.34615384615384,3.1685352942361904
ef3ef194e5657fda708ecbd3eb6530286ed2ba23c88efb9f1715298975c73548,1,8.027295285359802,67.03722084367246,403.0,435.0,403.0,81.94112549695427,80.36657534783731,26.242179296070308,20.903388628009143,0.6045635839157175,-1.4429981472858966,0.9264367816091954,0.7196428571428571,1,22.65205369339104,0,53,20,81,0.7840865168729567,1.2554031197079474,-82.67770368467902,0.0,True,0.3131513733869747,0.2666666805744171,0.14029338299554037,0.13333334028720856,0.6901960968971252,126.20000347495079,23.503136058285822,3.296204207281775,0.3332080779205578,0.09833459208954148,0.7421754698598553,0.009818015367287734,10.37207214493254,36.634199971639106,7.3322661053864016
ef3ef194e5657fda708ecbd3eb6530286ed2ba23c88efb9f1715298975c73548,2,10.17915309446254,199.4755700325733,307.0,332.0,307.0,68.698484809835,68.2044637968176,21.63555011683332,18.778463808342202,0.4966606254493543,1.1243318405014333,0.9246987951807228,0.7309523809523809,1,19.77080019204319,0,189,20,210,0.8293209596065019,1.1521469667407978,64.41946923290817,0.0,True,0.2826467473363255,0.239215686917305,0.13144050951101585,0.13333334028720856,0.6352941393852234,86.77255143225193,31.62477268779956,3.796838949495944,0.3259098729341655,0.1233749811046051,0.6801576873687966,0.015404331569727493,13.537606428659068,49.71193894694005,6.97851438354733
ef3ef194e5657fda708ecbd3eb6530286ed2ba23c88efb9f1715298975c73548,3,12.223300970873787,113.26456310679612,412.0,440.0,412.0,84.31980515339464,82.81805461304414,24.622669277946784,22.173206949963237,0.43481452393104153,0.2335925405810122,0.9363636363636364,0.8530020703933747,1,22.903595622322865,2,103,25,124,0.7548436927108875,1.110469465851786,13.38386670103041,0.0,False,0.2578621804714203,0.23137255012989044,0.10045607545071754,0.125490203499794,0.6392157077789307,106.23921835422516,16.381446960584423,2.7960679953439374,0.3645325501093133,0.11602037592946592,0.6902382945278839,0.013687374476206639,6.95755831075639,25.80533561041245,6.880140368056051
ef3ef194e5657fda708ecbd3eb6530286ed2ba23c88efb9f1715298975c73548,4,18.08843537414966,4.710884353741497,294.0,318.0,294.0,78.8700576850888,80.69189791897945,32.82404338490659,11.937646007936875,0.9315215896638163,-0.1293551282647074,0.9245283018867925,0.6853146853146853,1,19.347672370394786,4,0,37,13,0.5674104547321402,2.749624453856578,-7.411502907941159,0.0,True,0.22278245127930932,0.19607843458652496,0.0793923178704006,0.13333334028720856,0.5764706134796143,65.49804067611694,18.873462181063406,2.6919068666439836,0.40664691434296374,0.1462770553948578,0.5311844248453713,0.021692684269946413,9.978736648587672,27.768187713539138,6.172363482650399
ef3ef194e5657fda708ecbd3eb6530286ed2ba23c88efb9f1715298975c73548,5,17.53696498054475,27.3852140077821,514.0,585.0,514.0,100.08326112068522,102.9294325730528,30.56852965751519,23.568627001992617,0.6368236326129983,-0.11008111457221008,0.8786324786324786,0.7138888888888889,1,25.582125126616702,5,16,35,40,0.6096685969532306,1.2970008670819375,-6.307183269083702,0.0,False,0.20020600263362728,0.1725490242242813,0.0810159320785655,0.10196078568696976,0.5372549295425415,102.90588535368443,13.710684557127351,2.333231871876584,0.43656510552403727,0.14653545498804482,0.7065865585780644,0.021786385222894278,7.0005347162659355,20.420834397988767,6.495690409687702
ef3ef194e5657fda708ecbd3eb6530286ed2ba23c88efb9f1715298975c73548,6,26.06403013182674,240.7758945386064,531.0,576.0,531.0,96.84062043356596,94.88488138904933,33.00728388955769,20.877193218755874,0.7745582276209321,-0.02478320225293936,0.921875,0.731404958677686,1,26.001734523957655,11,230,44,252,0.7411572257454143,1.5810211432015802,-1.4199728919125387,0.0,False,0.4623832338666736,0.4627451002597809,0.1089721096572812,0.21960784494876862,0.6980392336845398,245.5254971832037,15.00784105464084,2.8916537439350813,0.31824736474760823,0.0794739940182492,0.8308236729283133,0.006447476413385138,6.063747224647289,23.95193488463439,7.7796179258281315
ef3ef194e5657fda708ecbd3eb6530286ed2ba23c88efb9f1715298975c73548,7,28.855842185128985,161.29438543247343,659.0,697.0,659.0,99.49747468305833,97.01103808311402,30.95569805808005,27.412459731656842,0.4645661622434279,0.9284280764757944,0.945480631276901,0.7574712643678161,1,28.96661630188228,15,147,44,177,0.8799398272882736,1.1292564899723812,53.195010363512246,0.0,False,0.2846797067270655,0.23529411852359772,0.13425662704572222,0.125490203499794,0.6901960968971252,187.60392673313618,22.222941520204255,3.0856023040867333,0.3658484062560417,0.12567750707940628,0.7179115870047017,0.016014835576712853,9.461690748101391,34.98419229230712,7.072315007595021
ef3ef194e5657fda708ecbd3eb6530286ed2ba23c88efb9f1715298975c73548,8,31.003521126760564,268.34154929577466,568.0,592.0,568.0,88.5269119345812,86.61029240891823,28.059135792825217,25.955566741644635,0.3798919491006563,0.6888242682608803,0.9594594594594594,0.8091168091168092,1,26.89237924411993,19,256,46,282,0.9515227800854512,1.081045005571213,39.46672339753567,0.0,False,0.23162110502713582,0.18039216101169586,0.13838996452892627,0.08235294371843338,0.6196078658103943,131.56078765541315,21.000767809465355,2.9913718332107515,0.4041062204738718,0.18331556598077114,0.7806885289732735,0.03377081812783495,8.542901919437206,33.458633699493504,6.778013881008038
ef3ef194e5657fda708ecbd3eb6530286ed2ba23c88efb9f1715298975c73548,9,40.58736842105263,105.22736842105263,475.0,491.0,475.0,79.94112549695427,78.47045644990027,25.839438540627754,23.625798445623168,0.4049677886161511,-1.0353697027853455,0.9674134419551935,0.7916666666666666,1,24.592453796829673,30,93,54,118,0.9693734393729386,1.0936958850342973,-59.32231420531473,0.0,False,0.266889584911497,0.20392157137393951,0.14626086984159184,0.11372549086809158,0.658823549747467,126.77255283296108,32.60933633931536,3.619621683413034,0.38829305026186456,0.15163601976050423,0.671519938903505,0.023274631952701103,13.936713366118559,51.28195931251217,6.776904359646778
ef3ef194e5657fda708ecbd3eb6530286ed2ba23c88efb9f1715298975c73548,10,44.442477876106196,178.5929203539823,339.0,378.0,339.0,79.94112549695429,79.25585461329771,23.98047865715205,18.62443151853074,0.6299327312085368,-0.4531068521564061,0.8968253968253969,0.6420454545454546,1,20.775663783985824,33,167,57,189,0.6781829320160913,1.2875817784447383,-25.961110297020234,0.0,False,0.49431431829753525,0.4941176474094391,0.086677445237461,0.27450981736183167,0.6980392336845398,167.57255390286446,12.138198289805478,2.660513345071135,0.3233353350949033,0.0992023306058304,0.8219462436382544,0.009982721818936325,4.9944093623761825,19.281987217234775,7.207939156501473
ef3ef194e5657fda708ecbd3eb6530286ed2ba23c88efb9f1715298975c73548,11,51.2475442043222,25.717092337917485,509.0,540.0,509.0,86.84062043356595,85.40428689936414,27.287470402912824,23.94774340267142,0.47937621562997557,-0.3926444677379798,0.9425925925925925,0.7271428571428571,1,25.45739437315213,37,14,65,39,0.8769368190659941,1.139458943754544,-22.496870850546856,0.0,False,0.26439385962158385,0.2235294133424759,0.1307922610847464,0.11764705926179886,0.6392157077789307,134.57647454738617,24.483960060767203,3.2376678621075126,0.3794485025234498,0.1531875720880087,0.7272124961027344,0.023656250592092018,10.008161557150046,38.95975856438436,7.003749968332346
ef3ef194e5657fda708ecbd3eb6530286ed2ba23c88efb9f1715298975c73548,12,57.530973451327434,225.98230088495575,565.0,606.0,565.0,96.70458146424487,94.55955881790719,35.25148949925081,20.721727784541443,0.8089876822482394,0.5115021894904144,0.9323432343234324,0.6585081585081585,1,26.821266613927218,41,214,74,240,0.7940492452637293,1.7011848560981808,29.306916669501636,0.0,False,0.2823321262028365,0.24705882370471954,0.11106327913478253,0.13725490868091583,0.6117647290229797,159.51765130460262,25.979753619610058,3.3926094399073676,0.33191726952139194,0.09975125709542393,0.6657956773439737,0.010128429371436083,11.833154787843302,40.12635245137682,7.3532372209909305
ef3ef194e5657fda708ecbd3eb6530286ed2ba23c88efb9f1715298975c73548,13,54.107142857142854,256.2236842105263,532.0,563.0,532.0,90.01219330881975,88.41112653184076,26.72923804625876,26.085884696833947,0.2180807595587127,-1.1937430678520933,0.9449378330373002,0.7297668038408779,1,26.026206750102993,42,244,69,271,0.8552786825720735,1.0246628917095113,-68.396439610924,0.0,False,0.2327952291536376,0.20196078717708588,0.1176235913914669,0.09019608050584793,0.5803921818733215,123.8470619097352,19.910849069039912,3.020967538482961,0.3700969206027863,0.13273726520979728,0.7622840749172899,0.01781157731878238,7.666074391907298,32.15562374617252,7.023647151002304
ef3ef194e5657fda708ecbd3eb6530286ed2ba23c88efb9f1715298975c73548,14,58.87755102040816,152.26530612244898,49.0,68.0,49.0,31.692388155425114,35.605651714647124,13.332077108728651,5.89636952097896,0.896882262393381,1.5282851566066586,0.7205882352941176,0.5384615384615384,1,7.898654169668588,55,147,62,160,0.4856999573246359,2.261065399869165,87.5642893660516,0.0,False,0.7345338293484279,0.729411780834198,0.020480064193109177,0.6980392336845398,0.7764706015586853,35.99215763807297,110.16296887278861,8.390531341242916,0.10257851325128206,0.15334140372110056,0.13941774018394698,0.024040120833710328,58.44651855365802,161.8794191919192,5.49546852310438
ef3ef194e5657fda708ecbd3eb6530286ed2ba23c88efb9f1715298975c73548,15,77.89035087719299,211.73684210526315,684.0,730.0,684.0,105.1543289325507,102.374072205783,36.274637869152436,24.410163770281308,0.7397093854580603,0.46339744420444684,0.936986301369863,0.6979591836734694,1,29.51094455619561,61,198,96,226,0.8201362497732403,1.4860464768088035,26.550717790063853,0.0,False,0.3121545775548408,0.27843138575553894,0.11967430139746284,0.14901961386203766,0.6549019813537598,213.5137310475111,17.728640088114894,2.9569583527695826,0.3424130217409339,0.09896145998901162,0.7807355104449181,0.009944352739762458,7.162602760667033,28.294677415562752,7.463528779831223
ef3ef194e5657fda708ecbd3eb6530286ed2ba23c88efb9f1715298975c73548,16,77.50638297872341,101.06950354609928,705.0,746.0,705.0,105.49747468305833,102.69939477692515,31.491282133191092,28.818826345665894,0.40314379202983996,0.7954929527096104,0.9450402144772118,0.7580645161290323,1,29.96053869739811,63,85,93,116,0.8399689116085078,1.0927329848714367,45.57838882266066,0.0,False,0.46179948493521267,0.43921568989753723,0.11106876898114866,0.239215686917305,0.7137255072593689,325.5686368793249,16.776099515849815,3.104944945161342,0.2847552842671643,0.07116512291380511,0.8056190982340068,0.005155821469358723,7.011688472394438,26.54051055930519,8.011085050730966
ef3ef194e5657fda708ecbd3eb6530286ed2ba23c88efb9f1715298975c73548,17,77.78674948240166,307.9855072463768,483.0,515.0,483.0,85.97665940288701,88.1810887357131,26.731672387940087,23.351117958068976,0.4867568760557164,0.8377207780955853,0.9378640776699029,0.7728,1,24.798683434954437,66,295,91,320,0.7805596219070398,1.1447705602764497,47.99786499529242,0.0,True,0.2099054165138221,0.15294118225574493,0.12824018344057345,0.08235294371843338,0.6078431606292725,101.38431617617607,21.11468490551175,2.8742406583842293,0.4294424685080679,0.18056878460437525,0.744075781858204,0.03298810381267345,9.065961503920413,33.16340830710309,6.386924294162167
ef3ef194e5657fda708ecbd3eb6530286ed2ba23c88efb9f1715298975c73548,18,71.64912280701755,10.008771929824562,114.0,137.0,114.0,43.248737341529164,45.77635959271528,15.860552541274192,10.112431890933145,0.7703809805805168,1.0116199510901471,0.8321167883211679,0.5816326530612245,1,12.047792665040703,66,4,80,18,0.6836474705444927,1.5684211980201161,57.96155366869619,0.0,False,0.5782249938500555,0.5764706134796143,0.07572042443590948,0.42352941632270813,0.7529411911964417,65.91764929890633,27.717620571185993,4.068418366587264,0.21361909051107325,0.09780776837576143,0.6820279449576592,0.009579504946228445,13.774213775914802,41.661027366457176,6.878477541585973
ef3ef194e5657fda708ecbd3eb6530286ed2ba23c88efb9f1715298975c73548,19,97.84435575826681,151.75199543899657,1754.0,1995.0,1754.0,199.3797256769669,191.70534992213436,58.144305871540695,41.052490655498055,0.7081670695779393,-1.203436458081004,0.8791979949874686,0.6689549961861174,1,47.25740324505225,75,122,121,179,0.5997510089434772,1.4163405177891095,-68.95182996021394,0.0,False,0.3804614764841076,0.3803921639919281,0.14992302834177265,0.12156862765550613,0.7607843279838562,667.3294297531247,11.243449904814675,2.3923840974053436,0.3738967097209851,0.07803248337435455,0.872306367664545,0.006253712974577458,4.470775896458722,18.016123913170627,7.855224371252491
ef3ef194e5657fda708ecbd3eb6530286ed2ba23c88efb9f1715298975c73548,20,89.44067796610169,2.23728813559322,118.0,128.0,118.0,50.72792206135785,52.11536142881069,23.367645845276577,6.921790641086322,0.9551220382965081,-0.0017254833463536286,0.921875,0.7023809523809523,1,12.257335203001883,78,0,102,7,0.5459594194600302,3.375953861789903,-0.09886291336617296,0.0,True,0.3560983816445884,0.31960785388946533,0.13964426869104601,0.15294118225574493,0.6470588445663452,42.01960903406143,64.52400578488994,6.312497234037549,0.15179738287015782,0.10742338095779849,0.5036497173171643,0.011625137112418471,22.920950892553506,106.12706067722635,6.648246877027695
ef3ef194e5657fda708ecbd3eb6530286ed2ba23c88efb9f1715298975c73548,21,110.16793893129771,249.30152671755727,524.0,560.0,524.0,96.32590180780451,94.0041984506374,36.51813408759534,18.607252803350338,0.8604501685554147,0.42434178909933956,0.9357142857142857,0.6328502415458938,1,25.829779740470595,92,239,128,262,0.7451550510875868,1.962575264255025,24.31299358642264,0.0,False,0.26065709431947187,0.23529411852359772,0.1070813697448997,0.12156862765550613,0.5960784554481506,136.58431742340326,17.000182073126922,2.80407289701292,0.369642828334742,0.10876663841788878,0.7719933665550993,0.012012713816467444,7.709464378377916,26.290899767875924,7.212274063661779
ef3ef194e5657fda708ecbd3eb6530286ed2ba23c88efb9f1715298975c73548,22,114.39881831610045,76.69423929098966,677.0,734.0,677.0,107.5685424949238,105.05558926711748,38.14712712910452,23.361641658135916,0.7905411382115647,-0.7987232039082841,0.9223433242506812,0.6044642857142857,1,29.35954992478095,100,60,132,95,0.7708328360190603,1.6328958250166214,-45.76346858311174,0.0,False,0.47497322385032914,0.4901960790157318,0.13739117623752584,0.20000000298023224,0.7647058963775635,321.5568725466728,19.336009717141117,3.2440435429672783,0.2876254121379523,0.06664124424608797,0.8048873517686497,0.004520989815166483,7.914156145923499,30.757863288358738,8.140788028324948
ef3ef194e5657fda708ecbd3eb6530286ed2ba23c88efb9f1715298975c73548,23,113.93150684931507,269.64383561643837,438.0,472.0,438.0,83.01219330881976,81.3820113073624,29.154339699621307,19.461521441820977,0.7445790570056476,0.5539837300834762,0.9279661016949152,0.7019230769230769,1,23.615226456547084,101,258,127,282,0.8310499669725856,1.4980503855660214,31.740929652697766,0.0,False,0.26795595608753703,0.24705882370471954,0.08906054871520276,0.15294118225574493,0.5568627715110779,117.36470876634121,18.983119530253948,2.8999653296512746,0.377531704910785,0.12172440259131889,0.7275711362645629,0.014984496756240095,7.969363696746117,29.99687536376178,6.995588204039733
ef3ef194e5657fda708ecbd3eb6530286ed2ba23c88efb9f1715298975c73548,24,108.20284697508897,308.51957295373666,281.0,304.0,281.0,73.6335136523794,74.58293387901169,23.500893630403272,15.50837550519582,0.7513483636650315,0.9874199271738497,0.9243421052631579,0.7042606516290727,1,18.91508160359296,99,299,118,320,0.634800495977154,1.5153678489748776,56.5749944341767,0.0,True,0.3030772527872031,0.27450981736183167,0.1148194231183374,0.1568627506494522,0.6000000238418579,85.16470803320408,19.890905667992147,3.3049902000902964,0.2917980624384071,0.10522479070767966,0.8050521440311604,0.011194086386444018,7.205505923322157,32.57630541266214,7.120469565957279
ef3ef194e5657fda708ecbd3eb6530286ed2ba23c88efb9f1715298975c73548,25,126.84,102.1837037037037,675.0,703.0,675.0,98.08326112068522,95.67027955244677,32.66796558425324,26.65048866058648,0.5783357511669083,-0.20123273980583914,0.9601706970128022,0.7305194805194806,1,29.316150714175198,110,88,143,116,0.9267435047314506,1.2257923672734012,-11.529786690728823,0.0,False,0.39862891559247615,0.3921568691730499,0.17371793889900652,0.14509804546833038,0.7098039388656616,269.0745180249214,20.715625665665538,3.354176548435178,0.30360248943670565,0.08831491583996719,0.8640101172490195,0.007933411590436767,6.866058473779309,34.565192857551764,7.85782859037492
ef3ef194e5657fda708ecbd3eb6530286ed2ba23c88efb9f1715298975c73548,26,130.15947467166978,9.060037523452158,533.0,567.0,533.0,95.5269119345812,93.63940763339659,31.13464579364499,22.483356667851798,0.6917541910757632,-0.012886281474888206,0.9400352733686067,0.8187403993855606,1,26.05065598682386,115,0,146,21,0.7638705341675938,1.3847863668045342,-0.7383295421287119,0.0,True,0.34325130694802664,0.3137255012989044,0.1277460251599309,0.13333334028720856,0.6941176652908325,182.9529466032982,14.760392752428832,2.6179183262725196,0.37887393765464106,0.09920542988959113,0.8112019373019725,0.00999984715886311,6.446901855210687,23.073883649646977,7.386299492872693
ef3ef194e5657fda708ecbd3eb6530286ed2ba23c88efb9f1715298975c73548,27,125.41395348837209,198.91627906976746,215.0,236.0,215.0,62.73401871576774,63.5315430625316,19.348823317402378,14.609231136275248,0.6556730427052101,-0.46016275138269563,0.9110169491525424,0.7072368421052632,1,16.545286401814263,116,191,135,207,0.6693750438209062,1.324424477709751,-26.36538354335625,0.0,False,0.6047241443811461,0.6078431606292725,0.057129581061234835,0.47058823704719543,0.7215686440467834,130.0156910419464,44.847013040348926,5.139488512234937,0.18818409861878482,0.0765032457272779,0.47287390635989945,0.005860698771828134,20.07977634378124,69.61424973691659,7.638743876044753
ef3ef194e5657fda708ecbd3eb6530286ed2ba23c88efb9f1715298975c73548,28,126.16541353383458,312.16541353383457,266.0,332.0,266.0,73.21320343559643,88.60169608186973,22.77360004048424,17.099629915367345,0.6604691577609201,0.29003154268469095,0.8012048192771084,0.5732758620689655,1,18.403307281560924,117,304,146,320,0.4258017377553756,1.331818299764355,16.617583321501176,0.0,True,0.14508330006908654,0.125490203499794,0.05305272168697045,0.09019608050584793,0.3490196168422699,38.59215781837702,21.358440040835653,2.8298006912667337,0.40671813628391656,0.16441200570399245,0.6238279492500274,0.027268358996994084,10.594584942084937,32.12229513958637,6.127256246385971
ef3ef194e5657fda708ecbd3eb6530286ed2ba23c88efb9f1715298975c73548,29,133.47897623400365,237.14990859232176,547.0,587.0,547.0,92.91168824543144,90.76732102203312,30.98295728064767,23.116044566046288,0.6658461971463707,1.4345649122558088,0.9318568994889267,0.7058064516129032,1,26.390567083147985,121,223,146,254,0.8343305677161561,1.3403226141100542,82.19451490981311,0.0,False,0.3508334321666243,0.3333333432674408,0.1289971345109769,0.15294118225574493,0.6784313917160034,191.9058873951435,17.26195719415668,3.096314548344569,0.30348116869767694,0.08451193058539094,0.8183396597609393,0.007249312355154974,6.622223858749645,27.901690529563716,7.650489223440266
ef3ef194e5657fda708ecbd3eb6530286ed2ba23c88efb9f1715298975c73548,30,135.5204081632653,181.6734693877551,98.0,116.0,98.0,38.59188309203678,43.09484253138079,12.759818536404152,10.496108265794668,0.56863390152452,0.7155349126474025,0.8448275862068966,0.5833333333333334,1,11.170383851240114,130,176,144,188,0.6631096428955768,1.2156713910799297,40.99713058895819,0.0,False,0.5501000577089737,0.5372549295425415,0.0669948920527194,0.43921568989753723,0.686274528503418,53.90980565547943,65.755618220931,6.288740174059043,0.15266350455161806,0.09995289477546279,0.4538763920846327,0.010000121493757102,30.40974382608316,101.10149261577884,6.782058951878055
ef3ef194e5657fda708ecbd3eb6530286ed2ba23c88efb9f1715298975c73548,31,146.54193548387096,66.65322580645162,620.0,703.0,620.0,108.66904755831214,105.70623440940177,39.07046117931125,22.087475316056132,0.8248688402998227,1.4353868001862535,0.8819345661450925,0.6981981981981982,1,28.096414677602564,136,47,160,84,0.6972689870608869,1.7688966538837336,82.24160561946033,0.0,False,0.39626187110139477,0.3705882430076599,0.15384266276708375,0.1568627506494522,0.729411780834198,245.68236008286476,23.17713288482278,3.4642150865697774,0.30054759291746325,0.0782980014986473,0.7968936452366204,0.00621854255698351,9.952524842547872,36.401740927097684,7.9998660020406085
ef3ef194e5657fda708ecbd3eb6530286ed2ba23c88efb9f1715298975c73548,32,150.10449735449737,163.0568783068783,756.0,831.0,756.0,115.15432893255071,112.64006485886566,37.48620822824878,26.6185486688427,0.7041118089760335,1.1982175551257341,0.9097472924187726,0.6810810810810811,1,31.025297674958463,136,145,166,182,0.7487655863434786,1.4082739331362115,68.65280884718862,0.0,False,0.34989107776650047,0.3294117748737335,0.1480408301993105,0.12941177189350128,0.7176470756530762,264.51765479147434,14.9272700942225,2.838704877837345,0.33391090435726667,0.09064183641020987,0.8528592847739702,0.008381870366271027,5.6901441181569155,24.16439607028809,7.624129518534106
ef3ef194e5657fda708ecbd3eb6530286ed2ba23c88efb9f1715298975c73548,33,147.62282398452612,266.0464216634429,517.0,567.0,517.0,95.42640687119285,93.54412285838208,29.05778601203778,23.68661804940069,0.5792419946998161,-0.8005540865682947,0.9118165784832452,0.7101648351648352,1,25.65667251667837,136,253,162,281,0.7424503101160932,1.2267595969772895,-45.86837043231404,0.0,False,0.2871468187070216,0.27450981736183167,0.09421485011027413,0.16470588743686676,0.5137255191802979,148.45490527153015,22.656004543721075,3.469135980884542,0.2926355852594986,0.09721818719057676,0.7902307979618028,0.009590462629348538,8.528629804187155,36.783379283254995,7.612353681200304
ef3ef194e5657fda708ecbd3eb6530286ed2ba23c88efb9f1715298975c73548,34,145.1198501872659,303.9250936329588,267.0,285.0,267.0,63.4558441227157,62.84142967414864,22.1783562552037,15.452093885707612,0.7173436417250831,1.0050383135931154,0.9368421052631579,0.7478991596638656,1,18.437867513470433,137,294,154,315,0.8496283818421733,1.435297793247136,57.58445361783122,0.0,False,0.1906293657109532,0.1725490242242813,0.0707005448479738,0.10196078568696976,0.41960784792900085,50.898040644824505,22.935944215777855,3.3774964698068515,0.31247057593846006,0.11839133993937462,0.6768741393251215,0.01417266312852144,9.80622681744771,36.065661614108,6.895068486424853
ef3ef194e5657fda708ecbd3eb6530286ed2ba23c88efb9f1715298975c73548,35,157.63375796178343,126.48089171974522,628.0,652.0,628.0,95.91168824543142,94.0041984506374,29.922875348180806,27.29733899892078,0.4096193219941969,-0.23654827874782294,0.9631901840490797,0.7476190476190476,1,28.277100878514442,142,112,172,140,0.8930484200057338,1.0961828678379175,-13.5532180233344,0.0,False,0.30586362882831675,0.26274511218070984,0.16154215745739695,0.10588235408067703,0.658823549747467,192.0823589041829,23.626122616270997,3.3926879458073063,0.34062920367373567,0.11694186509891091,0.8158163528017695,0.013879151958348195,8.676846565439787,38.575398667102206,7.4310562726934
ef3ef194e5657fda708ecbd3eb6530286ed2ba23c88efb9f1715298975c73548,36,157.88761904761904,290.9009523809524,525.0,617.0,525.0,107.94722215136416,107.50706853232431,36.05582200037106,20.835308730619637,0.8161341125983052,0.11003263665647937,0.8508914100486223,0.5912162162162162,1,25.854414729132053,138,280,175,304,0.5708146723458148,1.730515370160237,6.304405689112742,0.0,False,0.3086461324918838,0.30588236451148987,0.09040761845583917,0.14901961386203766,0.5372549295425415,162.03921955823898,19.943396065848496,3.309798311102157,0.2793431330937046,0.07387646946213908,0.7706116293155935,0.0055604183021909556,7.398026164666169,32.48876596703082,7.873105694240117
ef3ef194e5657fda708ecbd3eb6530286ed2ba23c88efb9f1715298975c73548,37,157.56043956043956,208.0989010989011,91.0,103.0,91.0,37.798989873223334,38.51720657210926,13.00530967921285,9.400066807038062,0.691071031441765,-1.2958526310486733,0.883495145631068,0.5909090909090909,1,10.764051215546116,153,202,164,216,0.7707999731147546,1.3835337499383997,-74.2468866300124,0.0,False,0.5463046948988359,0.5333333611488342,0.05907350173541993,0.46666666865348816,0.6980392336845398,49.71372723579407,59.548834847826264,5.818116116393971,0.16934408236998696,0.10621596168350016,0.34659128627160435,0.011301003060396494,33.787934362934365,85.30973533271816,6.630715733124466
ef3ef194e5657fda708ecbd3eb6530286ed2ba23c88efb9f1715298975c73548,38,154.13861386138615,280.2970297029703,101.0,125.0,101.0,44.7634559672906,48.55316142906426,14.605470843247854,10.104933901133741,0.7220321449929629,0.5120367422425063,0.808,0.5260416666666666,1,11.340070282773887,146,274,162,286,0.5383890411305556,1.445380146584548,29.337544286123606,0.0,False,0.49213746426129107,0.4941176474094391,0.05760235609779801,0.37254902720451355,0.5921568870544434,49.705883890390396,52.84437617477258,5.637731265362783,0.1630758216332639,0.10047110101419629,0.5233559210089953,0.010115173966331131,20.401151189662848,85.28760115988231,6.7810060082708405
ef3ef194e5657fda708ecbd3eb6530286ed2ba23c88efb9f1715298975c73548,39,168.86111111111111,220.60493827160494,324.0,410.0,324.0,87.46194077712559,87.53044359342883,24.86558544285502,19.524800279521656,0.6192247761190209,-1.4759161241462508,0.7902439024390244,0.5934065934065934,1,20.310825007719227,159,209,180,235,0.5314184341349936,1.2735385298120043,-84.56376482888662,0.0,False,0.3990801365379198,0.4058823585510254,0.10324089577916151,0.20000000298023224,0.6313725709915161,129.30196423828602,33.44303785129202,4.388165044137867,0.20629697978422978,0.06926662310629955,0.6445830354909942,0.004830742349473296,14.651885118352624,52.23419058423141,7.945622836632674
ef3ef194e5657fda708ecbd3eb6530286ed2ba23c88efb9f1715298975c73548,40,170.82082324455206,20.128329297820823,413.0,456.0,413.0,80.76955262170047,79.25585461329771,24.421261996767686,22.101167454805864,0.4254180683740393,-1.1997339115684935,0.9057017543859649,0.6608,1,22.93137440223813,160,9,185,34,0.8262228640786009,1.1049761080135756,-68.73968967159621,0.0,False,0.32450269133790643,0.29411765933036804,0.12750306177968934,0.14901961386203766,0.6901960968971252,134.01961152255535,23.656019236072492,3.381954324238115,0.32091000173584083,0.0958756775390347,0.7057863941621909,0.009340842755444402,10.583641659639676,36.7283968125053,7.403791282157602
ef3ef194e5657fda708ecbd3eb6530286ed2ba23c88efb9f1715298975c73548,41,177.75925925925927,190.13492063492063,378.0,402.0,378.0,75.59797974644665,74.35289608288403,25.189400795751695,19.54076943739537,0.6310358825438226,0.04315449144061408,0.9402985074626866,0.756,1,21.938198374294355,165,181,190,201,0.8592229834571823,1.2890690346894162,2.472570226580623,0.0,False,0.3082270022659075,0.29411765933036804,0.10292126829310579,0.15294118225574493,0.5568627715110779,116.50980685651302,25.3738204197307,3.763746088608491,0.25528365056795166,0.08166230483102888,0.7453148320729528,0.006770822403554294,9.480011930800426,41.26762890866097,7.6851270266584315
ef3ef194e5657fda708ecbd3eb6530286ed2ba23c88efb9f1715298975c73548,42,170.9777777777778,255.57777777777778,45.0,50.0,45.0,24.48528137423857,25.89501942883427,9.226395655427869,6.269151871251036,0.7336939746233684,-0.9108566805334275,0.9,0.8035714285714286,1,7.569397566060481,168,252,175,260,0.8433151363624499,1.4717135339691017,-52.188243535861325,0.0,False,0.4613507714536455,0.4627451002597809,0.060029220811144396,0.32156863808631897,0.5960784554481506,20.760784715414047,44.37025965961662,5.377945306202945,0.1635799568413032,0.14966014467393213,0.43855086352517325,0.02252907573018756,19.63443656183469,69.10608275739857,5.562742599200687
ef3ef194e5657fda708ecbd3eb6530286ed2ba23c88efb9f1715298975c73548,43,177.92,261.3309090909091,275.0,313.0,275.0,68.52691193458118,67.64910342954782,23.303820138965666,15.775046724562918,0.7360477253098314,-0.6375747926909927,0.8785942492012779,0.6547619047619048,1,18.712051592547777,168,252,189,272,0.7551243371885892,1.47725839079005,-36.53034474512229,0.0,False,0.33868093490600587,0.3333333432674408,0.10007683400359985,0.16078431904315948,0.5882353186607361,93.13725709915161,28.257117408959303,3.9883154677673036,0.24297195801985502,0.0794501320083221,0.6825986879965094,0.006364848697823888,12.527530153095565,43.98670466482303,7.600547208479462
ef3ef194e5657fda708ecbd3eb6530286ed2ba23c88efb9f1715298975c73548,44,183.0074074074074,100.28641975308642,405.0,429.0,405.0,75.35533905932738,74.12285828675638,23.51662978103911,22.155574473303055,0.33526544241113276,1.313557365644692,0.9440559440559441,0.7336956521739131,1,22.708192698181442,172,89,195,113,0.9263189981691083,1.0614317317466129,75.26129319976353,0.0,False,0.30408134499081857,0.25882354378700256,0.1529545354378809,0.11764705926179886,0.6549019813537598,123.15294472128153,34.24530868137667,4.08850516071044,0.3055872850529866,0.1153858575625514,0.7108290865680355,0.013486799358203547,13.442509418643354,55.04810794410999,7.302278014233115
ef3ef194e5657fda708ecbd3eb6530286ed2ba23c88efb9f1715298975c73548,45,189.7707910750507,71.03245436105476,493.0,552.0,493.0,98.1543289325507,96.13035514470208,30.112422384712,22.384506236180407,0.6688865367820217,-0.6144261052473972,0.8931159420289855,0.632051282051282,1,25.05408341078227,175,58,205,84,0.6704025997104566,1.3452350508424817,-35.20402265333678,0.0,False,0.36799110064158336,0.364705890417099,0.12008154106212574,0.14509804546833038,0.686274528503418,181.41961261630058,18.70499738452511,3.195969498070087,0.2958779338703135,0.07579059926135301,0.7633683232032579,0.005855903218364995,8.375614160696266,29.034380608353956,7.829599379403944
ef3ef194e5657fda708ecbd3eb6530286ed2ba23c88efb9f1715298975c73548,46,189.49454545454546,160.95636363636365,275.0,310.0,275.0,68.35533905932738,67.87914122567548,24.982412048051646,14.586948111360117,0.8118337176923537,-0.5102406090805599,0.8870967741935484,0.5978260869565217,1,18.712051592547777,178,152,201,172,0.7500148795745074,1.7126551666140282,-29.23463343650059,0.0,False,0.3788948404788971,0.37254902720451355,0.1207428513712824,0.1764705926179886,0.686274528503418,104.1960811316967,22.97312630596518,3.578251668075918,0.26249631518296734,0.08053770361372964,0.7427965192978174,0.006540163832903731,9.766852157918716,36.17940045401164,7.555565549133661
ef3ef194e5657fda708ecbd3eb6530286ed2ba23c88efb9f1715298975c73548,47,190.53061224489795,7.880952380952381,294.0,328.0,294.0,72.698484809835,71.99670159269168,25.363232175591072,15.357045684138212,0.7958570459380812,-0.5436604032311562,0.8963414634146342,0.6805555555555556,1,19.347672370394786,179,0,203,18,0.7127414128320173,1.6515697548381927,-31.149446593525752,0.0,True,0.30220088844193893,0.25294119119644165,0.13823710085397956,0.14509804546833038,0.7098039388656616,88.84706120193005,27.726083568399613,3.6756241761943986,0.3040480505919603,0.12445833903686955,0.6705879359327782,0.015714553422326586,10.853425952560015,44.59874118423921,6.761650117052409
ef3ef194e5657fda708ecbd3eb6530286ed2ba23c88efb9f1715298975c73548,48,197.03055555555557,214.53055555555557,720.0,893.0,720.0,134.71067811865476,131.1806464920794,36.83126363984226,27.53271443885337,0.6642207161611243,-0.3645300617596642,0.8062709966405375,0.5955334987593052,1,30.277590264241923,180,199,219,230,0.5257785043652438,1.3377272960731779,-20.886034044472,0.0,False,0.2929520770907402,0.26274511218070984,0.10066531021439575,0.15294118225574493,0.6078431606292725,210.92549550533295,11.4721453365512,2.450449814869651,0.3670454960262951,0.09890287741892176,0.8435679969384073,0.009961577339927407,4.622100156556895,18.322190516545508,7.317164741727062
ef3ef194e5657fda708ecbd3eb6530286ed2ba23c88efb9f1715298975c73548,49,200.28571428571428,275.40867992766727,553.0,578.0,553.0,87.84062043356595,85.95964726663392,30.406759032619522,23.262328489917845,0.6439850457424817,-0.14285822953969035,0.9567474048442907,0.7680555555555556,1,26.534910368014152,186,264,216,288,0.9404717309883436,1.3071244800707786,-8.185173621335402,0.0,False,0.24092473062748934,0.20000000298023224,0.10337364721681339,0.13333334028720856,0.5921568870544434,133.2313760370016,24.09872575117267,2.977221450868172,0.40303806850510326,0.13699677708250113,0.6316262300434784,0.019039207827499186,11.678551791637522,36.51889971070781,6.671970732621839
ef3ef194e5657fda708ecbd3eb6530286ed2ba23c88efb9f1715298975c73548,50,193.7910447761194,309.363184079602,201.0,288.0,201.0,75.39087296526012,74.35289608288404,24.529056700230594,14.048031313597056,0.8197581824357686,-0.4148936659922784,0.6979166666666666,0.4652777777777778,1,15.99753570059363,183,301,207,319,0.4568884118383427,1.7460849960157037,-23.771656008068003,0.0,False,0.4120573705405145,0.41960784792900085,0.0993496998835204,0.22745098173618317,0.6627451181411743,82.82353147864342,28.33071692136789,4.123819258255882,0.221872618968533,0.08188874439360605,0.6724617020887568,0.006729256607545283,14.114440265222122,42.54699357751366,7.443544963753599
ef3ef194e5657fda708ecbd3eb6530286ed2ba23c88efb9f1715298975c73548,51,197.54666666666665,25.346666666666668,75.0,79.0,75.0,30.72792206135786,31.813413918773044,12.010071850304692,7.965790519148946,0.7483897699581807,0.22919423877100395,0.9493670886075949,0.78125,1,9.772050238058398,192,22,204,30,0.9312163130268457,1.5077062121372269,13.131862570292187,0.0,False,0.5876601493358612,0.5960784554481506,0.08894660507430373,0.4313725531101227,0.7411764860153198,44.07451120018959,70.1188439348781,6.594584410693878,0.145956592338224,0.1128128772284814,0.5049900662222486,0.012765480112222918,28.597991242853656,111.63969662690255,6.408283109661321
ef3ef194e5657fda708ecbd3eb6530286ed2ba23c88efb9f1715298975c73548,52,207.64912280701753,43.194736842105264,570.0,603.0,570.0,93.84062043356595,91.64800396044504,31.233728301753,23.56291479910651,0.6564079932112037,-0.1192660189296286,0.945273631840796,0.7661290322580645,1,26.939683377854365,192,32,223,56,0.8527833220770418,1.3255460357110556,-6.833439523995103,0.0,False,0.30555900411124814,0.27450981736183167,0.12808412664082094,0.13333334028720856,0.7098039388656616,174.16863234341145,19.437298693616363,3.09287443915872,0.329321469288403,0.09695108186999285,0.7196833297029785,0.009565229541609105,8.184917989808062,30.689679397424662,7.379701003699664
ef3ef194e5657fda708ecbd3eb6530286ed2ba23c88efb9f1715298975c73548,53,198.85802469135803,174.41975308641975,324.0,348.0,324.0,73.698484809835,72.55206195996149,22.743828281578374,18.726659924824304,0.5675002051497342,-1.180618980171575,0.9310344827586207,0.7751196172248804,1,20.310825007719227,189,164,208,186,0.7734911600481961,1.2145160094154783,-67.64448477687067,0.0,False,0.2815783161348031,0.250980406999588,0.08408664936233935,0.16078431904315948,0.5176470875740051,91.2313744276762,26.54589619440466,3.649425938160779,0.2937389912725441,0.09258390844873131,0.6856899416528561,0.008665276328303231,11.160371277742547,41.93142111106677,7.374943717588012
ef3ef194e5657fda708ecbd3eb6530286ed2ba23c88efb9f1715298975c73548,54,200.02898550724638,315.5217391304348,69.0,97.0,69.0,42.97056274847714,51.23467849039875,12.451300885965958,9.418716377427133,0.6540580436349617,-0.22826603278393628,0.711340206185567,0.5897435897435898,1,9.373021315815206,194,311,207,320,0.3303169990221777,1.3219742889600867,-13.078680284714434,0.0,True,0.475817005271497,0.4745098054409027,0.07432761896461863,0.32156863808631897,0.6352941393852234,32.83137336373329,35.76231826408058,4.795023416159125,0.19268152298154323,0.13025391795403146,0.5042886784642451,0.017052084863788446,19.687264647590737,51.837371880570416,6.0068891853266795
ef3ef194e5657fda708ecbd3eb6530286ed2ba23c88efb9f1715298975c73548,55,219.16758241758242,139.35027472527472,728.0,816.0,728.0,120.46803743153546,116.89237824699504,43.140826837349906,22.21561529350758,0.8572167826479576,0.4699411557627063,0.8921568627450981,0.6179966044142614,1,30.445334430207833,201,124,239,155,0.6695281692287962,1.9419145617793279,26.925644844703097,0.0,False,0.3591575197015817,0.33725491166114807,0.14801761690770845,0.13725490868091583,0.6980392336845398,261.4666743427515,16.778769968296004,3.054412657132179,0.3043977914784769,0.08278726491644459,0.8480486258859056,0.006994749784485655,6.2310387653968835,27.326501171195122,7.820831900382614
ef3ef194e5657fda708ecbd3eb6530286ed2ba23c88efb9f1715298975c73548,56,215.8227360308285,115.1233140655106,519.0,549.0,519.0,88.08326112068522,86.18968506276158,30.47123434178192,21.88898713756384,0.6956826945738911,0.6592179030015518,0.9453551912568307,0.6865079365079365,1,25.70625067405882,202,103,230,130,0.8779436343438888,1.3920805997226808,37.770403621453404,0.0,False,0.351120188588237,0.32156863808631897,0.1661557556445426,0.11372549086809158,0.6980392336845398,182.23137787729502,21.966264852251165,3.4532787805912846,0.29110541666239664,0.09111237359955322,0.8235382124035615,0.00843690580677721,7.7817221995785815,36.15080750492375,7.649671160793637
ef3ef194e5657fda708ecbd3eb6530286ed2ba23c88efb9f1715298975c73548,57,222.36166924265842,173.4126738794436,647.0,726.0,647.0,110.32590180780451,107.27703073619668,36.239929699282094,23.594881857337864,0.7590141208620712,0.6461582374631243,0.8911845730027548,0.6324535679374389,1,28.701672171559103,207,158,240,189,0.7064812755605064,1.5359233378831985,37.02213990424906,0.0,False,0.2623693126569023,0.2235294133424759,0.10028628617533275,0.14509804546833038,0.5764706134796143,169.75294528901577,21.40805857840665,3.1082648671466164,0.350204038480887,0.1182442384876103,0.7150628975874553,0.014194395668212189,9.182525569697114,33.633591587116186,7.157369515431716
ef3ef194e5657fda708ecbd3eb6530286ed2ba23c88efb9f1715298975c73548,58,218.06787330316743,234.10407239819006,221.0,265.0,221.0,66.73401871576773,66.53838269500822,19.23860836597802,15.518197798486314,0.5910738033366052,1.0515985310766693,0.8339622641509434,0.6820987654320988,1,16.774562271083887,210,225,228,243,0.6272745341996219,1.2397450152268716,60.252157572850095,0.0,False,0.32399965391169844,0.3137255012989044,0.06566601555261063,0.21176470816135406,0.545098066329956,71.60392351448536,28.85411764068917,3.812895426560999,0.2756445826594699,0.0985281377988138,0.5418171519693035,0.009796304934416376,15.60612047788428,42.102114803494054,7.15494953990114
ef3ef194e5657fda708ecbd3eb6530286ed2ba23c88efb9f1715298975c73548,59,223.65447154471545,221.35365853658536,246.0,310.0,246.0,73.90559159102153,74.67821865402618,26.490527762057777,12.990266147008317,0.8715120979837419,-0.04655216691113773,0.7935483870967742,0.6758241758241759,1,17.697935698969246,210,215,236,229,0.5543155620719508,2.03925981671735,-2.667242691196754,0.0,False,0.2854933926487357,0.27450981736183167,0.06396629764388485,0.18039216101169586,0.501960813999176,70.23137459158897,16.57199995120518,3.0632442159332833,0.3007499869720548,0.0966646770190883,0.7304977742369867,0.00946336585558034,7.06670705934145,26.077292843068907,7.104989533212156
ef3ef194e5657fda708ecbd3eb6530286ed2ba23c88efb9f1715298975c73548,60,223.51570680628274,60.78534031413613,382.0,437.0,382.0,84.87615433949868,86.97508322615903,26.756251567729237,18.985541855001358,0.7046308707391873,-0.8280475809532405,0.8741418764302059,0.6631944444444444,1,22.05396803500069,212,50,236,74,0.6345758219079464,1.409296177695389,-47.44363162463805,0.0,False,0.3927317622522409,0.3960784375667572,0.120231982384803,0.1882352977991104,0.6784313917160034,150.02353318035603,19.802974206030797,3.4249475731127506,0.26215062891803864,0.0787870064222626,0.8012341354677233,0.006312552738295887,7.118389023849172,32.48755938821241,7.716855788251048
ef3ef194e5657fda708ecbd3eb6530286ed2ba23c88efb9f1715298975c73548,61,222.70813397129186,268.7607655502392,209.0,261.0,209.0,71.31980515339464,70.10058269475465,21.051490982288332,13.857478458309084,0.7527855055545051,0.7253295399596315,0.8007662835249042,0.5588235294117647,1,16.312788383647018,212,260,234,277,0.5344571534004496,1.5191429700304275,41.55832139585248,0.0,False,0.33676705947903357,0.3333333432674408,0.06773304492461057,0.20392157137393951,0.5058823823928833,70.38431543111801,41.45277456529011,4.973869581225404,0.1892802295177402,0.07917698639270772,0.5296968330502856,0.006296541402568898,18.0540859344377,64.8514631961425,7.540278684116236
ef3ef194e5657fda708ecbd3eb6530286ed2ba23c88efb9f1715298975c73548,62,235.78515007898895,296.0268562401264,633.0,708.0,633.0,112.49747468305833,110.51390816480095,40.79802417874467,20.744062737761215,0.8610870669232176,-0.17524175582099516,0.8940677966101694,0.6880434782608695,1,28.38944578214513,216,284,256,307,0.651297932112027,1.9667325872707884,-10.040613003005149,0.0,True,0.23210978533890197,0.19607843458652496,0.09996481390609614,0.12941177189350128,0.5764706134796143,146.92549411952496,12.817509128371942,2.2705334228461314,0.4534898748453774,0.15909582074413442,0.8216250082299339,0.02554219436121566,5.894312784159155,19.74070547258473,6.484712638598265
ef3ef194e5657fda708ecbd3eb6530286ed2ba23c88efb9f1715298975c73548,63,230.82051282051282,4.8,195.0,230.0,195.0,71.79898987322332,72.87738453110363,21.704610883031325,13.351291329199508,0.7884208810002,0.027473232116181117,0.8478260869565217,0.625,1,15.756957549709801,220,0,244,13,0.4613801642995737,1.6256563015416314,1.5741002498404453,0.0,True,0.2713926669114675,0.2078431397676468,0.13050313305901068,0.1411764770746231,0.6705882549285889,52.92157004773617,19.646205273401176,2.909923569302756,0.412911791121615,0.16692201373294518,0.7750531850621276,0.02822639224206777,7.5562271851292895,31.736183361673067,6.149671842663453
ef3ef194e5657fda708ecbd3eb6530286ed2ba23c88efb9f1715298975c73548,64,231.91603053435114,82.90839694656489,131.0,141.0,131.0,42.970562748477136,43.42016510252293,13.339964735599372,12.935415979444079,0.2444022851917248,1.5363861863886044,0.9290780141843972,0.7751479289940828,1,12.914889870235298,225,77,238,90,0.8731688191822814,1.031274506888543,88.02844418226688,0.0,False,0.4493638815088126,0.43921568989753723,0.11670819855118406,0.24705882370471954,0.6901960968971252,58.86666847765446,51.517425277174596,5.739177693129127,0.15088652478156744,0.08856976223894683,0.5528158153621197,0.007854063707360236,20.815063270571734,82.21978728377745,7.154151682717063
ef3ef194e5657fda708ecbd3eb6530286ed2ba23c88efb9f1715298975c73548,65,239.14245810055866,197.9413407821229,358.0,443.0,358.0,87.01219330881975,85.17424910323648,27.263008338848866,19.429632628048687,0.7014955516659533,0.5857294580068171,0.8081264108352144,0.6215277777777778,1,21.349935761383176,227,187,251,211,0.6201207500330413,1.4031664345259873,33.5598258802758,0.0,False,0.33494359608635554,0.32156863808631897,0.07134687959264642,0.22745098173618317,0.5490196347236633,119.90980739891529,34.04945227981061,4.212584071170717,0.2600001707173373,0.08557240907010907,0.5488395875355616,0.00736507994371077,18.000234441635147,50.09867011798607,7.649844363599617
ef3ef194e5657fda708ecbd3eb6530286ed2ba23c88efb9f1715298975c73548,66,241.19463087248323,111.91275167785236,149.0,168.0,149.0,51.04163056034261,51.464716286526404,20.866756823943167,9.431396272636535,0.8920271113715952,0.35294296185109686,0.8869047619047619,0.6208333333333333,1,13.773623058786647,232,107,252,119,0.7069309023037459,2.2124780065157723,20.222142122914672,0.0,False,0.5163574304756702,0.5098039507865906,0.08894229102452582,0.33725491166114807,0.6745098233222961,76.93725714087486,64.22355663050588,6.257652098713034,0.1496947750886905,0.08377871787401113,0.44942957018584856,0.007033735118537863,29.475286277154922,98.97182698385684,7.349297205795844
ef3ef194e5657fda708ecbd3eb6530286ed2ba23c88efb9f1715298975c73548,67,241.5158924205379,245.91442542787286,409.0,443.0,409.0,82.5269119345812,80.9219357151071,30.132667990003608,18.22217906420391,0.7964292750004147,0.997435489081785,0.9232505643340858,0.6586151368760065,1,22.820056393372074,232,231,255,258,0.7848752714461685,1.653625940335366,57.148843860953384,0.0,False,0.18459178800614948,0.1568627506494522,0.07965509541035105,0.0941176488995552,0.45490196347236633,75.49804129451513,22.933042847474212,3.093388937818864,0.38114356112596914,0.14565781807182132,0.6758262377507209,0.021468342238361672,10.55258456776096,35.313501127187465,6.739258958523286
ef3ef194e5657fda708ecbd3eb6530286ed2ba23c88efb9f1715298975c73548,68,243.3013698630137,84.71232876712328,146.0,166.0,146.0,48.87005768508881,49.01323702131956,16.079560895994888,12.033596767901054,0.663271968464617,1.0428790934771237,0.8795180722891566,0.6083333333333333,1,13.63425735166143,237,78,252,94,0.7637231373476092,1.336222345332878,59.75257059866845,0.0,False,0.5521622565511155,0.5411764979362488,0.054891640660070115,0.4431372582912445,0.7019608020782471,80.61568945646286,48.02651573148484,5.126542321333416,0.20758774660870072,0.09574660169209617,0.29410165231455654,0.009181459301969487,26.2259639734022,69.82706748956748,7.063707992919406
ef3ef194e5657fda708ecbd3eb6530286ed2ba23c88efb9f1715298975c73548,69,247.10264900662253,228.2317880794702,302.0,345.0,302.0,72.00609665440987,74.77350342904067,22.222336993418836,18.27604197354663,0.5688841914963005,1.1290660271342974,0.8753623188405797,0.7626262626262627,1,19.60913925979463,238,218,256,240,0.6787679817453304,1.2159272245918569,64.69071814639852,0.0,True,0.19819504535750837,0.18431372940540314,0.05565505807837645,0.12941177189350128,0.3960784375667572,59.85490369796753,19.903436856186875,2.9206001888765405,0.37314328780738854,0.1246875502328887,0.6691927714840483,0.015741539926610232,8.821034615778705,30.985839096595043,6.689431927211077
ef3ef194e5657fda708ecbd3eb6530286ed2ba23c88efb9f1715298975c73548,70,247.84166666666667,268.5833333333333,120.0,128.0,120.0,40.520815280171306,41.29400840845824,13.828391769016733,11.401609193166617,0.565851397265669,-0.599500558913019,0.9375,0.7692307692307693,1,12.360774464742066,242,262,254,275,0.8843354328228236,1.2128456198362396,-34.34885184144996,0.0,False,0.19022876446445783,0.16470588743686676,0.06328605994447341,0.12156862765550613,0.3607843220233917,22.82745173573494,46.53499905782321,4.770535015170651,0.27253161449574903,0.13912534208851918,0.5619062787152014,0.019695959126887517,19.09354956936046,73.97644854628595,6.30736690048045
ef3ef194e5657fda708ecbd3eb6530286ed2ba23c88efb9f1715298975c73548,71,249.98297872340424,43.60425531914893,235.0,249.0,235.0,61.798989873223334,61.27063334735374,23.79291828779602,12.882421934394067,0.840739818803635,1.5178799604137727,0.9437751004016064,0.7859531772575251,1,17.297725082009,243,33,256,56,0.7866344953297955,1.846928971040191,86.96811553919365,0.0,True,0.3428786074227475,0.30588236451148987,0.1284103672166873,0.1882352977991104,0.7019608020782471,80.57647274434566,23.475397426955936,3.4200065079670674,0.30926848672316465,0.11195980188532055,0.7464762839364126,0.012695966972592863,9.880399373974814,37.07039547993706,7.000043020478087
ef3ef194e5657fda708ecbd3eb6530286ed2ba23c88efb9f1715298975c73548,72,249.6516393442623,139.327868852459,244.0,249.0,244.0,58.970562748477136,58.58911628601925,23.176548476468444,13.736598827408454,0.8054278023970924,1.493356927060123,0.9799196787148594,0.8531468531468531,1,17.625846048215095,243,129,256,151,0.8932351306284527,1.6872115701759145,85.56304922717096,0.0,True,0.34771778599404896,0.32156863808631897,0.10020309479481387,0.20000000298023224,0.6509804129600525,84.84313978254795,22.703792657277052,3.1320577392796123,0.35492000239301763,0.11637119566328556,0.6643846110146404,0.013731598882413223,11.36764064448837,34.03994467006573,6.879400690822461
ef3ef194e5657fda708ecbd3eb6530286ed2ba23c88efb9f1715298975c73548,73,244.7659574468085,12.574468085106384,188.0,256.0,188.0,70.11269837220809,69.54522232748485,21.747691860603606,14.933483396399547,0.726969445473942,-0.24988323667143403,0.734375,0.5222222222222223,1,15.471555655790098,236,4,256,22,0.488464620895508,1.456304017175722,-14.31725483234185,0.0,True,0.3214434789533311,0.3117647171020508,0.08744222910663685,0.1568627506494522,0.5960784554481506,60.43137404322624,22.295047956413086,3.6709043583979875,0.24212289024006844,0.09210446883592244,0.6206725361258281,0.008551904150830791,9.765837361367307,34.82425855145887,7.123059887046632
ef3ef194e5657fda708ecbd3eb6530286ed2ba23c88efb9f1715298975c73548,74,254.28571428571428,267.2857142857143,21.0,26.0,21.0,19.0,24.324223102039376,11.980117481605395,2.499098359394047,0.9780002265812843,1.4629238379955498,0.8076923076923077,0.6363636363636364,1,5.170882945826411,253,262,256,273,0.44601678464860617,4.793775897844292,83.81936166622519,0.0,True,0.16563959348769414,0.15294118225574493,0.047212708095909495,0.12156862765550613,0.29411765933036804,3.478431463241577,62.09444444444445,4.69375,0.18840422403279775,0.21700950340001884,0.520467205135187,0.06619550540123459,19.75138888888889,104.4375,2.8673737775396164
2246874c8b5ba218d01ad8153a201ad4660195f3e4c65da6b9d4ccaf82cb7edf,1,4.20945945945946,143.72297297297297,148.0,156.0,148.0,49.21320343559643,49.338559592461706,19.009600343146076,10.056721702648696,0.8486007337076653,1.4247426056894879,0.9487179487179487,0.7789473684210526,1,13.727325035155395,0,134,10,153,0.7640093026802681,1.8902382809439193,81.63173819847928,0.0,True,0.15696873772587325,0.12941177189350128,0.09583852024390421,0.0313725508749485,0.4156862795352936,23.23137318342924,39.45302908698141,4.389904194069285,0.27408179752065365,0.11315842755184075,0.5455765700274868,0.012868911592520245,22.97325016072002,55.93280801324279,6.7983221392481346
2246874c8b5ba218d01ad8153a201ad4660195f3e4c65da6b9d4ccaf82cb7edf,2,6.119718309859155,177.16197183098592,142.0,163.0,142.0,50.83452377915607,54.146233347860885,19.720086950730582,9.687588698008954,0.8710158754924457,1.2698643075875535,0.8711656441717791,0.6147186147186147,1,13.446189622059965,1,169,12,190,0.608641704664903,2.0356032409575318,72.75786537906941,0.0,False,0.1501795123396835,0.12156862765550613,0.10064882675017113,0.0235294122248888,0.40392157435417175,21.325490752235055,49.244411947948834,4.863737497079643,0.24298305435089257,0.10698388439621774,0.5006147210514285,0.011471404866198194,29.651406844966452,68.83741705093122,6.820009302172978
2246874c8b5ba218d01ad8153a201ad4660195f3e4c65da6b9d4ccaf82cb7edf,3,5.691588785046729,214.07476635514018,107.0,117.0,107.0,42.384776310850235,42.86480473525314,17.5700711804823,8.034910305645235,0.8893090758285285,1.2431659398646437,0.9145299145299145,0.66875,1,11.67204486311899,2,206,12,222,0.7317992201007395,2.1867165297586175,71.22816158865838,0.0,False,0.20223566590347022,0.1921568661928177,0.09333113666504074,0.0470588244497776,0.45098039507865906,21.639216251671314,65.25389113987092,6.07313070788818,0.17914993941090027,0.09757488815063928,0.17104700273642248,0.009539532145765079,44.3204842032967,86.18729807644513,6.850437269396971
2246874c8b5ba218d01ad8153a201ad4660195f3e4c65da6b9d4ccaf82cb7edf,4,5.921875,312.953125,64.0,96.0,64.0,42.14213562373095,42.634766939125484,17.996202182837322,6.083082647345935,0.9411387993935593,1.3723574716411946,0.6666666666666666,0.5333333333333333,1,9.0270333367641,3,305,11,320,0.4424478116841291,2.9584017226346764,78.63029110828501,0.0,True,0.41341912280768156,0.40980392694473267,0.04136165328566035,0.32156863808631897,0.49803921580314636,26.45882385969162,73.7141597254539,6.726067077578897,0.13982460013392956,0.1298308990612131,0.2760116176002569,0.01704378542125925,46.68739203155299,100.74092741935483,5.963670139145819
2246874c8b5ba218d01ad8153a201ad4660195f3e4c65da6b9d4ccaf82cb7edf,5,8.946428571428571,14.446428571428571,56.0,60.0,56.0,26.727922061357855,28.021176122898957,10.853844096206627,6.683835737955809,0.7878997311868375,1.100883696279923,0.9333333333333333,0.7,1,8.444016491289505,6,10,14,20,0.8962417508649234,1.6238945003645733,63.07598953160156,0.0,False,0.3252801203301975,0.32549020648002625,0.0589187820942596,0.20000000298023224,0.4470588266849518,18.21568673849106,82.98132125425337,7.290719139075447,0.13035710445559806,0.13158865628012084,0.15671255046665872,0.01743111074012905,53.48305496641921,112.47958754208754,5.962732518783371
2246874c8b5ba218d01ad8153a201ad4660195f3e4c65da6b9d4ccaf82cb7edf,6,11.87962962962963,310.0740740740741,108.0,144.0,108.0,56.248737341529164,60.3899504089418,22.17610839389727,7.356821515582163,0.9433689641723433,1.32702123067873,0.75,0.54,1,11.726460285670077,7,300,17,320,0.3721382179140565,3.014359985073312,76.03271584214767,0.0,True,0.4171024014552434,0.4156862795352936,0.03564921743992054,0.3490196168422699,0.49803921580314636,45.04705935716629,73.68649720042038,6.827335549757084,0.13347215293326906,0.09861215378912128,0.28519210654185867,0.009755523970962065,45.87261660753039,101.50037779331036,6.803184990504568
2246874c8b5ba218d01ad8153a201ad4660195f3e4c65da6b9d4ccaf82cb7edf,7,10.287234042553191,291.81382978723406,188.0,230.0,188.0,63.94112549695427,63.301505266403936,18.17072755244062,14.787611726615294,0.5811239529729785,1.1921015372263581,0.8173913043478261,0.5875,1,15.471555655790098,2,282,18,302,0.5895757858678354,1.2287804067600903,68.30238683412792,0.0,False,0.426345437210291,0.4313725531101227,0.05013422591249464,0.24705882370471954,0.5254902243614197,80.1529421955347,36.7245906926871,4.432844330853157,0.22340146626366802,0.089281728124658,0.3931542516554516,0.00801497035052312,20.92315385711869,52.52602752825551,7.2341669432179
2246874c8b5ba218d01ad8153a201ad4660195f3e4c65da6b9d4ccaf82cb7edf,8,15.022222222222222,6.688888888888889,45.0,53.0,45.0,25.727922061357855,29.36193465356621,9.699201809282986,6.799677030535477,0.7131068909743237,-0.6214413415952434,0.8490566037735849,0.5625,1,7.569397566060481,10,3,20,11,0.6559232756024632,1.4264209558375407,-35.605966088355146,0.0,False,0.45986928343772887,0.4627451002597809,0.02108428125690597,0.40784314274787903,0.4941176474094391,20.6941177546978,93.24194330057833,7.701540040769041,0.14356574729389088,0.15873514581497614,0.043838126810294475,0.02546888100169567,63.38250815504136,123.10137844611529,5.4418470787765845
2246874c8b5ba218d01ad8153a201ad4660195f3e4c65da6b9d4ccaf82cb7edf,9,14.602564102564102,18.852564102564102,156.0,250.0,156.0,70.73401871576773,74.35289608288403,25.498299819766327,11.519774905010937,0.8921263416141167,-1.1261446206125088,0.624,0.4126984126984127,1,14.093451279891855,3,9,21,30,0.3545999614267736,2.213437331025881,-64.52333388245805,0.0,False,0.3908245414495468,0.3960784375667572,0.05008002405084823,0.2549019753932953,0.49803921580314636,60.9686284661293,49.92323880853995,5.3621451446281,0.1904554301445254,0.09192918076352173,0.3101405585698166,0.008479119797895347,35.97592837465566,63.87054924242423,7.119990104669275
2246874c8b5ba218d01ad8153a201ad4660195f3e4c65da6b9d4ccaf82cb7edf,10,22.327464788732396,122.1830985915493,284.0,301.0,284.0,67.84062043356595,66.99845828726353,27.826536281881626,13.348869218777182,0.8774231410467755,-0.7048098721764013,0.9435215946843853,0.5634920634920635,1,19.015783725757565,10,111,34,132,0.7950575859083783,2.0845613082147394,-40.382631034862825,0.0,False,0.18975421691864308,0.16078431904315948,0.0845293738955366,0.07058823853731155,0.4117647111415863,53.89019760489464,45.10548794975064,4.620122019708783,0.2658267351876484,0.0894100190936533,0.48430824547691786,0.008047574716866714,25.539574460188167,64.6714014393131,7.433383545309436
2246874c8b5ba218d01ad8153a201ad4660195f3e4c65da6b9d4ccaf82cb7edf,11,20.301948051948052,56.1525974025974,308.0,345.0,308.0,72.56244584051393,71.67137902154955,21.07198894156879,19.284869154831235,0.40302313394865474,0.6988611949107081,0.8927536231884058,0.6666666666666666,1,19.802974013476614,10,46,31,68,0.7534753674964754,1.0926695313506884,40.04179693385318,0.0,False,0.4426788977020747,0.43921568989753723,0.05519031989783735,0.32549020648002625,0.5686274766921997,136.345100492239,28.659944673056017,4.0425824690720695,0.23510148745571674,0.07060659465317598,0.7092647297723322,0.005013335254381421,11.965586936537633,45.3543024095744,7.930286804293916
2246874c8b5ba218d01ad8153a201ad4660195f3e4c65da6b9d4ccaf82cb7edf,12,16.171875,106.90625,64.0,76.0,64.0,31.727922061357855,33.15417244944028,9.592490013738832,9.17174215110307,0.29291728652767024,0.6297644403884416,0.8421052631578947,0.64,1,9.0270333367641,12,103,22,113,0.7316669765695937,1.0458743666910828,36.082844521675824,0.0,False,0.2727941261837259,0.2666666805744171,0.07624361503676245,0.11372549086809158,0.43529412150382996,17.458824075758457,63.351631523706985,6.053830702333061,0.17292667317075414,0.1286610932503029,0.30853033038440314,0.016638900915783184,37.06948462613556,89.63377842127841,6.0678497634713935
2246874c8b5ba218d01ad8153a201ad4660195f3e4c65da6b9d4ccaf82cb7edf,13,19.128712871287128,44.06930693069307,101.0,110.0,101.0,38.970562748477136,39.62792730664886,15.100739029721115,8.867674694322254,0.8094168645582384,-0.16063955813980305,0.9181818181818182,0.7481481481481481,1,11.340070282773887,12,40,27,49,0.8082180074764038,1.702897270170469,-9.203968704257123,0.0,False,0.3570957170559628,0.35686275362968445,0.06709313821021923,0.21176470816135406,0.501960813999176,36.066667422652245,50.4181691899812,5.383701287148536,0.19358263810394544,0.10010989042525181,0.4986229970657889,0.010031709673395676,23.115693155398194,77.72064522456422,6.787034102070896
2246874c8b5ba218d01ad8153a201ad4660195f3e4c65da6b9d4ccaf82cb7edf,14,21.558139534883722,190.5581395348837,86.0,93.0,86.0,33.798989873223334,34.72496877623518,12.868178573102899,8.652164652218039,0.7402161151983633,1.3340033973818233,0.9247311827956989,0.6615384615384615,1,10.464157913908982,17,185,27,198,0.8962405458277557,1.4872785124129668,76.43276452609169,0.0,False,0.15353397583199102,0.10196078568696976,0.10825815620650092,0.0313725508749485,0.3960784375667572,13.203921921551228,102.18807901858185,7.31321721926056,0.21876715706435398,0.13820569503886249,0.23286805734881424,0.019125885980306803,62.83959992732974,141.53655810983395,6.088852975773817
2246874c8b5ba218d01ad8153a201ad4660195f3e4c65da6b9d4ccaf82cb7edf,15,25.2265625,223.8359375,128.0,133.0,128.0,39.798989873223334,40.4133254700463,14.24737738294402,11.456888084596761,0.594439761948281,1.2520628527443411,0.9624060150375939,0.7619047619047619,1,12.766152972845846,20,217,32,231,0.9848512868645466,1.2435643324559431,71.73791714736063,0.0,False,0.12120098355808295,0.07058823853731155,0.11147563245808459,0.019607843831181526,0.43921568989753723,15.513725895434618,66.87469076447097,5.2025331860872654,0.3433230237375893,0.1725796111597114,0.3060092458298387,0.030078153106327013,44.5672173207607,89.18216420818123,5.923493763404851
2246874c8b5ba218d01ad8153a201ad4660195f3e4c65da6b9d4ccaf82cb7edf,16,31.152,272.664,125.0,136.0,125.0,44.384776310850235,44.76092363319018,16.660179154119056,9.689913856823331,0.8134597391661023,-1.1545685933432195,0.9191176470588235,0.7102272727272727,1,12.6156626101008,26,265,37,281,0.7840103535476531,1.719332018869031,-66.15190755692271,0.0,False,0.19460392645001412,0.18039216101169586,0.1061981241813799,0.03921568766236305,0.47843137383461,24.325490806251764,64.43104316502837,6.02452593816465,0.18408291410803984,0.09936670915469883,0.29137821647765366,0.009928532073327374,37.28689370485036,91.57519262520637,6.915620680289295
2246874c8b5ba218d01ad8153a201ad4660195f3e4c65da6b9d4ccaf82cb7edf,17,32.41216216216216,208.21621621621622,148.0,158.0,148.0,46.04163056034262,46.33171995998507,17.783185659574983,10.693284259289658,0.7990125681327137,0.9577928513376027,0.9367088607594937,0.6607142857142857,1,13.727325035155395,26,201,40,217,0.8663925995297245,1.6630237472763394,54.87748802944572,0.0,False,0.12962374497028822,0.07647059112787247,0.1125506139263425,0.0117647061124444,0.4431372582912445,19.184314255602658,66.7143880870621,5.333494237820606,0.2987035859846887,0.13503811976740387,0.28326655417191926,0.018282006684332795,42.35978229694101,91.06899387718319,6.380015420662227
2246874c8b5ba218d01ad8153a201ad4660195f3e4c65da6b9d4ccaf82cb7edf,18,34.136,136.592,125.0,135.0,125.0,44.04163056034261,44.435601062048036,16.11226011840205,10.18684023026526,0.7747713396933074,1.142530909547876,0.9259259259259259,0.6510416666666666,1,12.6156626101008,28,129,40,145,0.7955321927361173,1.581673978799852,65.4621990803365,0.0,False,0.33157647812366486,0.32549020648002625,0.08140776800041778,0.14901961386203766,0.4745098054409027,41.44705976545811,74.77447499374324,6.793481528292731,0.14333820419630228,0.08553804000198309,0.3174873160128222,0.007324416536255951,41.35449995237073,108.19445003511576,7.230737986053086
2246874c8b5ba218d01ad8153a201ad4660195f3e4c65da6b9d4ccaf82cb7edf,19,43.808184143222505,58.31457800511509,391.0,464.0,391.0,96.42640687119285,94.09948322565188,32.61289933386019,18.028867240201816,0.833304676890703,1.3076237695683115,0.8426724137931034,0.6430921052631579,1,22.312253628700276,34,43,53,75,0.5548967033304347,1.8089267006824508,74.92132318725155,0.0,False,0.16436488076787242,0.125490203499794,0.12221656865974516,0.007843137718737125,0.4941176474094391,64.26666838023812,36.237080361531156,4.031928183844203,0.311053685087869,0.10554949709555281,0.6193206660140423,0.011232065210348715,21.432250086012886,51.041910637049426,7.3524546684840955
2246874c8b5ba218d01ad8153a201ad4660195f3e4c65da6b9d4ccaf82cb7edf,20,38.592592592592595,167.989417989418,189.0,210.0,189.0,59.112698372208094,58.72386930713242,23.121866765844466,10.794477044699518,0.884335752354025,1.3585187791773976,0.9,0.7159090909090909,1,15.512648837479231,33,158,45,180,0.6887194393825864,2.142008980156954,77.83739243612995,0.0,False,0.21454508248815146,0.1882352977991104,0.12379713011138083,0.027450980618596077,0.4901960790157318,40.549020590260625,46.456526830152576,4.9264219921296135,0.23598971908388797,0.09328590837387507,0.5704753748027425,0.008751072474695521,26.16158964615819,66.75146401414695,7.2316129039599435
2246874c8b5ba218d01ad8153a201ad4660195f3e4c65da6b9d4ccaf82cb7edf,21,39.88181818181818,278.9818181818182,110.0,117.0,110.0,38.14213562373095,38.842529143251404,13.9958663648328,10.037912713303035,0.6968617021391572,1.0884003976224554,0.9401709401709402,0.7692307692307693,1,11.834540545406394,35,273,46,286,0.9161942222209334,1.394300465104102,62.36074920412734,0.0,False,0.21536542427810756,0.19607843458652496,0.08241765184323906,0.06666667014360428,0.41960784792900085,23.69019667059183,57.108990896507734,5.377915157196355,0.19999833408803,0.10324565530117537,0.30268762846558933,0.010670948037054005,34.90065682045284,79.31732497256263,6.7822365202110735
2246874c8b5ba218d01ad8153a201ad4660195f3e4c65da6b9d4ccaf82cb7edf,22,48.11504424778761,267.6637168141593,452.0,504.0,452.0,88.14823227814082,88.7364491029829,29.789587598852545,19.832306665558143,0.7461782034315209,0.8642755736637495,0.8968253968253969,0.6953846153846154,1,23.98967015655475,36,256,61,282,0.7213469619134902,1.502073767878285,49.51934270718093,0.0,False,0.2625715843426575,0.26274511218070984,0.08148429360391599,0.0470588244497776,0.48235294222831726,118.68235612288117,25.729017774508847,3.806815602846938,0.2513040086511856,0.07460331166081308,0.568034565820523,0.005625754648846827,13.20401184674033,38.254023702277365,7.872015026088114
2246874c8b5ba218d01ad8153a201ad4660195f3e4c65da6b9d4ccaf82cb7edf,23,44.094674556213015,30.201183431952664,169.0,180.0,169.0,52.04163056034261,52.020076653796195,22.0580500747932,9.82873750293633,0.8952396086272396,1.2111783417334254,0.9388888888888889,0.65,1,14.668929172241665,38,21,51,41,0.7847920464808364,2.2442404294756444,69.39540721897902,0.0,False,0.14783617990785802,0.10588235408067703,0.10687830715551476,0.01568627543747425,0.4588235318660736,24.984314404428005,59.70127592247075,5.193518262134621,0.27011127595527923,0.11508374201211433,0.2482853358317778,0.01329017012912308,39.93874789009837,79.46380395484313,6.756525147583906
2246874c8b5ba218d01ad8153a201ad4660195f3e4c65da6b9d4ccaf82cb7edf,24,42.847457627118644,315.45762711864404,59.0,66.0,59.0,28.27817459305202,29.68725722470835,9.924848194303829,7.881199355871382,0.6078032641027534,1.259555645329862,0.8939393939393939,0.7283950617283951,1,8.667244841319219,39,311,48,320,0.8412435062173023,1.2593068321396994,72.16722253927789,0.0,True,0.16410768114156643,0.125490203499794,0.10677055516520566,0.054901961237192154,0.41960784792900085,9.682353187352419,102.75865881882842,7.2246964181992235,0.23646514358152038,0.1708744351555367,0.21353897354920645,0.029623757795720407,62.751116600790525,142.76620103686633,5.6195278997911
2246874c8b5ba218d01ad8153a201ad4660195f3e4c65da6b9d4ccaf82cb7edf,25,47.45723684210526,122.21381578947368,304.0,352.0,304.0,93.14823227814082,91.18792836818974,39.877499097135484,10.33762240310095,0.9658144173635237,1.4586491153151342,0.8636363636363636,0.6666666666666666,1,19.67396303746374,42,104,54,142,0.459418784897102,3.8575116735907797,83.57443809804852,0.0,False,0.21821466008642396,0.2137254923582077,0.09561334147432887,0.0470588244497776,0.4431372582912445,66.33725666627288,44.177419483227126,4.924250894212522,0.22102805356086333,0.07923047099194451,0.5451173935916978,0.0063694610832023164,23.22427710666242,65.13056185979183,7.704538606416296
2246874c8b5ba218d01ad8153a201ad4660195f3e4c65da6b9d4ccaf82cb7edf,26,54.26984126984127,302.1984126984127,126.0,132.0,126.0,40.04163056034261,40.64336326617396,12.955905123246042,12.42119639234239,0.284322930828933,1.3352025811142159,0.9545454545454546,0.7455621301775148,1,12.666024736934256,48,296,61,309,0.9585198945042412,1.043048086030851,76.50147269281852,0.0,False,0.1267973890099379,0.05882352963089943,0.12364619629281627,0.0117647061124444,0.49803921580314636,15.976471015252173,61.07136703731737,4.931050996857385,0.37411327241863446,0.19701689522972488,0.3149036210258963,0.039007406012741885,41.410983283363684,80.73175079127105,5.670173056182325
2246874c8b5ba218d01ad8153a201ad4660195f3e4c65da6b9d4ccaf82cb7edf,27,53.7972972972973,100.02027027027027,148.0,166.0,148.0,51.21320343559643,51.23467849039875,18.67077270466313,10.956073913380953,0.8097294031239228,1.4201953310010496,0.891566265060241,0.7081339712918661,1,13.727325035155395,49,90,60,109,0.7085060268881492,1.7041481147603434,81.3711985505451,0.0,False,0.22604664133207217,0.21960784494876862,0.07726344512199144,0.0784313753247261,0.42352941632270813,33.45490291714668,35.6252848560964,4.545854667886279,0.20377704195609797,0.08718750822766992,0.5699792796192553,0.0076266205865356835,17.23083099680192,54.019738715390886,7.225882632702733
2246874c8b5ba218d01ad8153a201ad4660195f3e4c65da6b9d4ccaf82cb7edf,28,53.86868686868687,14.030303030303031,198.0,230.0,198.0,66.5269119345812,65.75298453161076,29.595043863583797,9.138903861826437,0.9511274958343081,1.146332992245994,0.8608695652173913,0.495,1,15.877702285203682,46,2,62,27,0.575498391017711,3.2383581566278936,65.68004237229837,0.0,False,0.18714597405433053,0.15294118225574493,0.1057251563795165,0.01568627543747425,0.46666666865348816,37.054902862757444,51.04024075813393,5.393292911801243,0.19790570161454962,0.09381940448711534,0.3810820685881283,0.008828618121083865,29.15099683797486,72.92948467829301,7.243450262992944
2246874c8b5ba218d01ad8153a201ad4660195f3e4c65da6b9d4ccaf82cb7edf,29,55.464285714285715,110.96428571428571,56.0,65.0,56.0,28.31370849898476,29.917295020836,11.041747834091119,6.8689042491994785,0.7829498172959499,0.8699028211193177,0.8615384615384616,0.6222222222222222,1,8.444016491289505,51,106,60,116,0.7862365746981625,1.6074977075678345,49.84176023666072,0.0,False,0.2861344598765884,0.27450981736183167,0.0831856153882138,0.13725490868091583,0.4470588266849518,16.02352975308895,43.46416500439561,5.041143134770246,0.1941123385691018,0.1324783076392937,0.6392725693097884,0.017639309975958983,15.077396829067734,71.85093317972348,5.941717379398016
2246874c8b5ba218d01ad8153a201ad4660195f3e4c65da6b9d4ccaf82cb7edf,30,63.67915690866511,233.672131147541,427.0,495.0,427.0,98.84671708797583,98.48654963489443,42.01471750358994,13.852882570633007,0.9440805150773097,0.8821835221321734,0.8626262626262626,0.4173998044965787,1,23.31680264534386,50,218,81,251,0.5532021937419084,3.032922374774024,50.545392574159386,0.0,False,0.2951462629493282,0.29411765933036804,0.07533699919244648,0.10588235408067703,0.4901960790157318,126.02745427936316,24.95037937405587,3.6347502931801228,0.2669838022872511,0.07466891963322539,0.6088465234414637,0.005616719504818217,15.64908128443842,34.25167746367332,7.837819657684375
2246874c8b5ba218d01ad8153a201ad4660195f3e4c65da6b9d4ccaf82cb7edf,31,67.52255639097744,91.04887218045113,266.0,286.0,266.0,64.2842712474619,63.62682783754609,25.26143630742615,13.614784294052098,0.842334383734144,1.3642084198677238,0.9300699300699301,0.7093333333333334,1,18.403307281560924,60,79,75,104,0.8256784642171365,1.8554415378040277,78.16338483463154,0.0,False,0.15833702347682496,0.125490203499794,0.09555224372126239,0.0117647061124444,0.40392157435417175,42.117648244835436,38.36534128912792,4.2547133016252845,0.28622197849752223,0.10304427487830019,0.5615163329701136,0.01069379994163361,20.129818775930083,56.60086380232576,7.229438400753265
2246874c8b5ba218d01ad8153a201ad4660195f3e4c65da6b9d4ccaf82cb7edf,32,67.64566929133858,53.09055118110236,254.0,269.0,254.0,68.04163056034261,67.18902783729251,29.60453665312827,11.212264616950556,0.9255052915549953,1.5237248678417619,0.9442379182156134,0.8246753246753247,1,17.983404693292407,63,39,74,67,0.7070446916875848,2.6403708496473155,87.3030040664621,0.0,False,0.10935618655066791,0.08235294371843338,0.08602420494086206,0.007843137718737125,0.3960784375667572,27.776471383869648,34.32429971701037,3.849290719514502,0.30693040619857664,0.11834748718257834,0.5076191045519365,0.014101310122022091,21.873800031464327,46.77479940255641,6.852298957440625
2246874c8b5ba218d01ad8153a201ad4660195f3e4c65da6b9d4ccaf82cb7edf,33,72.47085201793722,183.4798206278027,223.0,235.0,223.0,55.698484809834994,55.48699187852813,20.582644824454395,13.852946609515547,0.7396059357340682,0.9467168741488586,0.948936170212766,0.6904024767801857,1,16.85029431422316,65,174,82,193,0.9101906399164856,1.4857954343313673,54.24288128254751,0.0,False,0.3740262083475365,0.38823530077934265,0.08426324600163809,0.10980392247438431,0.49803921580314636,83.40784446150064,31.245265901193534,3.8920831150962165,0.26593046802834774,0.08635710787763778,0.6296714053112635,0.007482316735980115,17.323839645819373,45.1666921565677,7.402739740002097
2246874c8b5ba218d01ad8153a201ad4660195f3e4c65da6b9d4ccaf82cb7edf,34,75.22522522522523,222.02702702702703,111.0,133.0,111.0,45.45584412271571,47.117118123382525,14.342816669557415,11.696651295928019,0.5787487913902192,-1.5484560887406789,0.8345864661654135,0.578125,1,11.888212206450685,69,213,81,229,0.6283120720511522,1.2262327316323955,-88.71999864617577,0.0,False,0.4570570663288907,0.4745098054409027,0.059659002709693106,0.2705882489681244,0.545098066329956,50.73333436250687,45.52580288555289,4.94066707551508,0.21727821348368673,0.10757987392641832,0.49623777843649575,0.011585849129261246,24.79755820985056,66.25404756125522,6.660034255171977
2246874c8b5ba218d01ad8153a201ad4660195f3e4c65da6b9d4ccaf82cb7edf,35,83.40677966101696,285.0726392251816,413.0,454.0,413.0,108.46803743153546,105.51566485937279,51.61894195148185,10.44795066394036,0.9793018274164389,1.0332688093269058,0.9096916299559471,0.35119047619047616,1,22.93137440223813,70,264,98,306,0.4661503730243503,4.94058056089769,59.20194187693949,0.0,False,0.3401130019319548,0.3490196168422699,0.08048760300299086,0.13725490868091583,0.5098039507865906,140.46666979789734,27.71690488486876,3.899049650787614,0.25237728242839463,0.07158782191782806,0.6584946174377212,0.0051530982355524335,18.05783639924891,37.37597337048861,7.956657359706934
2246874c8b5ba218d01ad8153a201ad4660195f3e4c65da6b9d4ccaf82cb7edf,36,78.18840579710145,41.78260869565217,69.0,84.0,69.0,33.7634559672906,37.17644804144202,11.57901825868642,8.828112930912251,0.6470786364447612,0.23966829308188184,0.8214285714285714,0.5307692307692308,1,9.373021315815206,73,37,86,47,0.6273691625242914,1.3116074011855559,13.731981676696295,0.0,False,0.26973572762116144,0.25882354378700256,0.0806447284319834,0.15294118225574493,0.4470588266849518,18.611765205860138,50.48758677468104,5.4232124204038215,0.18685444091364645,0.12256789335702503,0.536401044413046,0.015049787721785324,21.275205641788272,79.69996790757381,6.232655099721484
2246874c8b5ba218d01ad8153a201ad4660195f3e4c65da6b9d4ccaf82cb7edf,37,82.96774193548387,254.90322580645162,186.0,219.0,186.0,61.56244584051393,63.5315430625316,23.32447193989339,10.759159109160226,0.887253579730314,0.9840546905140785,0.8493150684931506,0.5210084033613446,1,15.389040103942165,75,246,92,267,0.5790872472125049,2.1678712716531163,56.3821805765091,0.0,False,0.2814252656153453,0.2803921699523926,0.08468803427785013,0.0784313753247261,0.4627451002597809,52.34509940445423,36.396595980304824,4.663762634825115,0.19494495790505814,0.07889309273214164,0.5646378237819982,0.006242093287349763,16.299860666261722,56.493331294347925,7.5154982394970276
2246874c8b5ba218d01ad8153a201ad4660195f3e4c65da6b9d4ccaf82cb7edf,38,77.49193548387096,53.67741935483871,124.0,144.0,124.0,47.31370849898476,47.537725469539154,17.38981742337752,10.251320273961166,0.8077674153009673,1.1435629741919826,0.8611111111111112,0.6458333333333334,1,12.565098628628435,73,45,85,61,0.6895325188772102,1.6963490515020265,65.52133202862849,0.0,False,0.18172043537901295,0.1666666716337204,0.05857185825596191,0.08627451211214066,0.4117647111415863,22.533333986997604,18.459481213555673,2.9175885887993243,0.35755014881929026,0.1744565719492338,0.5421874683321836,0.03071863097362378,8.686525959432512,28.232436467678838,5.8448606774744905
2246874c8b5ba218d01ad8153a201ad4660195f3e4c65da6b9d4ccaf82cb7edf,39,81.31746031746032,65.9920634920635,126.0,149.0,126.0,51.21320343559643,52.57543702106599,17.08589528224826,10.494818598978384,0.7891202595380369,0.8412891015210364,0.8456375838926175,0.5625,1,12.666024736934256,74,60,88,76,0.572815322304788,1.628031501555585,48.202314867508434,0.0,False,0.2704948706641084,0.2450980395078659,0.07705367228205152,0.10980392247438431,0.4470588266849518,34.082353703677654,43.33674243681446,4.903086604224676,0.21281376075041833,0.10496849075856078,0.40360830526813485,0.011029101825660206,22.35151034746722,64.32197452616171,6.786953030702129
2246874c8b5ba218d01ad8153a201ad4660195f3e4c65da6b9d4ccaf82cb7edf,40,81.84782608695652,48.130434782608695,46.0,50.0,46.0,24.242640687119284,25.66498163270662,8.984264231961035,6.905342305343952,0.6397247382148737,1.476385759421134,0.92,0.8214285714285714,1,7.653039857325812,79,45,86,53,0.8775781065806114,1.3010599380436554,84.5906729480479,0.0,False,0.2878942962573922,0.2823529541492462,0.06889887289025436,0.18039216101169586,0.45098039507865906,13.243137627840042,48.51709734437052,5.5805804859429164,0.17466923713618976,0.16670186599560127,0.49613851284624033,0.028083454933297405,19.015534001602113,78.01866068713895,5.3273588669081295
2246874c8b5ba218d01ad8153a201ad4660195f3e4c65da6b9d4ccaf82cb7edf,41,85.6470588235294,121.13071895424837,153.0,163.0,153.0,48.62741699796952,48.78319922519191,17.842948360652468,11.248382718734641,0.7762619084604677,1.1194379359544804,0.9386503067484663,0.6923076923076923,1,13.957279475043833,80,112,93,129,0.8079058233959078,1.5862678935109764,64.13906915702788,0.0,False,0.302217101982606,0.29411765933036804,0.10174433941863915,0.09019608050584793,0.48627451062202454,46.23921660333872,55.96661152354122,5.652154795596024,0.18394911242182355,0.08521396207018694,0.48994842523861826,0.007282303066032151,29.14436769911802,82.78885534796441,7.317330373823909
2246874c8b5ba218d01ad8153a201ad4660195f3e4c65da6b9d4ccaf82cb7edf,42,89.42105263157895,246.5921052631579,76.0,80.0,76.0,31.556349186104043,32.59881208217049,10.949297049814419,9.261326789036149,0.5334405387558302,-1.3058853045794467,0.95,0.6909090909090909,1,9.83698151873187,86,242,96,253,0.8987106896960215,1.182260090722265,-74.82171648055834,0.0,False,0.3643962927162647,0.3607843220233917,0.05490477061815687,0.24705882370471954,0.4745098054409027,27.69411824643612,64.65092124933707,6.258338543465285,0.14936377134040826,0.11543611233948875,0.2968636689784242,0.013397753677231783,40.330432924206065,88.9714095744681,6.38821784121629
2246874c8b5ba218d01ad8153a201ad4660195f3e4c65da6b9d4ccaf82cb7edf,43,96.17307692307692,254.93269230769232,104.0,114.0,104.0,39.45584412271571,40.08800289890416,14.76791689692517,9.230547612343317,0.7805922434432704,1.0013932976981286,0.9122807017543859,0.6190476190476191,1,11.507254783503184,91,248,103,262,0.8132318157685944,1.5998960751989564,57.37560959079038,0.0,False,0.31021871088215935,0.30980393290519714,0.0689625911758359,0.18431372940540314,0.4588235318660736,32.262745931744576,61.12977468869975,5.990249151795353,0.17670326532738354,0.10085144693902853,0.4015368313471056,0.010227741258896465,25.469499441954827,96.79004993544469,6.797873374399194
2246874c8b5ba218d01ad8153a201ad4660195f3e4c65da6b9d4ccaf82cb7edf,44,106.62849872773536,290.1246819338422,393.0,415.0,393.0,79.49747468305833,78.04984910374364,31.55490653810661,16.039991102616355,0.861168244318219,0.7913838968637222,0.946987951807229,0.6046153846153847,1,22.36924542940416,94,278,120,303,0.8106964641915745,1.9672645911230928,45.34295726490771,0.0,False,0.31999202523826037,0.32156863808631897,0.07570589513218857,0.08627451211214066,0.5098039507865906,125.75686591863632,22.512164702102964,3.514767407887102,0.2673367974885017,0.08146615264011398,0.571180438350022,0.006690525363070788,13.450832151491294,31.57349725271464,7.6433322392656615
2246874c8b5ba218d01ad8153a201ad4660195f3e4c65da6b9d4ccaf82cb7edf,45,99.63758389261746,137.1006711409396,149.0,167.0,149.0,53.4558441227157,54.701593715130684,21.691350317816596,9.141697482536491,0.9068542564683684,-1.546208698772078,0.8922155688622755,0.6772727272727272,1,13.773623058786647,95,128,105,150,0.625743249732031,2.372792400892053,-88.59123268605491,0.0,False,0.3062245103736852,0.29411765933036804,0.0877794465466924,0.14509804546833038,0.5058823823928833,45.62745204567909,54.970508145615185,5.716098130218548,0.1777320517031627,0.08579149614824486,0.4374727928082968,0.007387150325057865,34.111369966681096,75.82964632454926,7.272098652135578
2246874c8b5ba218d01ad8153a201ad4660195f3e4c65da6b9d4ccaf82cb7edf,46,104.88118811881188,265.0990099009901,101.0,123.0,101.0,41.04163056034261,47.117118123382525,15.590559317283285,8.71309871574093,0.8292551598881801,0.7666449891450035,0.8211382113821138,0.48095238095238096,1,11.340070282773887,97,258,112,272,0.5717073808753728,1.7893243065314588,43.925522262861506,0.0,False,0.4537759718328419,0.45490196347236633,0.036435469388572075,0.37254902720451355,0.529411792755127,45.831373155117035,44.00555955461446,5.150060905876386,0.1970499190917846,0.10138195018576636,0.4872697229830649,0.01029518955722047,19.284911924600706,68.72620718462821,6.74570219549207
2246874c8b5ba218d01ad8153a201ad4660195f3e4c65da6b9d4ccaf82cb7edf,47,107.64255319148936,205.2,235.0,260.0,235.0,63.35533905932738,63.53154306253159,19.32977130123561,16.033446123280804,0.5585527491580188,-1.5589968708784678,0.9038461538461539,0.6283422459893048,1,17.297725082009,100,194,117,216,0.7316424897577349,1.2055905606698296,-89.32394097543796,0.0,False,0.33047977349859603,0.34117648005485535,0.08546997274370444,0.14901961386203766,0.4901960790157318,77.66274677217007,35.3683417638161,4.525878232465177,0.21637131765967862,0.07385238713260238,0.6651548313330156,0.0055027029188138435,13.082904393652523,57.65377913397967,7.7404281837740125
2246874c8b5ba218d01ad8153a201ad4660195f3e4c65da6b9d4ccaf82cb7edf,48,111.5240506329114,236.29620253164558,395.0,419.0,395.0,76.8700576850888,75.55890159243812,27.111511151058426,18.86792258737407,0.7181021683710013,1.195724862825535,0.9427207637231504,0.7523809523809524,1,22.42609239636699,101,225,122,250,0.8694321345104074,1.4369102388198662,68.50998809876246,0.0,False,0.33316456479362294,0.33725491166114807,0.07528467127371952,0.13333334028720856,0.49803921580314636,131.60000309348106,42.452113538951764,4.932258232393065,0.20489336136143163,0.06976167169978,0.452791790719418,0.00489537115670014,22.20234855115885,62.70187852674467,8.064674836758261
2246874c8b5ba218d01ad8153a201ad4660195f3e4c65da6b9d4ccaf82cb7edf,49,108.99489795918367,54.1530612244898,196.0,212.0,196.0,57.698484809834994,57.38311077646517,22.483923295266752,11.261999237342685,0.8655102595860433,1.252150237077111,0.9245283018867925,0.6853146853146853,1,15.797308339337176,103,43,116,65,0.7479933890830297,1.9964415572604786,71.74292390082391,0.0,False,0.38465386857183614,0.38823530077934265,0.05651431250089298,0.23529411852359772,0.501960813999176,75.39215824007988,42.36124313485962,5.073535186872105,0.18333598806496665,0.0797652727439111,0.4314018501869042,0.006375955281562831,22.069671858416907,62.65281441130232,7.5236772782966375
2246874c8b5ba218d01ad8153a201ad4660195f3e4c65da6b9d4ccaf82cb7edf,50,120.08029197080292,258.2226277372263,274.0,309.0,274.0,69.2842712474619,68.7598241640874,25.419426086366858,14.124332368852231,0.8314155650694828,0.5510770912996972,0.8867313915857605,0.6008771929824561,1,18.677998695187732,108,249,132,268,0.7282674708978012,1.7996904506738456,31.574391517818185,0.0,False,0.3748103704330695,0.3607843220233917,0.05707475798619192,0.26274511218070984,0.5215686559677124,102.69804149866104,31.442832683189,4.174556976407947,0.24311241934372063,0.08642975324284499,0.5614453758399955,0.007505970714776125,16.573461156690577,46.31220420968742,7.505248719530112
2246874c8b5ba218d01ad8153a201ad4660195f3e4c65da6b9d4ccaf82cb7edf,51,118.18,209.58,50.0,61.0,50.0,26.520815280171306,29.917295020836008,9.424721213817362,7.546776135663561,0.5990085360368226,0.5831368401985348,0.819672131147541,0.5555555555555556,1,7.978845608028654,114,204,123,214,0.7019969416947877,1.2488407028902389,33.41127982197077,0.0,False,0.4822745186090469,0.48627451062202454,0.0264290517789222,0.4156862795352936,0.529411792755127,24.113725930452347,52.38466372718648,5.5279476395123535,0.17989010216810386,0.14364144085595948,0.24559851641195374,0.02078302023820694,33.12588024940399,71.64344720496896,5.696324961614578
2246874c8b5ba218d01ad8153a201ad4660195f3e4c65da6b9d4ccaf82cb7edf,52,115.42424242424242,214.12121212121212,33.0,37.0,33.0,21.27817459305202,23.99890053089723,9.703173907907587,4.479616639908089,0.8870543084597798,0.2855853291313809,0.8918918918918919,0.66,1,6.4820448144285745,111,212,121,217,0.7200142843915274,2.166072386968067,16.362834050082647,0.0,False,0.40285205570134247,0.4000000059604645,0.03412294067493413,0.33725491166114807,0.48627451062202454,13.294117838144302,91.40419146825397,7.553074318495515,0.10762384935288398,0.1889956212016679,0.0033969670913947536,0.03706667199245536,47.863095238095234,134.94528769841267,4.914426776653234
2246874c8b5ba218d01ad8153a201ad4660195f3e4c65da6b9d4ccaf82cb7edf,53,126.41098901098901,64.55604395604395,455.0,473.0,455.0,81.01219330881975,79.48589240942536,29.90718272614027,19.51034927818583,0.7579063842190464,-0.8199266837359483,0.9619450317124736,0.7,1,24.069150231250354,114,53,140,78,0.9049845222019801,1.5328881251541175,-46.97833848822768,0.0,False,0.3030812397435471,0.29411765933036804,0.08907956003790622,0.0941176488995552,0.4941176474094391,137.90196408331394,25.161534687135095,3.9110608938038602,0.226956372660238,0.06847770917457048,0.6831339422209095,0.004734347264726681,10.84054781964701,39.48252155462318,8.048779023810347
2246874c8b5ba218d01ad8153a201ad4660195f3e4c65da6b9d4ccaf82cb7edf,54,122.39583333333333,148.5648148148148,432.0,509.0,432.0,95.84062043356595,93.54412285838208,28.162644185848627,22.10485571060494,0.6196226245430504,0.734278312067039,0.8487229862475442,0.5934065934065934,1,23.452920571340155,106,137,134,163,0.6203840115476832,1.2740478632637002,42.07104826943132,0.0,False,0.2426198317186424,0.2235294133424759,0.09105153961782275,0.0470588244497776,0.49803921580314636,104.81176730245352,38.787922901751934,4.770224737699186,0.20094806721514163,0.07016685690459466,0.4438885535968064,0.004952459295706071,21.629224947459015,55.94662085604485,8.026555721557187
2246874c8b5ba218d01ad8153a201ad4660195f3e4c65da6b9d4ccaf82cb7edf,55,147.8846153846154,311.67692307692306,260.0,274.0,260.0,59.62741699796952,59.604552245544355,20.56879400341481,16.241308378959857,0.6136101019932687,0.09731131480665807,0.948905109489051,0.8125,1,18.19456736586892,138,304,158,320,0.919653763090009,1.266449323138343,5.575527637290424,0.0,True,0.2749170501071673,0.2607843279838562,0.10370654201316666,0.07450980693101883,0.5058823823928833,71.4784330278635,33.25028497352791,4.327815944798364,0.22424614292041178,0.07842633783096306,0.6276937275122147,0.006186221484671951,14.394178301453568,52.10639164560225,7.691289844281507
2246874c8b5ba218d01ad8153a201ad4660195f3e4c65da6b9d4ccaf82cb7edf,56,151.08290155440415,65.86528497409327,193.0,234.0,193.0,63.11269837220809,67.87914122567548,21.22838691195927,12.886986738790785,0.7946530414240359,-0.6083596781261623,0.8247863247863247,0.603125,1,15.67594437773643,143,59,163,75,0.5263740791195634,1.6472731246056342,-34.856441982566324,0.0,False,0.4441328916524976,0.4470588266849518,0.03684661718907587,0.3294117748737335,0.5372549295425415,85.71764808893204,35.95442421934462,4.517430448239849,0.2141356868310468,0.09652268454953385,0.29045225736297936,0.009375938797015156,18.79735001275418,53.11149842593505,7.147336124019903
2246874c8b5ba218d01ad8153a201ad4660195f3e4c65da6b9d4ccaf82cb7edf,57,163.16379310344828,69.51724137931035,116.0,122.0,116.0,40.97056274847714,41.5240462045859,16.22958783014754,9.330756853187257,0.8182077991103031,-0.499917010554984,0.9508196721311475,0.703030303030303,1,12.153015559492998,155,64,170,75,0.845412221887619,1.739364564473003,-28.643134811597612,0.0,False,0.20811359597177342,0.1823529452085495,0.10314330390700868,0.04313725605607033,0.42352941632270813,24.141177132725716,77.253024279172,6.83493505337131,0.13980394572061017,0.09233464895436462,0.3294281524455412,0.008535516934539586,37.26788261775486,117.23816594058911,7.028734735316387
2246874c8b5ba218d01ad8153a201ad4660195f3e4c65da6b9d4ccaf82cb7edf,58,171.79,51.64,300.0,327.0,300.0,74.52691193458118,73.33746012335894,30.506352618366144,12.902580488306928,0.9061542657096862,-0.17568051413698701,0.9174311926605505,0.7389162561576355,1,19.544100476116796,158,45,187,59,0.7009376506121446,2.364360574693782,-10.06575200273775,0.0,False,0.3815294185777505,0.39411765336990356,0.07459773396471603,0.14901961386203766,0.5137255191802979,114.45882557332516,25.805267429058333,3.810349442545469,0.24294838963463253,0.07774493757398546,0.6433002797459538,0.0061348996839459035,12.37466819123338,39.23586666688328,7.663597107428331
2246874c8b5ba218d01ad8153a201ad4660195f3e4c65da6b9d4ccaf82cb7edf,59,170.30333333333334,283.83,600.0,733.0,600.0,109.87615433949868,112.9653874300078,33.77931438555102,24.8581980145584,0.6770902197471727,0.5465024618841118,0.8185538881309686,0.5405405405405406,1,27.63953195770684,153,269,190,299,0.5908405886371979,1.3588802521312242,31.312284559468743,0.0,False,0.39575164154171943,0.40784314274787903,0.076006270808428,0.1725490242242813,0.545098066329956,237.45098492503166,26.09378673768286,3.7409270627590234,0.26819091511344023,0.06989047551593416,0.654877266934448,0.004940741286886296,14.428728603220193,37.75884487214552,8.0825682117201
2246874c8b5ba218d01ad8153a201ad4660195f3e4c65da6b9d4ccaf82cb7edf,60,177.6583850931677,66.14285714285714,161.0,182.0,161.0,51.7634559672906,52.34539922493833,17.649008091433828,12.035486377950049,0.7314122500435417,0.008861088530666526,0.8846153846153846,0.706140350877193,1,14.317526556719258,169,61,188,73,0.7383779300406215,1.466414196917558,0.5077029746989719,0.0,False,0.3406162528517824,0.3607843220233917,0.09326006446685989,0.1411764770746231,0.4901960790157318,54.83921670913696,40.64786047625297,4.8953005319947716,0.19239112578458636,0.08063723706720868,0.6524881519946204,0.006518419265634263,20.107338999356514,61.18838195314944,7.4425899071448445
2246874c8b5ba218d01ad8153a201ad4660195f3e4c65da6b9d4ccaf82cb7edf,61,198.1138613861386,264.4138613861386,1010.0,1104.0,1010.0,146.95331880577405,142.00199951243187,47.20876998736152,28.21592743701504,0.8017317580962129,-0.22827161166441967,0.9148550724637681,0.6932052161976664,1,35.86045091995518,174,250,221,281,0.6294225795039118,1.6731248722106769,-13.07899993102054,0.0,False,0.3597825758380465,0.3588235378265381,0.11180745165733934,0.07450980693101883,0.5607843399047852,363.38040159642696,15.409701650169827,2.8237596584892737,0.3293918652764783,0.06944771803123131,0.836255948896577,0.004921899394390023,6.827628166784201,23.991775133555453,8.087985269166332
2246874c8b5ba218d01ad8153a201ad4660195f3e4c65da6b9d4ccaf82cb7edf,62,182.044776119403,127.96019900497512,201.0,207.0,201.0,50.04163056034261,50.12395775585915,17.24366992494829,14.846190368976329,0.5086647803176544,-0.25349775430776417,0.9710144927536232,0.788235294117647,1,15.99753570059363,174,121,191,136,1.0,1.1614878629727063,-14.52435143787917,0.0,False,0.392469034266116,0.38823530077934265,0.050447621543090355,0.2862745225429535,0.5137255191802979,78.88627588748932,33.33614743445583,4.175991701305479,0.2440346595398412,0.08252712368120949,0.5780513827108735,0.006843861453267221,17.710223968114356,48.96207090079731,7.470231213769548
2246874c8b5ba218d01ad8153a201ad4660195f3e4c65da6b9d4ccaf82cb7edf,63,203.31147540983608,71.54098360655738,183.0,197.0,183.0,54.04163056034261,53.91619555173324,20.844172480353226,11.464667285962737,0.8351528878216112,-0.18566580675878658,0.9289340101522843,0.6703296703296703,1,15.26443044094783,192,65,213,78,0.7910837692357683,1.8181227558059792,-10.637867127169985,0.0,False,0.16440587625151776,0.12156862765550613,0.10151926405795583,0.03921568766236305,0.45098039507865906,30.086275354027748,48.69442332694763,4.816467749361069,0.27702401376200847,0.11289702507591365,0.4275175915142822,0.012812331132430686,29.149273492996844,68.23957316089842,6.80399633565084
2246874c8b5ba218d01ad8153a201ad4660195f3e4c65da6b9d4ccaf82cb7edf,64,214.51351351351352,161.27027027027026,222.0,241.0,222.0,58.8700576850888,58.49383151100476,19.342064094296912,14.890329325991686,0.6382347623676,1.0513288927665052,0.921161825726141,0.7302631578947368,1,16.812470934731934,207,152,223,171,0.815347415403897,1.2989681873949248,60.23670843568265,0.0,False,0.4604310256403846,0.4588235318660736,0.03648475729215308,0.3607843220233917,0.5333333611488342,102.21568769216537,49.140810391061365,5.353217910795092,0.1851910172879933,0.07945833870074698,0.32537477145383503,0.006316312194844303,30.565798601775676,67.71582218034705,7.573910938605299
2246874c8b5ba218d01ad8153a201ad4660195f3e4c65da6b9d4ccaf82cb7edf,65,218.844,246.164,250.0,339.0,250.0,79.49137802864846,86.05493204164841,25.689821343288976,15.143492574366528,0.8077870427383212,0.4965423423855295,0.7374631268436578,0.5434782608695652,1,17.841241161527712,207,238,230,258,0.42422703413329615,1.696426449653647,28.449780568230732,0.0,False,0.4152470653057098,0.42352941632270813,0.059910922643074724,0.250980406999588,0.5176470875740051,103.81176632642746,36.04760515196932,4.567806493750462,0.20767318912659755,0.07734711197097449,0.5911769121849986,0.006035192984214619,16.169085141019096,55.926125162919554,7.691498478241938
2246874c8b5ba218d01ad8153a201ad4660195f3e4c65da6b9d4ccaf82cb7edf,66,215.58620689655172,301.6620689655172,145.0,168.0,145.0,53.90559159102155,55.71702967465578,21.840742108175128,8.97898250646825,0.9115850204946024,-1.0336568761226301,0.8630952380952381,0.4603174603174603,1,13.58748446131949,208,291,223,312,0.5869511458418346,2.432429519986431,-59.224176466503664,0.0,False,0.42758621306254946,0.4274509847164154,0.047221746208088035,0.29019609093666077,0.5176470875740051,62.00000089406967,48.8548351084828,5.4291742912436805,0.17039869311954703,0.08785309140288661,0.35820219252929786,0.0077241889437425475,20.85824419201017,76.85142602495543,7.170619879601389
2246874c8b5ba218d01ad8153a201ad4660195f3e4c65da6b9d4ccaf82cb7edf,67,222.61022927689595,132.31922398589066,567.0,618.0,567.0,99.46194077712559,102.14403440965535,34.2162900057144,21.35942087001975,0.7812269320885206,0.7284522615597372,0.9174757281553398,0.6307007786429366,1,26.86869594648831,209,118,238,149,0.68291540311277,1.6019296690642324,41.73724016413288,0.0,False,0.39399661822819415,0.3960784375667572,0.059430468293067085,0.14509804546833038,0.5490196347236633,223.39608253538609,17.931530313965464,3.081521381518969,0.3093016660072259,0.10265790592463118,0.49171375762332836,0.010668210599887797,8.921810812674535,26.941249815256395,7.2413367022940935
2246874c8b5ba218d01ad8153a201ad4660195f3e4c65da6b9d4ccaf82cb7edf,68,221.21917808219177,195.1917808219178,292.0,302.0,292.0,61.941125496954285,61.40538636846691,21.575514414543708,17.350230144318573,0.5944088562194177,0.8222930075842234,0.9668874172185431,0.73,1,19.281751659604673,212,186,232,206,0.9731499816840689,1.2435290042310319,47.113918857695,0.0,False,0.24288208915354453,0.21176470816135406,0.0868202915319473,0.0784313753247261,0.5098039507865906,70.921570032835,30.643517164168,3.5780634764727144,0.3579980848562151,0.12754094467366084,0.44697799387068793,0.016425572626717504,17.935350540181894,43.3516837881541,6.7319532965260915
2246874c8b5ba218d01ad8153a201ad4660195f3e4c65da6b9d4ccaf82cb7edf,69,233.50833333333333,156.19375,480.0,520.0,480.0,87.39087296526012,85.72960947050628,29.447441521977456,21.237069439196954,0.6927419405152689,-0.019170983154217003,0.9230769230769231,0.7523510971786834,1,24.721548929484133,220,146,249,168,0.8207094057204555,1.386605699354485,-1.098416423853033,0.0,False,0.33634804701432586,0.33725491166114807,0.07712459666429601,0.14509804546833038,0.501960813999176,161.4470625668764,30.842611501855423,4.172099120736806,0.2288815734292076,0.0641219266125833,0.6262384240524612,0.0041458050366007144,14.030316721605917,47.65490628210493,8.217522663829318
2246874c8b5ba218d01ad8153a201ad4660195f3e4c65da6b9d4ccaf82cb7edf,70,225.5483870967742,289.5698924731183,93.0,98.0,93.0,35.21320343559643,36.065727306902424,13.27399559845595,9.065320965369118,0.7304759940240625,-0.9222966202550967,0.9489795918367347,0.6503496503496503,1,10.881694613449236,221,284,232,297,0.8984696745744047,1.4642609620955065,-52.84370379979704,0.0,False,0.45671516945285184,0.4588235318660736,0.04831947362151013,0.37254902720451355,0.5490196347236633,42.47451075911522,72.87018100340848,6.769547049101093,0.13741285752130405,0.0992636291780627,0.436453268195952,0.009859759237628083,29.44176321138211,116.29859879543484,6.77585781518553
2246874c8b5ba218d01ad8153a201ad4660195f3e4c65da6b9d4ccaf82cb7edf,71,225.08163265306123,74.13265306122449,98.0,108.0,98.0,36.55634918610404,37.731808408711814,12.157481756143152,10.422273853842544,0.5148630800394062,-1.0374792184530215,0.9074074074074074,0.6805555555555556,1,11.170383851240114,220,68,232,80,0.8650091444086473,1.1664903385417054,-59.44318054988929,0.0,False,0.3014005676520114,0.30392158031463623,0.0720666844774546,0.1725490242242813,0.4470588266849518,29.537255629897118,77.99228125400643,6.844393093744842,0.14171458790639085,0.09894679401637413,0.3029555913278081,0.00980117666572113,40.360495263361365,115.62406724465148,6.809638750541994
2246874c8b5ba218d01ad8153a201ad4660195f3e4c65da6b9d4ccaf82cb7edf,72,234.94326241134752,32.11347517730496,141.0,157.0,141.0,50.2842712474619,50.353995551986806,21.60279640424469,8.713604502524493,0.915043400261145,-0.5415900690439589,0.8980891719745223,0.5300751879699248,1,13.398760233979036,226,25,245,39,0.6988132039058538,2.4792032273195272,-31.0308251824177,0.0,False,0.29998610084149857,0.3019607961177826,0.09587160075734057,0.09019608050584793,0.47058823704719543,42.298040218651295,56.76327173777595,5.883152897318666,0.15180827147752957,0.08266014004002498,0.4798756722708975,0.0068455598151631585,28.490216354375264,85.03632712117664,7.32889308438895
2246874c8b5ba218d01ad8153a201ad4660195f3e4c65da6b9d4ccaf82cb7edf,73,238.00623052959503,274.54517133956386,321.0,345.0,321.0,71.35533905932738,70.3306204908823,27.697413590755836,14.97445632702603,0.8412511196708534,1.1209674724422098,0.9304347826086956,0.6497975708502024,1,20.216574731145414,229,262,248,288,0.8155038176348595,1.8496440195139041,64.22670514238604,0.0,False,0.35527457863185263,0.3529411852359772,0.08212818107592472,0.19607843458652496,0.5176470875740051,114.0431397408247,36.99073608253727,4.521424034677937,0.22887983653788876,0.0701335090689982,0.6480254158063236,0.0049512218116152,16.10182375392877,57.87964841114575,7.983056961325339
2246874c8b5ba218d01ad8153a201ad4660195f3e4c65da6b9d4ccaf82cb7edf,74,246.53968253968253,7.428571428571429,189.0,232.0,189.0,66.49137802864844,66.30834489888058,20.295691723645508,13.842625516230912,0.7313078878800134,-0.9039685303427694,0.8146551724137931,0.65625,1,15.512648837479231,238,0,256,16,0.5401760100455201,1.4661735737810846,-51.79358160128438,0.0,True,0.29069406286906946,0.2980392277240753,0.08852976370559029,0.12156862765550613,0.48235294222831726,54.941177882254124,28.565089650093352,4.028752738120835,0.23944461398209965,0.08480948804777176,0.7126453936523072,0.0072097370207582934,14.056685008624958,43.073494291561744,7.370924949072322
af6b6173c59450bc76b2cc461cf233921fbfdb6feb8dd6da03a0d44193221fd0,1,8.994652406417112,36.1283422459893,187.0,211.0,187.0,59.698484809834994,59.27922967440221,23.539126763780384,10.707513881870872,0.8905519626170858,0.4418038198375756,0.8862559241706162,0.5936507936507937,1,15.430353037616328,0,29,21,44,0.6687231650598872,2.1983746202407453,25.313494249451278,0.0,True,0.5119010332752677,0.5215686559677124,0.09791983519337694,0.3176470696926117,0.6941176652908325,95.72549322247505,43.469191230136715,5.200351878911015,0.17084360910736876,0.07881763393077042,0.6404719283642829,0.0062467347901240255,15.921600621600629,71.0167818386728,7.513031487530109
af6b6173c59450bc76b2cc461cf233921fbfdb6feb8dd6da03a0d44193221fd0,2,7.571428571428571,315.0408163265306,98.0,113.0,98.0,42.59188309203679,46.101682163857426,13.321424667496567,11.042715277349235,0.5593315801174236,0.7232429978544641,0.8672566371681416,0.593939393939394,1,11.170383851240114,1,309,16,320,0.5794318920408559,1.2063540834763176,41.43877133945005,0.0,True,0.3510204181075096,0.364705890417099,0.1366260673352316,0.125490203499794,0.6470588445663452,34.40000097453594,45.387136246811835,5.139327374139081,0.19383054281422074,0.10187745867589937,0.6028307236715755,0.010408770732310977,20.012406803355084,70.76186569026859,6.719003514377866
af6b6173c59450bc76b2cc461cf233921fbfdb6feb8dd6da03a0d44193221fd0,3,19.770731707317072,25.146341463414632,205.0,216.0,205.0,53.45584412271571,53.36083518446344,18.78177582265304,14.01924639005208,0.6654660023416831,0.7547485218304125,0.9490740740740741,0.7118055555555556,1,16.15593100600236,11,18,29,34,0.9047289520600647,1.3397136550778082,43.243904894620115,0.0,False,0.5928264207956268,0.5960784554481506,0.057247842988995906,0.4745098054409027,0.6901960968971252,121.52941626310349,39.69098455903188,4.989901903252543,0.1740595871604659,0.07313227780737105,0.6682777565743547,0.005358466875939908,14.233859057518668,65.1481100605451,7.7232312497780224
af6b6173c59450bc76b2cc461cf233921fbfdb6feb8dd6da03a0d44193221fd0,4,33.24590163934426,48.40163934426229,122.0,138.0,122.0,41.62741699796952,44.435601062048036,15.98929937199593,10.05266592547427,0.7776381549599677,0.4937370780375579,0.8840579710144928,0.580952380952381,1,12.463355264843006,26,43,41,57,0.7764394201104506,1.5905531418763006,28.289050760673437,0.0,False,0.5111861287570391,0.5058823823928833,0.09507565519138175,0.364705890417099,0.6901960968971252,62.364707708358765,72.32421596753244,6.736348231362985,0.13784965503552662,0.09761061458987755,0.48890964710214146,0.009550215761405436,29.713701294672465,114.93473064039239,6.987066831591083
af6b6173c59450bc76b2cc461cf233921fbfdb6feb8dd6da03a0d44193221fd0,5,43.161572052401745,4.0873362445414845,229.0,275.0,229.0,77.83452377915607,78.01038085764496,32.8428128275794,11.255172626047406,0.9394455535898759,-0.19874971415567147,0.8327272727272728,0.5612745098039216,1,17.075475271404667,31,0,65,12,0.4728686800901126,2.918019467029103,-11.38751980055149,0.0,True,0.36325028903099127,0.33725491166114807,0.09078993652616202,0.22745098173618317,0.6352941393852234,83.184316188097,35.56520973132284,4.351756434551079,0.2390649939472952,0.09441620855960524,0.5166054138385963,0.00898364387950537,16.590644565245626,54.539774897400044,7.185650285076231
af6b6173c59450bc76b2cc461cf233921fbfdb6feb8dd6da03a0d44193221fd0,6,43.77064220183486,57.12844036697248,109.0,121.0,109.0,39.384776310850235,40.4133254700463,13.979812457730949,10.079070055044172,0.6929629513157465,1.0815605597293674,0.9008264462809917,0.6606060606060606,1,11.780624362746345,39,50,50,65,0.8386624239705904,1.3870141175112294,61.968855360299735,0.0,False,0.41597410763075593,0.40784314274787903,0.11156644467437622,0.21176470816135406,0.6509804129600525,45.341177731752396,66.00529879095646,6.365987243891636,0.14865768907262067,0.09313218775180734,0.39441086029984884,0.008685172220294078,28.110076328311123,103.90052125360181,6.9850343388779415
af6b6173c59450bc76b2cc461cf233921fbfdb6feb8dd6da03a0d44193221fd0,7,50.07368421052632,314.85263157894735,190.0,202.0,190.0,56.69238815542512,57.018319959224364,22.67557675864071,11.167371464314957,0.8703211804982175,-0.014258623470835341,0.9405940594059405,0.8260869565217391,1,15.553633450087505,40,310,63,320,0.7344033201031035,2.0305205061996836,-0.8169589465450423,0.0,True,0.20175439060518616,0.1568627506494522,0.11409958762522657,0.09019608050584793,0.5529412031173706,38.33333421498537,32.542009096055814,3.6143882728991326,0.38856951934617706,0.17735389165337717,0.6098690423689024,0.03174119232948319,14.902170969889406,50.181847222222224,6.131014545755462
af6b6173c59450bc76b2cc461cf233921fbfdb6feb8dd6da03a0d44193221fd0,8,60.90944881889764,91.81889763779527,254.0,315.0,254.0,78.01219330881975,83.5081680014271,33.26594815853551,10.448046548690098,0.9493977384566108,0.8278481666912509,0.8063492063492064,0.40705128205128205,1,17.983404693292407,50,80,76,104,0.4577050120311084,3.183939505199291,47.432206029051336,0.0,False,0.538767971039757,0.5333333611488342,0.04255377174638339,0.45490196347236633,0.6549019813537598,136.84706464409828,28.979310308571478,4.122882159429583,0.23045506909923244,0.0913355215756804,0.6101183288941603,0.00843481799677601,11.740631089392277,46.217989527750674,7.355539148454061
af6b6173c59450bc76b2cc461cf233921fbfdb6feb8dd6da03a0d44193221fd0,9,67.27476038338658,309.0766773162939,313.0,326.0,313.0,64.8700576850888,64.18218820481589,21.56571945240248,18.54571811035404,0.5103565938969142,1.5058786791853855,0.9601226993865031,0.7844611528822055,1,19.963065333312567,58,299,77,320,0.9548280354484712,1.1628408953526785,86.28049277605749,0.0,True,0.24704630144487935,0.18039216101169586,0.15326466512583548,0.09803921729326248,0.6392157077789307,77.32549235224724,36.28962368845576,3.8637698585826215,0.38208668623434133,0.20339576026442802,0.6799709073761744,0.04161015018691304,15.624040354567736,56.955207022343785,6.454903802431716
af6b6173c59450bc76b2cc461cf233921fbfdb6feb8dd6da03a0d44193221fd0,10,94.65459610027855,20.07242339832869,359.0,390.0,359.0,74.18376618407356,73.01213755221679,24.99940851843084,18.66462606136633,0.665270169638348,0.799010864268104,0.9205128205128205,0.6799242424242424,1,21.37973331358283,84,9,106,33,0.8462802115637349,1.3394004485402895,45.77995030766263,0.0,False,0.2372275992273288,0.19607843458652496,0.11238047880241464,0.10980392247438431,0.5921568870544434,85.16470812261105,23.085136114905602,3.1889191706685933,0.359716935593481,0.12611776864573981,0.7016657716882453,0.016146417532439804,10.69962014100209,35.47065208880912,6.852834615193936
af6b6173c59450bc76b2cc461cf233921fbfdb6feb8dd6da03a0d44193221fd0,11,118.49818181818182,310.19272727272727,550.0,577.0,550.0,92.52691193458118,90.40253020479228,35.11758323146836,20.313387741452964,0.8157254803261081,0.029944788609662782,0.9532062391681109,0.8088235294117647,1,26.462837142006137,101,300,135,320,0.8456903636372373,1.7287900806326306,1.7157100057450978,0.0,True,0.2711943033608523,0.22745098173618317,0.13711425454250664,0.10980392247438431,0.6784313917160034,149.15686684846878,15.89374963989663,2.6371668888227786,0.404065186432886,0.12839036484635336,0.8137522398872947,0.0166716082022806,6.5108528676938136,25.276646412099446,6.946896964433835
af6b6173c59450bc76b2cc461cf233921fbfdb6feb8dd6da03a0d44193221fd0,12,111.0625,10.190625,320.0,348.0,320.0,70.94112549695427,70.33062049088231,22.756965458666205,18.314655794283258,0.5935550268846538,1.5000802724715905,0.9195402298850575,0.7272727272727273,1,20.185060176161283,102,0,122,22,0.8129633072995481,1.2425549087179444,85.9482685434567,0.0,True,0.16286765139084308,0.12941177189350128,0.0791546597079828,0.08627451211214066,0.45490196347236633,52.11764844506979,24.517475617776828,3.1048590832352203,0.41301209622007606,0.2117111095089512,0.6040385240934556,0.04512683628852804,12.42660781227579,36.608343423277866,6.045594837879171
af6b6173c59450bc76b2cc461cf233921fbfdb6feb8dd6da03a0d44193221fd0,13,130.86917960088692,24.02660753880266,451.0,501.0,451.0,88.42640687119285,87.30040579730117,33.47123191009532,17.58032304475832,0.8509561060227001,-0.24205396453327613,0.9001996007984032,0.6711309523809523,1,23.96311821686732,116,14,148,35,0.7436248272263642,1.9039031208288844,-13.868670582166038,0.0,False,0.29767402276363714,0.27843138575553894,0.1116348667188613,0.12941177189350128,0.615686297416687,134.25098426640034,25.56152433166038,3.592933567765151,0.2851274611736621,0.08077230628305263,0.6739976076147498,0.006614592809942359,11.366437871090763,39.75661079222999,7.671792202379652
af6b6173c59450bc76b2cc461cf233921fbfdb6feb8dd6da03a0d44193221fd0,14,131.4388111888112,91.9020979020979,572.0,609.0,572.0,99.74011537017762,98.02647404263914,32.417067667787904,22.912974002598673,0.7073952266346435,0.8376128206988002,0.9392446633825944,0.6574712643678161,1,26.986904594423443,116,78,146,107,0.7480301961692334,1.4147909243082686,47.99167949208941,0.0,False,0.2558755036052707,0.21960784494876862,0.1230754113072911,0.10196078568696976,0.6078431606292725,146.36078806221485,23.782448946735705,3.374006701612253,0.32709261655917354,0.10291507194768014,0.7116556347764592,0.010768931988205018,10.359725025312958,37.20517286815845,7.404885498012109
af6b6173c59450bc76b2cc461cf233921fbfdb6feb8dd6da03a0d44193221fd0,15,144.9746835443038,5.0928270042194095,237.0,248.0,237.0,62.04163056034262,61.50067114348139,23.23316067839696,13.690535791946088,0.8079383374583214,-0.10528393858218243,0.9556451612903226,0.7596153846153846,1,17.371176474327626,134,0,158,13,0.7874056010061952,1.697023478954318,-6.032325331273626,0.0,True,0.2082733570083284,0.1764705926179886,0.106549521268046,0.0941176488995552,0.572549045085907,49.360785610973835,23.171353299840383,3.068587559132948,0.38532507064189436,0.15588172108511555,0.6539080247751949,0.024679274668283582,11.156372705802312,35.186333893878455,6.370943428750136
af6b6173c59450bc76b2cc461cf233921fbfdb6feb8dd6da03a0d44193221fd0,16,146.8328530259366,66.20172910662824,347.0,361.0,347.0,69.698484809835,68.7598241640874,24.25062565359317,18.349059759315157,0.6538285471881162,-0.6849103183794241,0.961218836565097,0.7868480725623582,1,21.019374919894773,137,56,158,77,0.9222949357720329,1.3216277003666086,-39.2424705881025,0.0,False,0.19966096433164063,0.14901961386203766,0.12470928347956492,0.07450980693101883,0.5411764979362488,69.2823546230793,33.443080485357896,3.677328349827753,0.38462579442949174,0.16945337551522266,0.6591675297254391,0.029080049216229694,15.54329148118999,51.342869489525796,6.518752938740997
af6b6173c59450bc76b2cc461cf233921fbfdb6feb8dd6da03a0d44193221fd0,17,159.3579277864992,90.1585557299843,637.0,680.0,637.0,102.25483399593904,100.01787771559064,37.73003612051178,21.78592577209123,0.8164501125866309,0.869686723328534,0.9367647058823529,0.6434343434343435,1,28.479002615897535,144,74,174,107,0.8001916705774442,1.7318536983562887,49.82937874528671,0.0,False,0.20202543078870563,0.16862745583057404,0.10226212747646077,0.0784313753247261,0.5333333611488342,128.6901994124055,20.011677601930018,2.9231089777919705,0.38589604942955225,0.12070807110326484,0.7275776468522273,0.01473402028118645,9.142178063619852,30.88117714024019,7.143660728197064
af6b6173c59450bc76b2cc461cf233921fbfdb6feb8dd6da03a0d44193221fd0,18,163.67837837837837,118.09189189189189,370.0,419.0,370.0,83.59797974644667,81.9373716746322,31.013674211404705,15.922607389488016,0.8581458192743401,0.3714538202095387,0.883054892601432,0.6379310344827587,1,21.70480664627101,149,109,178,129,0.6925442540733548,1.9477761055566625,21.282736182017853,0.0,False,0.23447801396250725,0.2137254923582077,0.09323222939125524,0.10980392247438431,0.5372549295425415,86.75686516612768,24.783748473956358,3.495079261813391,0.31106729727838534,0.11222035921725543,0.6450934579235921,0.012773988259192742,11.13234465743036,38.43515229048236,7.15645473858841
af6b6173c59450bc76b2cc461cf233921fbfdb6feb8dd6da03a0d44193221fd0,19,176.239336492891,57.90047393364929,422.0,447.0,422.0,78.76955262170046,77.35973571536066,25.40587950514833,21.572910301361663,0.5281829081506685,-1.4658117103300035,0.9440715883668904,0.7672727272727272,1,23.179885415554555,166,46,188,71,0.8861196355265677,1.1776751096742257,-83.98482456276197,0.0,False,0.22082520754769516,0.16274510324001312,0.13653886241411003,0.0784313753247261,0.572549045085907,93.18823758512735,36.55837584985715,3.9269517884796725,0.36250819276111745,0.1585408800223968,0.6590384653589306,0.02536519840624058,16.315284174927967,56.80146752478633,6.839037462540992
af6b6173c59450bc76b2cc461cf233921fbfdb6feb8dd6da03a0d44193221fd0,20,187.35294117647058,112.92307692307692,442.0,462.0,442.0,80.5269119345812,79.02581681717005,24.947860593139495,23.032256152538427,0.384282191864873,-1.1845645310499422,0.9567099567099567,0.8371212121212122,1,23.722813466638858,177,101,199,125,0.8893939000551834,1.0831705078266918,-67.87054819005525,0.0,False,0.20497738114848935,0.1725490242242813,0.08821409098484269,0.0941176488995552,0.5333333611488342,90.6000024676323,19.027174953949185,2.8392331090525618,0.3891449292340497,0.13398341167427064,0.6610610096685082,0.0182133361199895,9.189943292731881,28.864406615166487,6.703989463763719
af6b6173c59450bc76b2cc461cf233921fbfdb6feb8dd6da03a0d44193221fd0,21,193.66946308724832,16.149328859060404,596.0,627.0,596.0,93.49747468305833,91.3226813893029,28.944754121108552,26.514571903460535,0.401085395350522,0.85572616353998,0.9505582137161085,0.7086801426872771,1,27.547246117573295,179,2,208,31,0.8980464791023471,1.0916545900305803,49.02949758976252,0.0,False,0.25246085692822134,0.1882352977991104,0.15399672546987284,0.09019608050584793,0.6274510025978088,150.4666707292199,28.997289608334057,3.4899302800479437,0.3879939588591558,0.16747314365934085,0.7520379505738799,0.028271914193990937,11.393439878376247,46.601139338291865,6.915857496367931
af6b6173c59450bc76b2cc461cf233921fbfdb6feb8dd6da03a0d44193221fd0,22,191.22985781990522,140.62796208530807,422.0,466.0,422.0,88.91168824543142,86.97508322615903,27.747664359177733,20.3591582594111,0.679446431801902,0.7699224073659378,0.9055793991416309,0.6242603550295858,1,23.179885415554555,178,129,204,155,0.7010235519506632,1.3629082305675024,44.113304494620316,0.0,False,0.35766193747379205,0.34117648005485535,0.10756890311628602,0.1764705926179886,0.6196078658103943,150.93333761394024,36.56025330558119,4.392719151403142,0.25254604014269855,0.07364329802811981,0.6176068209027393,0.005509027815771105,17.165118030424935,55.955388580737456,7.947907375550551
af6b6173c59450bc76b2cc461cf233921fbfdb6feb8dd6da03a0d44193221fd0,23,185.416,93.144,125.0,139.0,125.0,42.970562748477136,43.42016510252294,13.022224014016878,12.65389306611851,0.23615580036482356,-1.1304798444884077,0.8992805755395683,0.7396449704142012,1,12.6156626101008,180,87,193,100,0.8331763541815658,1.0291081128925132,-64.7717239137914,0.0,False,0.3853804013729095,0.364705890417099,0.06911112760981121,0.27843138575553894,0.6078431606292725,48.17255017161369,37.682830868056655,4.408836936827864,0.24398092500250473,0.10627450241784504,0.42780833144075925,0.011322390752802433,18.651484073359068,56.714177662754246,6.733877844509419
af6b6173c59450bc76b2cc461cf233921fbfdb6feb8dd6da03a0d44193221fd0,24,202.73722627737226,58.78832116788321,548.0,590.0,548.0,93.08326112068522,91.32268138930291,30.515288529305966,23.250206041939812,0.6476712461981262,-1.3263580969944555,0.9288135593220339,0.7070967741935484,1,26.414679072721462,190,44,215,75,0.8257205881679298,1.3124738969736895,-75.99472108078578,0.0,False,0.24329469646633106,0.1921568661928177,0.13185615654167274,0.09019608050584793,0.6117647290229797,133.32549366354942,21.569428523080568,3.1017594413180305,0.37078958325635375,0.12780033214162145,0.7696597943511727,0.016551012996556147,9.834365277365794,33.304491768795344,7.123947167565907
af6b6173c59450bc76b2cc461cf233921fbfdb6feb8dd6da03a0d44193221fd0,25,206.44193548387096,94.09677419354838,310.0,373.0,310.0,76.18376618407356,76.24901498082107,21.3349746625397,20.464814116301223,0.2826796899242508,-0.4415203426871968,0.8310991957104558,0.6126482213438735,1,19.867165345562018,196,82,219,104,0.670043629680569,1.0425198363050536,-25.297252205146176,0.0,False,0.28327641422229427,0.2549019753932953,0.10468596213316152,0.12156862765550613,0.545098066329956,87.81568840891123,26.567121765017195,3.7539753323020704,0.26710440096675836,0.08287347370994814,0.7060048094467148,0.006914560349147555,11.124208555429313,42.01003497460508,7.583001878597869
af6b6173c59450bc76b2cc461cf233921fbfdb6feb8dd6da03a0d44193221fd0,26,217.48339483394835,76.88560885608857,271.0,296.0,271.0,72.04163056034261,70.98126563316659,31.29345458403701,11.37763475410367,0.9315634710558338,-1.2715295177149555,0.9155405405405406,0.6452380952380953,1,18.575465448360347,211,64,226,92,0.6759143663544668,2.750435855989324,-72.853274891372,0.0,False,0.3894797876972114,0.364705890417099,0.09972125386609558,0.23137255012989044,0.6509804129600525,105.54902246594429,32.84974786509804,4.322332748013295,0.22360937562259525,0.08221699745549023,0.6169901353923579,0.006837165081860822,14.662381208621762,51.03711452157431,7.524443358329617
af6b6173c59450bc76b2cc461cf233921fbfdb6feb8dd6da03a0d44193221fd0,27,220.8840579710145,21.55072463768116,69.0,73.0,69.0,28.727922061357855,29.917295020836004,10.946807514659431,8.048647201060342,0.67779532339507,-0.9001290629962988,0.9452054794520548,0.7666666666666667,1,9.373021315815206,217,17,226,27,0.9687557795388072,1.3600804260891546,-51.573596326753325,0.0,False,0.6159704690394194,0.615686297416687,0.030179936097792653,0.5607843399047852,0.6784313917160034,42.50196236371994,57.067118459435335,5.869819706203417,0.15453474055256444,0.11740550752901419,0.4541812166690111,0.013817611645221668,24.024406531866383,90.10983038700428,6.299658920111574
af6b6173c59450bc76b2cc461cf233921fbfdb6feb8dd6da03a0d44193221fd0,28,224.0,140.46938775510205,245.0,368.0,245.0,89.94112549695427,87.95105093958546,38.87088359287909,11.695918817991883,0.9536583769093455,-1.0837298751300228,0.6657608695652174,0.3645833333333333,1,17.66192765414112,217,126,238,158,0.3980099065096743,3.323457027855207,-62.09314797719003,0.0,False,0.44030413335683394,0.45098039507865906,0.08731416901032008,0.26274511218070984,0.6392157077789307,107.87451267242432,47.06044898656487,5.2742890448268085,0.18671459807983593,0.07564712691510747,0.5222227314450325,0.005743171455880996,23.21515593470109,70.90574203842866,7.663785012833289
af6b6173c59450bc76b2cc461cf233921fbfdb6feb8dd6da03a0d44193221fd0,29,223.28695652173914,164.12173913043478,115.0,131.0,115.0,47.83452377915607,48.227838857922116,19.170731076193693,7.826804801891251,0.91286191002232,0.942131000184812,0.8778625954198473,0.5133928571428571,1,12.100518486599809,217,157,231,173,0.6213153769038938,2.449368747711879,53.98013005902871,0.0,False,0.5189769972925601,0.5098039507865906,0.06888907137707592,0.3960784375667572,0.6666666865348816,59.68235468864441,75.15008877338636,6.869919729097571,0.12926570090313766,0.09343718677835394,0.3214860594453851,0.008760064235620688,32.29688040426139,118.00329714251134,6.969853733829195
af6b6173c59450bc76b2cc461cf233921fbfdb6feb8dd6da03a0d44193221fd0,30,226.69585253456222,12.474654377880185,217.0,281.0,217.0,72.42640687119285,72.68681498107465,22.944300412586912,14.036639007322949,0.7910355462645497,0.33247665828548006,0.7722419928825622,0.5802139037433155,1,16.622063085174787,215,5,237,22,0.5161290687041514,1.634600733168162,19.04950930637128,0.0,False,0.5214963584176956,0.5411764979362488,0.07410682847316126,0.3686274588108063,0.6705882549285889,113.16470977663994,34.64779445162734,4.537580459994103,0.2029963617186169,0.07920047606022701,0.6723264529967845,0.006299500429858579,12.659218406187605,56.63637049706708,7.5774359536482105
af6b6173c59450bc76b2cc461cf233921fbfdb6feb8dd6da03a0d44193221fd0,31,237.01818181818183,172.5818181818182,110.0,127.0,110.0,42.55634918610404,43.42016510252293,16.423414758757026,8.848983303921502,0.8424318653825393,0.33520852302581977,0.8661417322834646,0.6666666666666666,1,11.834540545406394,230,168,245,179,0.7331951916797782,1.8559662951877027,19.20603362619335,0.0,False,0.4170053566044027,0.40980392694473267,0.07095030671065525,0.2823529541492462,0.5882353186607361,45.8705892264843,45.90767794652983,5.200385214251515,0.19910140356457293,0.10489274112618473,0.4682293306048194,0.01104584173913426,21.14453112958784,70.6708247634718,6.755208125747902
af6b6173c59450bc76b2cc461cf233921fbfdb6feb8dd6da03a0d44193221fd0,32,243.02416918429003,104.7703927492447,331.0,348.0,331.0,69.698484809835,68.7598241640874,24.516501841045965,17.530915328180317,0.6990570131632324,-0.21892052368323572,0.9511494252873564,0.7662037037037037,1,20.529059630371258,232,96,256,114,0.8797683681283657,1.3984724346729671,-12.543222055843191,0.0,True,0.30206742166932615,0.2862745225429535,0.11187689496983215,0.12156862765550613,0.6000000238418579,99.98431657254696,24.1728772845127,3.6301152975053648,0.26769136950101347,0.07988451288820947,0.7104095557339959,0.006465228061516004,11.307515118622558,37.03823945040285,7.659554486940182
af6b6173c59450bc76b2cc461cf233921fbfdb6feb8dd6da03a0d44193221fd0,33,246.35570469798657,183.8523489932886,149.0,178.0,149.0,63.66295090390226,64.18218820481587,26.23123954549841,8.464207299386164,0.9465092757756338,0.3581977199754626,0.8370786516853933,0.4775641025641026,1,13.773623058786647,232,179,256,192,0.45453475169911267,3.0990781082831864,20.52321758580291,0.0,True,0.3505198136472062,0.33725491166114807,0.0910072948444969,0.20392157137393951,0.6509804129600525,52.22745223343372,25.799691085276653,3.9355248753503895,0.2276992521638348,0.09892009654400324,0.5396003249934597,0.009821842860387793,12.06532330827067,39.534058862282635,6.882636183612952
af6b6173c59450bc76b2cc461cf233921fbfdb6feb8dd6da03a0d44193221fd0,34,242.68421052631578,161.85087719298247,114.0,134.0,114.0,46.38477631085023,46.65704253112722,18.93908643583241,8.505415419849813,0.8934849045189865,0.8123281913089787,0.8507462686567164,0.5428571428571428,1,12.047792665040703,235,155,249,170,0.658082439816631,2.226709161275374,46.5429769415002,0.0,False,0.42074304662252726,0.4058823585510254,0.12418669488510062,0.21176470816135406,0.6705882549285889,47.96470731496811,39.12273427700276,4.883220478500306,0.18067274302926586,0.09148381547565781,0.698611147139687,0.008375864271907101,15.914866187649684,62.33060236635585,7.008430683037213
af6b6173c59450bc76b2cc461cf233921fbfdb6feb8dd6da03a0d44193221fd0,35,249.6,174.02857142857144,70.0,77.0,70.0,31.89949493661166,32.924134653312635,12.840352899794945,7.209774449510135,0.8274811602524406,0.3875041446903914,0.9090909090909091,0.7070707070707071,1,9.440697438826296,245,170,256,179,0.8114825133349988,1.780964576591904,22.202352034586216,0.0,True,0.318599448459489,0.31568628549575806,0.058757892778113774,0.21960784494876862,0.4470588266849518,22.30196139216423,87.3696186928143,7.356371597965387,0.13005170690023754,0.11332005723847736,0.26295797901221735,0.012912549857322191,40.71840405229523,134.02083333333337,6.364030394370809
af6b6173c59450bc76b2cc461cf233921fbfdb6feb8dd6da03a0d44193221fd0,36,249.1818181818182,58.09090909090909,22.0,26.0,22.0,16.863961030678926,20.762023102292947,5.820495032324342,5.292082302775423,0.4163265531546712,-1.2580538066752827,0.8461538461538461,0.7333333333333333,1,5.292567428401227,247,55,252,61,0.6413472028112973,1.0998496809605158,-72.0811735228609,0.0,False,0.6477718570015647,0.6470588445663452,0.016196529076109686,0.6274510025978088,0.6901960968971252,14.250980854034424,90.69932463369963,7.601327838827839,0.12693419263155145,0.23698500744474293,0.28174914168185383,0.05746132928331589,40.3852564102564,141.01339285714286,4.22674168135176
af6b6173c59450bc76b2cc461cf233921fbfdb6feb8dd6da03a0d44193221fd0,37,247.7159090909091,127.76136363636364,176.0,250.0,176.0,66.07716446627535,68.7598241640874,25.08432784894948,12.418147231529266,0.8688610637062746,0.5691754406917597,0.704,0.44,1,14.96964127403822,236,121,256,141,0.4677922440803394,2.019973461520991,32.61135055413653,0.0,True,0.41631017066538334,0.40392157435417175,0.08033646215248355,0.27843138575553894,0.6823529601097107,73.27059003710747,25.90790322100372,3.721032868382702,0.2675482168868896,0.10079342541041125,0.5419317984404044,0.010236778162533463,11.243564177973859,40.572242264033584,6.888262968678971
2349e95ece2857c89db7e4a8be8c88af0b45f3c4262608120cb3bd6ef51fd241,1,6.691860465116279,202.22093023255815,172.0,182.0,172.0,49.21320343559643,49.338559592461706,16.95548441353422,13.216523836909735,0.6264225021760582,-0.45041048417341306,0.945054945054945,0.7678571428571429,1,14.798554040663838,0,196,16,210,0.8879027031149062,1.2829004527032064,-25.80661979158053,0.0,True,0.11399909106711316,0.11764705926179886,0.017788769357820214,0.054901961237192154,0.14901961386203766,19.607843663543463,38.14636163091349,4.5266788242560665,0.2360567442640289,0.10632465551865558,0.31365520844672345,0.011332679283162018,24.40789180466625,51.88483145716072,6.812030780821743
2349e95ece2857c89db7e4a8be8c88af0b45f3c4262608120cb3bd6ef51fd241,2,9.622857142857143,250.0457142857143,175.0,190.0,175.0,50.76345596729059,52.90075959220813,18.57941808251166,12.309067474125966,0.7490522500029152,-0.07676621073072752,0.9210526315789473,0.8101851851851852,1,14.927053303604616,1,244,19,256,0.7858218433326312,1.5094090694982507,-4.398379884082578,0.0,True,0.10335014164447784,0.10588235408067703,0.01449248495467408,0.05098039284348488,0.13725490868091583,18.086274787783623,21.269079184021493,3.4252147551824805,0.2769545785117414,0.13555240008586514,0.4623913575459574,0.018406329966175902,13.325121646016028,29.213036722026956,6.258677287247082
2349e95ece2857c89db7e4a8be8c88af0b45f3c4262608120cb3bd6ef51fd241,3,54.0709219858156,146.54609929078015,141.0,146.0,141.0,41.798989873223334,42.30944436798334,14.987619521936065,11.970177471411521,0.6017678880647676,0.33671996900039336,0.9657534246575342,0.7833333333333333,1,13.398760233979036,47,141,62,153,0.989815687789651,1.2520799760681183,19.292633101498453,0.0,False,0.16815464140464229,0.18039216101169586,0.03871879640951296,0.08627451211214066,0.2235294133424759,23.70980443805456,70.95564534557539,6.200916208150623,0.1908233620676232,0.09326246309342524,0.4020612382234147,0.008707692831462843,38.608166799969254,103.30312389118154,7.0767506425407785
2349e95ece2857c89db7e4a8be8c88af0b45f3c4262608120cb3bd6ef51fd241,4,74.17578125,18.6484375,256.0,264.0,256.0,57.45584412271571,57.15307298033752,20.950869718678042,15.573266651632675,0.6689324944319249,0.4137333463112546,0.9696969696969697,0.8,1,18.0540666735282,65,11,85,27,0.9848512868645466,1.345309894663724,23.705174587459375,0.0,False,0.1917279439221602,0.20392157137393951,0.04275463728164833,0.0784313753247261,0.25882354378700256,49.08235364407301,43.88884038906698,4.661570349722008,0.2384483868524085,0.0854423054926144,0.4497348315724198,0.007325002740280744,25.93166929953317,61.846011478600786,7.475323244613372
2349e95ece2857c89db7e4a8be8c88af0b45f3c4262608120cb3bd6ef51fd241,5,91.53378378378379,112.47297297297297,148.0,155.0,148.0,44.384776310850235,44.760923633190174,17.274477065752816,10.951751988397648,0.7733456921572548,0.35869094130487894,0.9548387096774194,0.7708333333333334,1,13.727325035155395,84,107,100,119,0.9282682586004215,1.577325443824285,20.551477086344295,0.0,False,0.15948596022821762,0.16862745583057404,0.03762372487157431,0.07450980693101883,0.21960784494876862,23.603922113776207,58.450995314734286,5.69727605850032,0.18312288241220653,0.0921478902013434,0.43395686107377174,0.008507562850914583,30.80614153983273,86.09584908963583,7.1380299916384065
2349e95ece2857c89db7e4a8be8c88af0b45f3c4262608120cb3bd6ef51fd241,6,136.96453900709218,22.99645390070922,282.0,291.0,282.0,60.2842712474619,59.83459004167201,19.932196528132934,18.07213640584576,0.4218177855910464,-1.1232995873848648,0.9690721649484536,0.7811634349030471,1,18.948708441878455,128,14,147,33,0.9898156877896508,1.102924196703468,-64.36032548593957,0.0,False,0.18407732206033478,0.19607843458652496,0.046513302385992016,0.07450980693101883,0.25882354378700256,51.909804821014404,39.03931881003935,4.50667215805786,0.23953791442045624,0.08388815037637656,0.5885641654122034,0.007085955705781424,19.437002552786577,58.64163506729212,7.577878521183683
2349e95ece2857c89db7e4a8be8c88af0b45f3c4262608120cb3bd6ef51fd241,7,223.6149732620321,93.29946524064171,187.0,195.0,187.0,49.45584412271572,49.56859738858936,17.687489938548218,13.503353352827874,0.6458776836561857,0.6068946463653064,0.958974358974359,0.7333333333333333,1,15.430353037616328,216,86,233,101,0.9563970113481729,1.3098590754750634,34.77250184581666,0.0,False,0.14656601051356702,0.1568627506494522,0.028897033826568032,0.05882352963089943,0.1921568661928177,27.407843966037035,38.04584242103897,4.208189362344925,0.29570499428878905,0.13044276426299653,0.400659335109994,0.017089777102836448,23.245298759038494,52.84638608303945,6.618387536256032
2349e95ece2857c89db7e4a8be8c88af0b45f3c4262608120cb3bd6ef51fd241,8,249.84297520661158,165.1818181818182,121.0,122.0,121.0,38.48528137423857,39.16785171439355,13.145934845373612,11.923161883318508,0.4211635532647542,-0.19723101941726498,0.9918032786885246,0.9166666666666666,1,12.412170838050638,244,160,256,171,0.991141658932748,1.1025544208844353,-11.300505001672073,0.0,True,0.15660347241508074,0.16470588743686676,0.027200914956407626,0.07058823853731155,0.19607843458652496,18.94902016222477,38.95131615886807,4.447471763231251,0.24120345394510784,0.11258554216310336,0.4202618902343695,0.012701675072531334,24.93299318059167,52.96963913714447,6.610524281987523
5ddbfba2519484316e4b7ccabfa605e6e6fd96c3d87ac8cdfd2c134571a15311,1,8.963963963963964,164.6036036036036,111.0,113.0,111.0,36.14213562373095,36.94641024531437,12.273569173672174,11.511660794571302,0.34684399323297016,-1.4290282563658123,0.9823008849557522,0.8409090909090909,1,11.888212206450685,4,159,15,171,1.0,1.0661857913204127,-81.87728789470006,0.0,False,0.488500278812271,0.48235294222831726,0.10844111842867198,0.23529411852359772,0.7137255072593689,54.22353094816208,47.69268339816212,5.291776149382529,0.18373361777275832,0.09340184210208277,0.4398177466463363,0.00873033271429307,26.642611218568675,68.74275557775556,6.985481962352635
5ddbfba2519484316e4b7ccabfa605e6e6fd96c3d87ac8cdfd2c134571a15311,2,24.393617021276597,190.5744680851064,94.0,98.0,94.0,33.55634918610404,34.49493098010753,11.562291849576555,10.355437760188321,0.44481685811943805,-0.0791924378648093,0.9591836734693877,0.7833333333333333,1,10.940041919714261,19,186,31,196,0.9927208810354944,1.116543029598228,-4.537392459005585,0.0,False,0.5208177040231988,0.529411792755127,0.09942167655580683,0.29411765933036804,0.7176470756530762,48.956864178180695,58.21152943701705,5.880528343278662,0.16852284406983642,0.10137436673176906,0.3565619606311988,0.010290485675564865,33.056442020724965,83.36661685330913,6.739307289908178
5ddbfba2519484316e4b7ccabfa605e6e6fd96c3d87ac8cdfd2c134571a15311,3,36.32142857142857,184.64285714285714,84.0,85.0,84.0,30.727922061357855,31.81341391877304,10.747886865913738,9.924884688538414,0.383775069054273,0.892369049117668,0.9882352941176471,0.84,1,10.341765891652821,32,180,42,190,1.0,1.0829230971646204,51.12898028254484,0.0,False,0.5852941327861377,0.5803921818733215,0.1402864840741611,0.3450980484485626,0.9098039269447327,49.16470715403557,71.48174927645036,6.781331894782981,0.14085416664156006,0.10636806405084152,0.3707474881096387,0.011323648022307571,32.96664008729226,109.99685846560845,6.593935230319015
5ddbfba2519484316e4b7ccabfa605e6e6fd96c3d87ac8cdfd2c134571a15311,4,39.03658536585366,164.3780487804878,82.0,85.0,82.0,31.556349186104043,32.59881208217049,12.169612479432544,8.57860024652462,0.7092870639716636,-1.2338797390051686,0.9647058823529412,0.7592592592592593,1,10.217907939900583,35,159,44,171,0.9696615336193917,1.4186011854746028,-70.6961014716997,0.0,False,0.3448111016939326,0.37254902720451355,0.08451042044974617,0.13725490868091583,0.46666666865348816,28.274510338902473,76.00900104486541,6.458105277440447,0.17487993840509303,0.11097965964323112,0.24447550087373682,0.012347045721816979,49.07460429187648,102.94339779785435,6.492397378232276
5ddbfba2519484316e4b7ccabfa605e6e6fd96c3d87ac8cdfd2c134571a15311,5,135.1891891891892,224.5045045045045,111.0,112.0,111.0,36.14213562373095,36.94641024531437,13.301357594096068,10.626160883900027,0.6014931998141588,-0.9466198697532989,0.9910714285714286,0.8409090909090909,1,11.888212206450685,130,219,141,231,1.0,1.2517557130392503,-54.23732334008772,0.0,False,0.5285285453538637,0.5490196347236633,0.11455718486091461,0.250980406999588,0.7372549176216125,58.66666853427887,46.52041129182155,5.186281389102727,0.18541889199004352,0.09744643157542429,0.46555798278837457,0.009511639972171904,28.101019021739123,64.93980356190399,6.9146693095204235
5ddbfba2519484316e4b7ccabfa605e6e6fd96c3d87ac8cdfd2c134571a15311,6,143.8846153846154,69.1,130.0,135.0,130.0,39.798989873223334,40.4133254700463,13.62640580582008,12.18487275217556,0.44764706660730125,0.8792803865342568,0.9629629629629629,0.7692307692307693,1,12.865501965161373,138,63,151,76,1.0,1.1183051380973297,50.379055157044576,0.0,False,0.5996380237432627,0.6235294342041016,0.16385649567026978,0.2705882489681244,0.9529411792755127,77.95294308662415,53.98302293089953,5.799650019647489,0.15942354482687832,0.08503785036479664,0.4399117637076916,0.007241207864256957,25.934920284477798,82.03112557732126,7.263676289775984
5ddbfba2519484316e4b7ccabfa605e6e6fd96c3d87ac8cdfd2c134571a15311,7,173.17821782178217,183.4851485148515,101.0,102.0,101.0,34.14213562373095,35.05029134737733,12.210090670422266,10.522300269686523,0.5072977374869416,-0.03608770949549453,0.9901960784313726,0.8416666666666667,1,11.340070282773887,168,179,180,189,1.0,1.1604012770475733,-2.067673446386022,0.0,False,0.6221704677780076,0.6196078658103943,0.15535230436232697,0.250980406999588,0.8901960849761963,62.839217245578766,51.185546239517514,5.583018222460618,0.16697343189533764,0.09388506783686673,0.48690598332304236,0.008820739749444608,28.168776464777793,74.20231601425724,6.9344376962604315
5ddbfba2519484316e4b7ccabfa605e6e6fd96c3d87ac8cdfd2c134571a15311,8,178.13675213675214,231.94017094017093,117.0,122.0,117.0,38.14213562373095,38.842529143251404,14.227296250771092,10.500151989639718,0.6747693963743674,-1.1438050471411705,0.9590163934426229,0.8181818181818182,1,12.205286835384658,173,226,184,239,0.9744974909077201,1.3549609819752009,-65.53520178695123,0.0,False,0.8333836167286603,0.9960784316062927,0.2075850206338248,0.35686275362968445,1.0,97.50588315725327,101.28733524187999,6.202188292189035,0.47973278904148564,0.4434902586865694,0.35332483032347156,0.19739981733332557,59.88004476634017,142.69462571741983,4.481632226292494
5ddbfba2519484316e4b7ccabfa605e6e6fd96c3d87ac8cdfd2c134571a15311,9,187.025,231.9125,80.0,87.0,80.0,33.31370849898476,34.26489318397988,12.200589793274382,8.626303304211424,0.7071736956421737,-1.468459600930967,0.9195402298850575,0.7407407407407407,1,10.092530088080641,183,227,192,239,0.8562509895552742,1.414347416617958,-84.13653751880953,0.0,False,0.7044117785990238,0.7058823704719543,0.1472147842559643,0.42352941632270813,0.9843137264251709,56.352942287921906,71.87935383873341,6.704506686312762,0.13663964626286923,0.10495885999568061,0.38080186748284905,0.011062782371110285,36.09486977009114,107.66383790737567,6.607249117443883
5ddbfba2519484316e4b7ccabfa605e6e6fd96c3d87ac8cdfd2c134571a15311,10,194.13636363636363,236.5340909090909,88.0,96.0,88.0,35.14213562373095,36.39104987804457,12.788987898917227,8.971583426714915,0.7126611090321885,1.4591390559965245,0.9166666666666666,0.676923076923077,1,10.585134856802455,189,230,199,243,0.8350324752044247,1.4254995233990835,83.60250963130395,0.0,False,0.6838235431774096,0.6803921461105347,0.1773254294052435,0.34117648005485535,1.0,60.176471799612045,80.31496719042806,7.143329210559608,0.13069366885957479,0.09765798463803496,0.36424988935243935,0.009556367337762977,38.06235990730709,122.56757447354904,6.783526937277802
5ddbfba2519484316e4b7ccabfa605e6e6fd96c3d87ac8cdfd2c134571a15311,11,204.30541871921181,223.34975369458127,203.0,215.0,203.0,52.2842712474619,52.25011444992385,18.60067640324208,14.00786485874898,0.6579248057863694,-0.4822042806822544,0.9441860465116279,0.7048611111111112,1,16.07692842495848,196,216,214,232,0.9343969448682174,1.327873775968401,-27.62827014623491,0.0,False,0.6237032895017727,0.615686297416687,0.1725140230542267,0.2666666805744171,1.0,126.61176776885986,37.67137548244645,4.82950564090153,0.19149606697698848,0.0768595519364956,0.5992297715264809,0.005929481506147905,17.230219417066724,58.11253154782619,7.615915511533115
5ddbfba2519484316e4b7ccabfa605e6e6fd96c3d87ac8cdfd2c134571a15311,12,208.28,116.62,50.0,52.0,50.0,23.899494936611667,25.339659061564475,9.27656024582069,6.857159033131663,0.6734947669995807,0.9339062728699336,0.9615384615384616,0.78125,1,7.978845608028654,205,113,213,121,0.9785394383071109,1.3528285111952678,53.50888789624021,0.0,False,0.6231372690200806,0.6117647290229797,0.1758721877123458,0.2980392277240753,0.9843137264251709,31.15686345100403,98.92362420799921,7.968105639980637,0.11135585040068874,0.12852555568784305,0.13478755448660867,0.01664609493329096,59.80750482625483,138.03974358974358,5.957688446377378
5ddbfba2519484316e4b7ccabfa605e6e6fd96c3d87ac8cdfd2c134571a15311,13,222.41954022988506,72.63218390804597,174.0,197.0,174.0,52.62741699796952,52.57543702106599,18.356190606337215,12.534109711924529,0.7305797398097067,0.5135019638653723,0.883248730964467,0.6444444444444445,1,14.884343478431232,214,66,232,81,0.7910306831828025,1.4644989575026421,29.421495301165137,0.0,False,0.7211178859760021,0.7490196228027344,0.14908770746095762,0.3686274588108063,1.0,125.47451215982437,60.09222384773151,5.78022976500031,0.18891479330492839,0.08462380281482126,0.30716092783378846,0.0071732902865693235,34.88480078499644,85.29964691046658,7.394712126827622
5ddbfba2519484316e4b7ccabfa605e6e6fd96c3d87ac8cdfd2c134571a15311,14,221.7070707070707,85.5959595959596,99.0,113.0,99.0,40.970562748477136,41.524046204585886,17.68853357500632,7.460303813590687,0.9067078249088582,0.030354697531865323,0.8761061946902655,0.7734375,1,11.227230955528665,214,82,230,90,0.7215156031627099,2.3710205397778203,1.7391960569720597,0.0,False,0.6106555907413213,0.5960784554481506,0.1486982403253409,0.29019609093666077,0.8941176533699036,60.45490348339081,86.06910343701023,7.472178114539764,0.11959045162017783,0.1007682513408676,0.23138972022511176,0.010192595397875195,43.72238941721942,128.41581745680105,6.774389175733016
5ddbfba2519484316e4b7ccabfa605e6e6fd96c3d87ac8cdfd2c134571a15311,15,238.3793103448276,92.16091954022988,87.0,92.0,87.0,32.72792206135786,33.70953281671008,12.169686566077976,9.146865284138311,0.6596070974183548,-1.060615285562473,0.9456521739130435,0.7909090909090909,1,10.524820207108489,234,87,244,98,0.9621076090147319,1.3304762001012058,-60.768779549792306,0.0,False,0.7093081046109913,0.7137255072593689,0.17830048209942248,0.3176470696926117,1.0,61.709805101156235,77.77121819486628,6.963445080516587,0.1365988474218022,0.09890156133027384,0.3269478635168237,0.009796341328382075,39.16571538591185,116.3767210038207,6.764850621051632
5ddbfba2519484316e4b7ccabfa605e6e6fd96c3d87ac8cdfd2c134571a15311,16,240.5625,63.875,48.0,54.0,48.0,24.142135623730947,25.56969685769213,8.601446375213245,7.14394523968824,0.5569416513062345,-1.0224998879755807,0.8888888888888888,0.6666666666666666,1,7.817640190446719,237,60,245,69,0.9225713057860767,1.204019080021477,-58.58492813360024,0.0,False,0.6388072036206722,0.6666666865348816,0.17656903495811307,0.2549019753932953,0.9215686321258545,30.662745773792267,90.7037885980978,7.528439568472462,0.13818162413466478,0.14017304131811056,0.1626939450559156,0.019814021847664506,57.33811291048133,124.06946428571428,5.7531445072296545
5ddbfba2519484316e4b7ccabfa605e6e6fd96c3d87ac8cdfd2c134571a15311,17,241.36507936507937,239.5873015873016,63.0,65.0,63.0,26.727922061357855,28.02117612289896,9.866940293787371,8.134297440921307,0.5660088336471216,0.07760212692644929,0.9692307692307692,0.7875,1,8.95623198216277,237,236,247,244,1.0,1.2130046098572247,4.446274354124067,0.0,False,0.36570184405833955,0.364705890417099,0.08318893999953642,0.20392157137393951,0.5058823823928833,23.039216175675392,97.64404293027766,7.9139764690569345,0.11798400206890992,0.1173709643034446,0.26966901867690457,0.013867023809590118,47.14906047152994,148.1390253890254,6.286185817535912
5ddbfba2519484316e4b7ccabfa605e6e6fd96c3d87ac8cdfd2c134571a15311,18,249.22602739726028,13.780821917808218,146.0,153.0,146.0,42.970562748477136,43.42016510252294,14.834197749535692,12.590668053479362,0.5287788824033947,0.98231513191636,0.954248366013072,0.8021978021978022,1,13.63425735166143,243,7,256,21,0.9731499816840689,1.1781898852806578,56.28251121064414,0.0,True,0.8296266528841567,0.8999999761581421,0.17528237129943586,0.364705890417099,1.0,121.12549132108688,72.84931999609084,5.879082529892152,0.25124835732843287,0.1480750989877727,0.3332480218108149,0.022228246606892196,44.558556010742585,101.14008398143909,6.478391747038748
5ddbfba2519484316e4b7ccabfa605e6e6fd96c3d87ac8cdfd2c134571a15311,19,248.32467532467533,95.92207792207792,77.0,83.0,77.0,30.72792206135785,31.813413918773044,10.23326780078667,9.63167600800704,0.3378160521171409,-0.8962756901209046,0.927710843373494,0.77,1,9.901487006738307,244,91,254,101,0.956048748040895,1.062459720642546,-51.35281432410304,0.0,False,0.7961293710516645,0.8470588326454163,0.1650262916566788,0.30588236451148987,1.0,61.301961570978165,66.84611789568177,6.040716072779617,0.1730436328792721,0.11357915451939668,0.1583643064206371,0.012936949421168525,45.796615043064236,87.89562074829931,6.393733702462848
5ddbfba2519484316e4b7ccabfa605e6e6fd96c3d87ac8cdfd2c134571a15311,20,250.88,250.13,100.0,103.0,100.0,35.31370849898477,36.16101208191692,12.913256198212524,10.069111895262953,0.626090961640281,-1.1883705425326414,0.970873786407767,0.8333333333333334,1,11.283791670955125,246,244,256,256,0.9610117768604964,1.2824622799442331,-68.08861658479223,0.0,True,0.7485882467031479,0.7901960611343384,0.18999899947471918,0.3529411852359772,1.0,74.85882467031479,62.68384176109105,5.943459673427195,0.18773389032014262,0.10324119252503394,0.5456465726022257,0.010692788124160822,27.52422790624009,97.84345561594202,6.7685354605614965
5ddbfba2519484316e4b7ccabfa605e6e6fd96c3d87ac8cdfd2c134571a15311,21,252.45901639344262,111.22950819672131,61.0,65.0,61.0,28.72792206135785,29.917295020836,11.124372817134105,7.245234629041975,0.7588256945773837,1.4344895421467108,0.9384615384615385,0.7261904761904762,1,8.812923024107548,249,106,256,118,0.8564362688676413,1.5354054612038233,82.19019652066035,0.0,True,0.5987785404822865,0.5764706134796143,0.19849052014745233,0.27843138575553894,0.9372549057006836,36.52549096941948,88.55671805706672,7.531084459075989,0.11467749905886057,0.11902757275942923,0.43034207250008283,0.014283207999515912,30.208191861259866,146.90524425287356,6.206761303866301
077f026f4ab0f0bcc0856644d99cbf639e443ec4f067d7b708bc6cecac609424,1,1.0344827586206897,194.31034482758622,29.0,32.0,29.0,20.44974746830583,23.213502367499782,10.41268220453011,3.688117221779698,0.9351716896773372,-1.528209316622837,0.90625,0.725,1,6.076507779746499,0,190,4,200,0.6762799651833167,2.8233056539090913,-87.55994405506028,0.0,True,0.14942529129570928,0.125490203499794,0.08220370401586986,0.04313725605607033,0.30980393290519714,4.333333447575569,214.9524524853801,11.741319444444443,0.09841231349634669,0.2307897085776302,0.052269191430109496,0.06488125876338019,69.44309941520467,360.46180555555554,4.499666457775492
077f026f4ab0f0bcc0856644d99cbf639e443ec4f067d7b708bc6cecac609424,2,69.88082901554404,140.0777202072539,193.0,205.0,193.0,51.79898987322333,51.79003885766854,19.138921288525612,12.945865518593315,0.7365201248037596,1.453835811902711,0.9414634146341463,0.7813765182186235,1,15.67594437773643,64,131,77,150,0.9042212295441823,1.4783809750717407,83.29865612700075,0.0,False,0.1443259212058134,0.15294118225574493,0.03506480508362471,0.05882352963089943,0.20000000298023224,27.854902792721987,54.85011204047478,5.426828613116917,0.20117594519750356,0.08674124719498252,0.39848202543669736,0.007549927217943127,29.127601902830115,80.57262217811943,7.370070286994739
077f026f4ab0f0bcc0856644d99cbf639e443ec4f067d7b708bc6cecac609424,3,98.89940828402366,190.85798816568047,169.0,180.0,169.0,52.04163056034261,52.020076653796195,22.061443207611607,9.822259708439011,0.8954197730151238,1.2083200539282535,0.9388888888888889,0.6706349206349206,1,14.668929172241665,93,181,105,202,0.7847920464808364,2.2460659626681454,69.23163939110896,0.0,False,0.1482074525670187,0.15294118225574493,0.038344840430902784,0.07058823853731155,0.21176470816135406,25.04705948382616,61.91864913593393,5.947902201461799,0.17084163592094853,0.08077915587932649,0.47556431688157547,0.0065308633158150655,30.927797226614565,92.9095010452533,7.450289182672471
077f026f4ab0f0bcc0856644d99cbf639e443ec4f067d7b708bc6cecac609424,4,125.66183574879227,45.43478260869565,207.0,219.0,207.0,53.4558441227157,53.36083518446344,19.584788431211493,13.479889106647484,0.7254416974864522,0.6829295561164959,0.9452054794520548,0.71875,1,16.23454913941803,117,38,135,54,0.9135555759826018,1.452889432269397,39.12898127021793,0.0,False,0.12681633520169536,0.13333334028720856,0.022863764107544933,0.054901961237192154,0.1764705926179886,26.250981386750937,30.545015256911523,3.9009111585601333,0.26685696374837997,0.095977556716088,0.4271654785182109,0.009234774657557916,19.14172174593346,41.948308767889586,7.122536222626273
077f026f4ab0f0bcc0856644d99cbf639e443ec4f067d7b708bc6cecac609424,5,132.75132275132276,175.51322751322752,189.0,198.0,189.0,49.21320343559643,49.338559592461706,16.858186066022924,14.281923479332805,0.5313054715208213,0.9508569368673996,0.9545454545454546,0.7875,1,15.512648837479231,126,168,141,184,0.9756605284227748,1.180386247722038,54.48008940323936,0.0,False,0.14964208320256264,0.16078431904315948,0.03630805855076662,0.054901961237192154,0.21176470816135406,28.282353725284338,43.84506547613016,4.839171012461415,0.22677686417547008,0.09153191689445912,0.4449283879801643,0.008403307134530597,23.54760714005283,64.14252381220749,7.273778461596526
077f026f4ab0f0bcc0856644d99cbf639e443ec4f067d7b708bc6cecac609424,6,173.17222222222222,192.37222222222223,180.0,186.0,180.0,48.04163056034262,48.227838857922116,17.587760770910695,13.056347189371625,0.670007698958258,1.0286564269597152,0.967741935483871,0.75,1,15.138795132120961,166,185,181,201,0.9724936334147902,1.3470659531195537,58.93767183379891,0.0,False,0.15742919749269882,0.1725490242242813,0.043396177446570226,0.054901961237192154,0.22745098173618317,28.33725554868579,49.116105893442324,5.139044891880932,0.2151867901858252,0.09179346063077655,0.4754196421400206,0.008462936958823794,25.11060309432525,73.12160869255939,7.213204091581845
077f026f4ab0f0bcc0856644d99cbf639e443ec4f067d7b708bc6cecac609424,7,200.05645161290323,28.330645161290324,124.0,127.0,124.0,39.55634918610404,40.18328767391865,14.528509430154736,10.88471608867393,0.662347199733987,0.6302264662248221,0.9763779527559056,0.7948717948717948,1,12.565098628628435,194,23,207,35,0.9650295592282548,1.3347623687927284,36.10931665212643,0.0,False,0.20382669850462867,0.22549019753932953,0.06624389810809155,0.07058823853731155,0.30588236451148987,25.274510614573956,76.11576664729942,6.4604934943415655,0.1735880271588805,0.09112543999526018,0.41715447722271104,0.008311155054823362,39.4001979945214,112.83133530007746,7.088153650927145
9bf9f3dcadeb152a9a26b23e2fb199dcf9b2b17660b1646326f5b10cbf51eaee,1,2.0153846153846153,93.9076923076923,65.0,76.0,65.0,41.970562748477136,44.20556326592038,17.7407711597379,5.151728343963929,0.9569086228786837,-1.5392516753959322,0.8552631578947368,0.8125,1,9.09728368293446,0,86,5,102,0.4179933411066524,3.443654240915875,-88.1926246086279,0.0,True,0.4374660739531884,0.4313725531101227,0.09301270137211158,0.2078431397676468,0.6352941393852234,28.435294806957245,36.349140588838964,4.701081610851629,0.2059803604943365,0.13030615138121435,0.5286582596825942,0.017376480647105855,18.837194626278187,53.86108655139974,5.973825785769785
9bf9f3dcadeb152a9a26b23e2fb199dcf9b2b17660b1646326f5b10cbf51eaee,2,11.078947368421053,240.55263157894737,76.0,81.0,76.0,30.72792206135786,31.81341391877304,11.203287482904509,8.683025787881368,0.6319089075005323,-1.3935586780836406,0.9382716049382716,0.7676767676767676,1,9.83698151873187,7,236,16,247,0.9436325305338705,1.2902515501613034,-79.84503075802274,0.0,False,0.43209495375815193,0.43529412150382996,0.10034383684816475,0.23137255012989044,0.6470588445663452,32.839216485619545,71.71378166977391,6.4246169346926205,0.16743093864220893,0.11258386544679799,0.2199885973520143,0.012713419024355875,51.92311488463392,91.50444845491388,6.441617384832095
9bf9f3dcadeb152a9a26b23e2fb199dcf9b2b17660b1646326f5b10cbf51eaee,3,16.810344827586206,94.10344827586206,58.0,61.0,58.0,26.72792206135785,28.02117612289896,9.807896865720409,7.530843339357856,0.6406480360299782,-1.1552173470397389,0.9508196721311475,0.8055555555555556,1,8.593479713983122,13,90,21,99,0.9282503848243848,1.3023636827581004,-66.18907840567678,0.0,False,0.4724814208417103,0.4803921580314636,0.0715628144512888,0.2862745225429535,0.5686274766921997,27.4039224088192,82.36820249527193,7.035745582992249,0.15162053348788374,0.1232070424591196,0.2145787582461451,0.015244651697650338,54.61024651640152,110.12615847414233,6.1182851801801394
9bf9f3dcadeb152a9a26b23e2fb199dcf9b2b17660b1646326f5b10cbf51eaee,4,23.857142857142858,49.392857142857146,84.0,90.0,84.0,32.72792206135786,33.70953281671008,12.349606209986426,8.789922449165656,0.7024254672287765,-1.4887050007483191,0.9333333333333333,0.7777777777777778,1,10.341765891652821,20,44,29,56,0.9289314845659481,1.4049732840542475,-85.29651348289875,0.0,False,0.40952381686795325,0.42352941632270813,0.07143204944167086,0.2235294133424759,0.5411764979362488,34.40000061690807,63.43980746589742,6.120021341195049,0.17609044392604523,0.11269863548120322,0.1800677638624362,0.012737056371155703,41.73187340153453,85.1477415302603,6.47885183588166
9bf9f3dcadeb152a9a26b23e2fb199dcf9b2b17660b1646326f5b10cbf51eaee,5,24.555555555555557,35.77777777777778,63.0,72.0,63.0,30.14213562373095,31.258053551503245,11.02349133067908,7.609014454157116,0.7235666731954075,-0.3072888447636758,0.875,0.7159090909090909,1,8.95623198216277,19,32,30,40,0.8102640150682803,1.4487410159480636,-17.60635389640935,0.0,False,0.5139122439755334,0.48235294222831726,0.16001109096682697,0.25882354378700256,1.0,32.3764713704586,50.75920683118052,5.472842235128418,0.17173329807113538,0.11978162246961571,0.36619832822324716,0.0143718027496751,30.86972222222223,70.6486914401388,6.187569154017343
9bf9f3dcadeb152a9a26b23e2fb199dcf9b2b17660b1646326f5b10cbf51eaee,6,32.72222222222222,220.61111111111111,72.0,73.0,72.0,29.556349186104043,30.70269318423345,12.125026239894398,7.571619225384884,0.7810551186224521,-0.7787906185530182,0.9863013698630136,0.72,1,9.574614729634384,28,216,38,226,0.959819160017164,1.6013782361431483,-44.621415567470734,0.0,False,0.5218409744815694,0.5313725471496582,0.12093681022045831,0.21568627655506134,0.7529411911964417,37.572550162673,53.562543169196374,5.793706495117785,0.15796985344514672,0.1118356045562095,0.3950395549212329,0.012572457991762119,28.255351906158356,78.8697344322344,6.411815380469614
9bf9f3dcadeb152a9a26b23e2fb199dcf9b2b17660b1646326f5b10cbf51eaee,7,38.55696202531646,68.0506329113924,79.0,84.0,79.0,32.48528137423857,33.47949502058243,12.664172153257766,8.242018753866198,0.759237328209464,-1.5571512465001378,0.9404761904761905,0.8229166666666666,1,10.02925341359355,35,63,43,75,0.8856847312148411,1.5365376531468347,-89.2181944879932,0.0,False,0.45475305239611036,0.45490196347236633,0.08684225234453669,0.22745098173618317,0.6274510025978088,35.92549113929272,56.84243740117834,6.0318451198942915,0.14626501553953106,0.10942335150799738,0.26041248455020855,0.011988308895304918,40.455614778433485,73.22926002392319,6.487095607547141
9bf9f3dcadeb152a9a26b23e2fb199dcf9b2b17660b1646326f5b10cbf51eaee,8,48.957597173144876,129.12367491166077,283.0,309.0,283.0,69.35533905932738,68.43450159294527,19.923241915366773,19.29552895394587,0.249039094796921,-0.9050158862942344,0.9158576051779935,0.6738095238095239,1,18.982275710779543,40,119,61,139,0.759357142477698,1.0325315239047925,-51.853590676951235,0.0,False,0.5385020575864576,0.5215686559677124,0.1747348980439173,0.20392157137393951,1.0,152.3960822969675,31.897873451869398,4.345833420147143,0.21230994629287384,0.07262713585437153,0.6196217713360517,0.005292333322496786,14.287677589776541,49.50806931396225,7.833333474943996
9bf9f3dcadeb152a9a26b23e2fb199dcf9b2b17660b1646326f5b10cbf51eaee,9,45.71951219512195,217.8658536585366,82.0,90.0,82.0,34.14213562373095,35.050291347377325,13.255805057078145,8.06711827789592,0.7934982832849955,-1.2600240355993826,0.9111111111111111,0.6833333333333333,1,10.217907939900583,41,212,51,224,0.8387652933748682,1.6431896248998035,-72.19405932488641,0.0,False,0.4215686379409418,0.4333333373069763,0.08680384453052642,0.20392157137393951,0.5921568870544434,34.56862831115723,62.97573048647669,6.215040799030509,0.1561238814755569,0.10755109309897098,0.20838471890606336,0.011597221129690274,40.11124241363213,85.84021855932124,6.546871348952564
9bf9f3dcadeb152a9a26b23e2fb199dcf9b2b17660b1646326f5b10cbf51eaee,10,45.91803278688525,9.475409836065573,61.0,67.0,61.0,28.72792206135785,29.917295020836004,10.78597312348296,7.247704294041691,0.7405906553646157,-1.1626559316954639,0.9104477611940298,0.7625,1,8.812923024107548,42,5,50,15,0.8564362688676411,1.4881916653732776,-66.6152779120006,0.0,False,0.47322405703732223,0.47843137383461,0.13302993456351508,0.21960784494876862,0.7058823704719543,28.866667479276657,97.28507635373538,8.01881738653891,0.10970550297740152,0.11662490571772899,0.2864272505158843,0.01370000181500711,41.518310166876105,153.05184254059463,6.250608068244105
9bf9f3dcadeb152a9a26b23e2fb199dcf9b2b17660b1646326f5b10cbf51eaee,11,49.55045871559633,84.75229357798165,109.0,118.0,109.0,40.04163056034262,40.64336326617396,13.971496324157659,10.600093092587988,0.6514469475142511,-0.7936730232257848,0.923728813559322,0.6449704142011834,1,11.780624362746345,44,80,57,93,0.8291957817536689,1.31805411538575,-45.47411454422603,0.0,False,0.6365533525790643,0.6627451181411743,0.1608232530625467,0.2823529541492462,0.9960784316062927,69.38431543111801,54.507530939504214,5.444842691429654,0.1952155994063966,0.09862777511011642,0.30560720246464124,0.009743237527870274,33.54412375023581,75.4709381287726,6.852512761126947
9bf9f3dcadeb152a9a26b23e2fb199dcf9b2b17660b1646326f5b10cbf51eaee,12,52.14754098360656,243.0327868852459,61.0,67.0,61.0,27.31370849898476,28.576536490168756,9.390925085642587,8.311701218832418,0.46544272369146106,1.3926227273411875,0.9104477611940298,0.7530864197530864,1,8.812923024107548,48,239,57,248,0.9386863827927713,1.129843919842173,79.79140473064804,0.0,False,0.49887497527677505,0.5137255191802979,0.10842946910211312,0.18431372940540314,0.7058823704719543,30.431373491883278,55.208976873407025,5.917213645246733,0.15379906490060952,0.1228591994653161,0.2457083864455813,0.015145769129246525,32.04687500000001,78.37107874681405,6.1372143064196
9bf9f3dcadeb152a9a26b23e2fb199dcf9b2b17660b1646326f5b10cbf51eaee,13,61.091603053435115,10.030534351145038,131.0,136.0,131.0,41.55634918610404,42.07940657185569,15.833322007387519,10.693342716337995,0.7374795202794932,1.0538476588648555,0.9632352941176471,0.7797619047619048,1,12.914889870235298,56,3,68,17,0.9296981069379067,1.4806709583146835,60.381023102698755,0.0,False,0.5148630625646533,0.5333333611488342,0.09844906822581596,0.24313725531101227,0.7411764860153198,67.44706119596958,40.08959496300914,4.794948446466963,0.20144381830161376,0.09627643339919155,0.31886614334960495,0.009282202455227314,27.4039644668426,52.77522545917568,6.972219970357454
9bf9f3dcadeb152a9a26b23e2fb199dcf9b2b17660b1646326f5b10cbf51eaee,14,61.89795918367347,236.59183673469389,49.0,51.0,49.0,24.485281374238568,25.89501942883427,10.035116579580508,6.205247641415122,0.7859002310363572,-0.177140723524314,0.9607843137254902,0.8166666666666667,1,7.898654169668588,57,234,67,240,0.9182764818168898,1.6171984035905416,-10.14941583783697,0.0,False,0.6775510365865669,0.6627451181411743,0.13172359829492045,0.40784314274787903,0.929411768913269,33.200000792741776,95.65685936768796,7.752444947739248,0.1129795002526979,0.13415753624972188,0.1045402510398755,0.01824373507241012,69.48499369697348,121.82872503840242,5.856196788708866
9bf9f3dcadeb152a9a26b23e2fb199dcf9b2b17660b1646326f5b10cbf51eaee,15,81.31313131313131,76.04040404040404,99.0,104.0,99.0,36.14213562373095,36.94641024531437,13.60682727794101,9.33802474165524,0.7273422095492433,-1.44360971660169,0.9519230769230769,0.8461538461538461,1,11.227230955528665,77,70,86,83,0.9113822417926456,1.4571419175238864,-82.71274402535369,0.0,False,0.35991286192879535,0.3529411852359772,0.05950631543653116,0.22745098173618317,0.4901960790157318,35.63137333095074,64.94506152218227,6.305722151603463,0.16220357598499346,0.09607800554950616,0.2407540420063818,0.009264391706630348,44.10982401865975,85.7802990257048,6.87182095337414
9bf9f3dcadeb152a9a26b23e2fb199dcf9b2b17660b1646326f5b10cbf51eaee,16,84.58415841584159,113.33663366336634,101.0,111.0,101.0,37.55634918610404,38.28716877598161,15.175233128403054,8.787011111668257,0.81530174949311,1.3295919775095635,0.9099099099099099,0.7214285714285714,1,11.340070282773887,80,107,90,121,0.8658142559317632,1.727007390289047,76.18000878575106,0.0,False,0.6220151590238704,0.6235294342041016,0.1459982157090977,0.32156863808631897,1.0,62.823531061410904,56.39583677752279,5.70645644167899,0.17091598398510993,0.0979524467195074,0.2504345006170018,0.009607816565623815,44.09911835472365,68.69255520032192,6.831488439836482
9bf9f3dcadeb152a9a26b23e2fb199dcf9b2b17660b1646326f5b10cbf51eaee,17,108.56666666666666,41.175,120.0,130.0,120.0,42.62741699796952,43.09484253138079,16.49696426010222,9.40686234032362,0.8214935685392982,1.064615737533295,0.9230769230769231,0.6666666666666666,1,12.360774464742066,103,34,115,49,0.8119709913007063,1.75371592176767,60.99798856386519,0.0,False,0.6100326959043741,0.6078431606292725,0.16507490226114288,0.16862745583057404,1.0,73.2039235085249,42.26710563059651,4.967498185038328,0.20107213564268828,0.10502766864938888,0.35392221004975644,0.011052215943273918,26.323352061133928,58.21085920005909,6.799034754741356
9bf9f3dcadeb152a9a26b23e2fb199dcf9b2b17660b1646326f5b10cbf51eaee,18,110.74444444444444,28.655555555555555,90.0,108.0,90.0,42.04163056034261,42.53948216411099,17.735780217713657,7.2548069254630745,0.9125123243082666,-0.570916654013189,0.8333333333333334,0.5,1,10.704744696916627,104,23,119,35,0.6249826708547952,2.4446936217508752,-32.71111472868638,0.0,False,0.7149891204304165,0.7235294580459595,0.16326564392453144,0.32156863808631897,1.0,64.34902083873749,76.49992698740424,6.59070565346349,0.18375912844084663,0.11376666253019715,0.1618418857197711,0.012997895855553462,48.40705627705629,104.5927976977522,6.49081690137293
9bf9f3dcadeb152a9a26b23e2fb199dcf9b2b17660b1646326f5b10cbf51eaee,19,114.78846153846153,95.78846153846153,156.0,181.0,156.0,50.384776310850235,50.4492803270013,18.488290868059877,11.499492493256879,0.7830268836942228,-0.25568001849891475,0.861878453038674,0.7058823529411765,1,14.093451279891855,107,90,124,103,0.7702372389711624,1.6077484183672557,-14.649385965814629,0.0,False,0.2862745191997442,0.27843138575553894,0.05542023672446423,0.14901961386203766,0.40392157435417175,44.6588249951601,47.747825695128114,5.342200490199621,0.17895820033821627,0.08510058682435812,0.44479569772911465,0.00725343098022807,26.204174274301177,69.29147711595505,7.3043801535033275
9bf9f3dcadeb152a9a26b23e2fb199dcf9b2b17660b1646326f5b10cbf51eaee,20,117.74561403508773,104.63157894736842,114.0,121.0,114.0,39.31370849898476,39.953249877790995,13.825852925886215,10.702846860291597,0.6330408633991529,-0.21282626236328778,0.9421487603305785,0.8142857142857143,1,12.047792665040703,111,100,125,110,0.8974504763426425,1.2917920910539433,-12.194046602960347,0.0,False,0.3332301433149137,0.3294117748737335,0.05167283955459459,0.21176470816135406,0.48235294222831726,37.98823633790016,31.47624130818209,4.38256139634429,0.20278876164764437,0.09886003465814902,0.5243844972502175,0.0097923370639094,17.736169028340075,45.2163135880241,6.867664164867465
9bf9f3dcadeb152a9a26b23e2fb199dcf9b2b17660b1646326f5b10cbf51eaee,21,118.90178571428571,134.02678571428572,112.0,120.0,112.0,38.14213562373095,38.842529143251404,12.993018354092316,11.257439470766666,0.49931210831830386,0.3004818910741919,0.9333333333333333,0.7832167832167832,1,11.941642642883693,113,129,126,140,0.9328522989885867,1.1541717268684946,17.21634417866092,0.0,False,0.507633068731853,0.5058823823928833,0.09721480198202585,0.30588236451148987,0.7333333492279053,56.85490369796753,49.88975382642522,5.556964668383369,0.17470982511370853,0.09599789209124404,0.4382914461508476,0.009228019816734514,26.448626245603293,73.33088140724713,6.972281757163149
9bf9f3dcadeb152a9a26b23e2fb199dcf9b2b17660b1646326f5b10cbf51eaee,22,117.85897435897436,61.48717948717949,78.0,90.0,78.0,34.384776310850235,35.28032914350498,13.234908993778015,8.140020400367112,0.7884946139298038,0.77224775165204,0.8666666666666667,0.5909090909090909,1,9.965574970333758,112,57,124,68,0.78747941566654,1.6259061209700563,44.24653690812884,0.0,False,0.45651082159617007,0.44117647409439087,0.11980333082295681,0.2549019753932953,0.7058823704719543,35.60784408450127,99.8719041204981,7.988122390793067,0.1190010683534973,0.10566478115101563,0.2398055958011715,0.011203188773034488,52.66132971506107,147.08247852593513,6.5675789600108345
9bf9f3dcadeb152a9a26b23e2fb199dcf9b2b17660b1646326f5b10cbf51eaee,23,129.70866141732284,108.88976377952756,127.0,141.0,127.0,43.798989873223334,44.20556326592038,16.255415506228456,10.416726751399716,0.7676946901737546,0.9341034277754466,0.900709219858156,0.6512820512820513,1,12.716187407449045,124,101,137,116,0.8166946818545363,1.5605108873614433,53.52018404023641,0.0,False,0.430199177950386,0.41960784792900085,0.09666577739235595,0.23529411852359772,0.658823549747467,54.63529559969902,53.433905155075664,5.6895358418999695,0.16876949371937322,0.08831592946315288,0.40823176317193716,0.00781409936421016,31.19931263911527,75.66849767103605,7.1554094390694996
9bf9f3dcadeb152a9a26b23e2fb199dcf9b2b17660b1646326f5b10cbf51eaee,24,131.71621621621622,251.9189189189189,74.0,74.0,74.0,29.899494936611664,31.02801575537559,11.698847223190306,8.233912172238654,0.710375855238796,0.2525938982337558,1.0,0.8409090909090909,1,9.706684619910241,127,248,138,256,0.9659031383637092,1.4208127289278092,14.472564299551225,0.0,True,0.3974032945729591,0.40980392694473267,0.1018879492264975,0.16078431904315948,0.6000000238418579,29.40784379839897,51.78017534211214,5.578415730110028,0.17604061014844358,0.11591110264973373,0.396551419623714,0.013451287705801625,32.55180050933301,71.00855017489128,6.351470733045814
9bf9f3dcadeb152a9a26b23e2fb199dcf9b2b17660b1646326f5b10cbf51eaee,25,134.8832116788321,141.2189781021898,137.0,146.0,137.0,43.798989873223334,44.20556326592038,16.798907670668967,10.561996585901126,0.7776227475281848,0.012664943443454363,0.9383561643835616,0.732620320855615,1,13.207339536360731,126,136,143,147,0.8810013497170983,1.5905049328545795,0.7256478070818188,0.0,False,0.5209675251784986,0.5254902243614197,0.1571465128790261,0.22745098173618317,0.9137254953384399,71.37255094945431,43.698710690386804,5.27430668447161,0.16320358312912264,0.08615990253154346,0.5239168697908838,0.0074343394452955035,20.640950421177624,66.75647095959597,7.227522962689721
9bf9f3dcadeb152a9a26b23e2fb199dcf9b2b17660b1646326f5b10cbf51eaee,26,135.33823529411765,53.89705882352941,68.0,74.0,68.0,31.31370849898476,32.368774286042836,13.039787278950353,6.840137215837799,0.8513741248871183,-1.1374152372053594,0.918918918918919,0.6868686868686869,1,9.304852983362556,132,49,141,60,0.8155794385443074,1.906363405803871,-65.1690926457385,0.0,False,0.5039792536374401,0.501960813999176,0.1456588417699369,0.20392157137393951,0.8352941274642944,34.270589247345924,61.45203821749791,6.200987529134767,0.16242074509982182,0.11642838317238172,0.35612410619434365,0.013637955298308323,33.71172518159807,89.19235125339775,6.303504071515418
9bf9f3dcadeb152a9a26b23e2fb199dcf9b2b17660b1646326f5b10cbf51eaee,27,139.84615384615384,72.56410256410257,78.0,84.0,78.0,31.31370849898476,32.368774286042836,11.239901537458982,8.93794359181403,0.606350273820352,-1.0365717185572787,0.9285714285714286,0.78,1,9.965574970333758,135,68,145,78,0.9355175912714113,1.2575489453472541,-59.391184635954666,0.0,False,0.4467068992746182,0.4431372582912445,0.08361264122135059,0.239215686917305,0.6196078658103943,34.84313814342022,49.65249513585238,5.542115139358688,0.1684751015037545,0.10573183524892546,0.3992531808524407,0.011207173264764576,29.02241461100569,70.28257566069905,6.57034616637957
9bf9f3dcadeb152a9a26b23e2fb199dcf9b2b17660b1646326f5b10cbf51eaee,28,161.8,13.526315789473685,95.0,104.0,95.0,36.14213562373095,36.94641024531437,13.998093730143392,8.891875476211252,0.7723308700551492,-0.16280828816442428,0.9134615384615384,0.7307692307692307,1,10.998079684646791,156,9,169,19,0.8745587168717306,1.5742566084728677,-9.328227781571224,0.0,False,0.41473685424578816,0.4156862795352936,0.09810395229168184,0.21176470816135406,0.6000000238418579,39.400001153349876,57.588630620449685,5.689826340635804,0.1868183040378385,0.10523436030637145,0.4368318482690423,0.01109888665579458,42.273138542471386,72.90412269842798,6.689947783302186
9bf9f3dcadeb152a9a26b23e2fb199dcf9b2b17660b1646326f5b10cbf51eaee,29,159.54098360655738,75.08196721311475,61.0,68.0,61.0,28.72792206135786,29.917295020836,10.075779707729799,7.978456380191628,0.6107220333812852,-0.727925150217773,0.8970588235294118,0.6777777777777778,1,8.812923024107548,156,71,165,81,0.8564362688676413,1.2628733213037628,-41.707038908904856,0.0,False,0.540919335650616,0.5254902243614197,0.12671945118552153,0.29411765933036804,0.7803921699523926,32.996079474687576,87.88648544739627,7.244080061066548,0.15045663281968133,0.12522358671144257,0.22737104314331943,0.01572842054470078,51.050447674978344,124.72252321981419,6.11560628763322
9bf9f3dcadeb152a9a26b23e2fb199dcf9b2b17660b1646326f5b10cbf51eaee,30,163.6,117.9047619047619,105.0,115.0,105.0,41.21320343559643,41.75408400071355,16.974677556965997,8.125969948053713,0.8779723753896387,1.2900872290983043,0.9130434782608695,0.65625,1,11.562445770562215,160,110,170,126,0.7568350592640376,2.08894170978711,73.91655343105977,0.0,False,0.3585807747784115,0.3529411852359772,0.07720028061965375,0.18039216101169586,0.545098066329956,37.65098135173321,46.69573084891144,5.1307870678640235,0.1908705293672522,0.09834698772534448,0.3623151335295954,0.009684510092619395,34.38324834920205,59.008213348620835,6.8306600196920835
9bf9f3dcadeb152a9a26b23e2fb199dcf9b2b17660b1646326f5b10cbf51eaee,31,177.96629213483146,52.061797752808985,178.0,209.0,178.0,54.21320343559643,54.47155591900302,18.264726279648144,13.74834972730146,0.6583329718000197,1.2057586152169928,0.8516746411483254,0.6544117647058824,1,15.054455784347004,169,45,185,62,0.7538593143649798,1.328503176157795,69.08487976347229,0.0,False,0.4595505751753121,0.45098039507865906,0.13946816450602353,0.20000000298023224,0.7843137383460999,81.80000238120556,45.5243587831913,5.371081271207069,0.1694094361414481,0.07868702940407266,0.5340108059254589,0.006218896407335911,18.491959036198917,72.55675853018369,7.540822283466042
9bf9f3dcadeb152a9a26b23e2fb199dcf9b2b17660b1646326f5b10cbf51eaee,32,181.3884892086331,87.58992805755396,139.0,152.0,139.0,47.45584412271571,47.67247849065232,19.199249770294042,9.355260152369535,0.8732501529234543,-0.5182840908342915,0.9144736842105263,0.594017094017094,1,13.303394180365686,173,82,191,95,0.768580216396826,2.0522411410901475,-29.695490993579895,0.0,False,0.4303569003618021,0.4274509847164154,0.08529087145170944,0.21568627655506134,0.6431372761726379,59.81960915029049,37.5288493960153,4.748293344267352,0.1937311453473486,0.09224956272386942,0.4236355434213932,0.008519774610252535,21.488985161659446,53.56871363037115,7.099692886042395
9bf9f3dcadeb152a9a26b23e2fb199dcf9b2b17660b1646326f5b10cbf51eaee,33,178.6043956043956,137.9010989010989,91.0,96.0,91.0,34.14213562373095,35.050291347377325,12.495375838193914,9.523630605699667,0.6473741043212747,-1.2459748844185374,0.9479166666666666,0.7583333333333333,1,10.764051215546116,174,133,184,145,0.9308248987452806,1.3120391115039391,-71.38910225648276,0.0,False,0.39599225121540027,0.3921568691730499,0.06377621370176273,0.25882354378700256,0.572549045085907,36.035294860601425,60.611590576134816,5.8930471846933825,0.17325674015860337,0.10370255866520282,0.1668467845000015,0.010771899963081198,46.42203379262007,74.80114735964955,6.686273674728094
9bf9f3dcadeb152a9a26b23e2fb199dcf9b2b17660b1646326f5b10cbf51eaee,34,184.09395973154363,120.58389261744966,149.0,159.0,149.0,45.79898987322333,46.10168216385742,17.58912707774419,11.130990411756681,0.7742878333912429,-0.4209337422090282,0.9371069182389937,0.7163461538461539,1,13.773623058786647,176,114,192,127,0.8809729787151793,1.580194252900115,-24.117726883225114,0.0,False,0.4556652295509441,0.4470588266849518,0.10422311478678263,0.24705882370471954,0.7137255072593689,67.89411920309067,36.83778612449937,4.725894851529033,0.19195875845194837,0.08968375751188613,0.5546950526173484,0.008082663748154922,19.910771320701848,53.764800928296886,7.197257006687643
9bf9f3dcadeb152a9a26b23e2fb199dcf9b2b17660b1646326f5b10cbf51eaee,35,185.71818181818182,250.77272727272728,110.0,126.0,110.0,39.935028842544405,43.97552546979273,14.721319368028546,10.525472245075898,0.699143285799963,0.5873794282672347,0.873015873015873,0.625,1,11.834540545406394,180,245,196,256,0.7147933014867621,1.3986374221751028,33.65436221251983,0.0,True,0.3991443959149447,0.4058823585510254,0.13047088463536086,0.13333334028720856,0.686274528503418,43.90588355064392,35.96636516697112,4.543433514057985,0.20523506619966866,0.09820488412987123,0.568329416075789,0.009686912674285831,23.534796169774562,48.39793416416769,6.844856991896352
9bf9f3dcadeb152a9a26b23e2fb199dcf9b2b17660b1646326f5b10cbf51eaee,36,186.4078947368421,3.1184210526315788,76.0,81.0,76.0,33.55634918610404,34.494930980107526,11.519551164659584,9.060779486242234,0.6175181359825865,-0.09065629754827727,0.9382716049382716,0.7037037037037037,1,9.83698151873187,181,0,193,9,0.8026253931776339,1.2713642553767825,-5.194223235798479,0.0,True,0.6176470686730585,0.5901961326599121,0.2572240792082663,0.26274511218070984,1.0,46.94117721915245,99.44644563390179,7.639054818973966,0.16557039564255985,0.1298869918068255,0.5268754964832282,0.01703321604564772,35.53813765213611,163.35475361566748,6.294948149344625
9bf9f3dcadeb152a9a26b23e2fb199dcf9b2b17660b1646326f5b10cbf51eaee,37,187.9290780141844,34.843971631205676,141.0,151.0,141.0,46.04163056034261,46.33171995998507,17.565830902297968,10.265619111897434,0.8114596868396158,1.4533026977883339,0.9337748344370861,0.7121212121212122,1,13.398760233979036,183,26,194,44,0.8254145711735889,1.7111321500268684,83.26811093824809,0.0,False,0.2763454409989905,0.27843138575553894,0.044560175972758354,0.1882352977991104,0.38823530077934265,38.96470718085766,44.77945760627178,5.1272458731296116,0.18495440647465658,0.08651094137108463,0.4470572480867479,0.0074883842555929885,29.131720862651154,60.42719434989241,7.234541014933381
9bf9f3dcadeb152a9a26b23e2fb199dcf9b2b17660b1646326f5b10cbf51eaee,38,193.08860759493672,71.13924050632912,79.0,83.0,79.0,30.97056274847714,32.0434517149007,10.817691476680125,9.332667654478357,0.5056773653046495,-0.6022725747371217,0.9518072289156626,0.7181818181818181,1,10.02925341359355,188,67,199,77,0.9668483740246135,1.1591210441838853,-34.50767664891452,0.0,False,0.4527674485233766,0.4745098054409027,0.0853576127880726,0.23137255012989044,0.6235294342041016,35.76862843334675,58.830127848670514,5.9409023461186425,0.17046222445825687,0.11484892100474486,0.21730568125105015,0.013230003291737224,38.04628011654266,79.61397558079837,6.408574290191696
9bf9f3dcadeb152a9a26b23e2fb199dcf9b2b17660b1646326f5b10cbf51eaee,39,213.97752808988764,79.32584269662921,89.0,95.0,89.0,33.55634918610404,34.49493098010753,11.759107701682618,9.671846811897815,0.5687674798110102,0.33702490917015254,0.9368421052631579,0.7416666666666667,1,10.645107772184812,208,75,220,85,0.9399165788527554,1.215807893815808,19.310104886229656,0.0,False,0.3638246384229553,0.3686274588108063,0.057264354278930986,0.1921568661928177,0.48627451062202454,32.38039281964302,45.78764081868993,5.162885810207307,0.18958570043117778,0.10758057030188842,0.19644038541711745,0.011600169440048153,33.370433084951024,58.20484855242884,6.584611081743294
9bf9f3dcadeb152a9a26b23e2fb199dcf9b2b17660b1646326f5b10cbf51eaee,40,219.06569343065692,65.32116788321167,137.0,151.0,137.0,46.62741699796952,46.88708032725487,17.428788484147187,11.038404239360538,0.77387106313688,-0.8521901380680047,0.9072847682119205,0.6088888888888889,1,13.207339536360731,211,57,226,72,0.783112310859643,1.578922832160824,-48.82689825396758,0.0,False,0.4276227364792441,0.4274509847164154,0.06987678055242118,0.24313725531101227,0.5764706134796143,58.58431489765644,46.034418419142746,5.177105965895702,0.18391956281864208,0.08638873141475484,0.3666289111465202,0.007469116959310011,32.703217367028074,59.365619471257425,7.229064740961998
9bf9f3dcadeb152a9a26b23e2fb199dcf9b2b17660b1646326f5b10cbf51eaee,41,231.51685393258427,37.943820224719104,89.0,99.0,89.0,38.14213562373095,38.842529143251404,15.279162457635563,7.776225249307084,0.8608001267190122,0.43156252162190784,0.898989898989899,0.6846153846153846,1,10.645107772184812,226,33,239,43,0.7412844161605734,1.9648559510280446,24.726711084958655,0.0,False,0.3609165117312013,0.3529411852359772,0.07579269135664583,0.1764705926179886,0.5215686559677124,32.12156954407692,49.44934409648431,5.202218409638624,0.20355861102736128,0.1100684578103311,0.399643683418911,0.012125187665337406,32.178602289476906,66.72008590349171,6.532938570186888
9bf9f3dcadeb152a9a26b23e2fb199dcf9b2b17660b1646326f5b10cbf51eaee,42,235.36231884057972,5.420289855072464,69.0,76.0,69.0,29.556349186104043,30.70269318423345,10.023188741452925,8.872707219893098,0.4651763856513413,1.2305528790929872,0.9078947368421053,0.69,1,9.373021315815206,231,1,241,11,0.9198266950164489,1.1296652186359069,70.50548643970045,0.0,False,0.3542483744845874,0.35686275362968445,0.044621279912197914,0.239215686917305,0.45098039507865906,24.44313783943653,60.45396036820908,6.116271125515978,0.14362223869585258,0.1130437702722881,0.1501913227950397,0.012815384545447797,35.09824317631521,85.80967756010295,6.3767660875753265
9bf9f3dcadeb152a9a26b23e2fb199dcf9b2b17660b1646326f5b10cbf51eaee,43,237.4,212.11764705882354,85.0,90.0,85.0,32.384776310850235,33.38421024556794,11.045998087703484,9.865197414044857,0.44985521927716354,0.1710293332309769,0.9444444444444444,0.7083333333333334,1,10.403141895720198,232,208,244,218,0.9583994948782278,1.119693567609458,9.799258967071536,0.0,False,0.41554787562173956,0.41960784792900085,0.09091523954569115,0.20392157137393951,0.6078431606292725,35.32156942784786,50.960652661597905,5.546354401312373,0.1717708138247349,0.10688488073670471,0.34862060133229944,0.011464799062438278,35.82522114421688,66.09608417897891,6.594925936628241
9bf9f3dcadeb152a9a26b23e2fb199dcf9b2b17660b1646326f5b10cbf51eaee,44,239.48,29.3,100.0,109.0,100.0,36.72792206135786,37.50177061258417,11.944982070271902,11.014127443464726,0.38701958997045477,-1.165496651298355,0.9174311926605505,0.7575757575757576,1,11.283791670955125,234,24,246,35,0.8935241971524105,1.0845146046825072,-66.77803915602634,0.0,False,0.5870980551838875,0.5843137502670288,0.13678271354454433,0.2862745225429535,0.95686274766922,58.70980551838875,51.23297302949674,5.43124750049752,0.17908571460644335,0.10065073181746687,0.2858032617805373,0.010174698979979555,28.069677402277073,74.39626865671642,6.785639226508415
9bf9f3dcadeb152a9a26b23e2fb199dcf9b2b17660b1646326f5b10cbf51eaee,45,250.35416666666666,6.479166666666667,96.0,107.0,96.0,37.14213562373095,40.9686858373161,12.817981530203522,9.88359553009291,0.6367471264002855,-1.2023586291396482,0.897196261682243,0.6857142857142857,1,11.055812783082736,246,1,256,15,0.7187486312545088,1.2968945856977039,-68.8900749108372,0.0,True,0.5881127590934435,0.572549045085907,0.16687650610908253,0.32156863808631897,0.9254902005195618,56.45882487297058,77.22663646219995,7.052205840819942,0.12594621140994536,0.0938102024017996,0.4446249470255941,0.008808832351769564,29.414392595689044,125.03888032871085,6.906837706814013
9bf9f3dcadeb152a9a26b23e2fb199dcf9b2b17660b1646326f5b10cbf51eaee,46,252.50980392156862,150.13725490196077,51.0,54.0,51.0,25.071067811865476,26.450379796104066,9.25347086393257,7.2997262171272315,0.614568337323828,-1.477432971041137,0.9444444444444444,0.8095238095238095,1,8.058239062071396,249,146,256,155,0.9160437487991815,1.2676462909281856,-84.65067375413112,0.0,True,0.6157631833179324,0.6039215922355652,0.1878528237024036,0.250980406999588,0.9803921580314636,31.403922349214554,69.46971071691466,6.610999630243051,0.12784460489419658,0.13694570166845674,0.3365088614579221,0.018847477800557462,36.27483810049599,102.66458333333334,5.816704684358976
9bf9f3dcadeb152a9a26b23e2fb199dcf9b2b17660b1646326f5b10cbf51eaee,47,253.2325581395349,23.837209302325583,43.0,47.0,43.0,24.071067811865476,27.79113832677131,10.507179164923187,5.618331990678413,0.8450333282886118,-1.454723043472977,0.9148936170212766,0.6515151515151515,1,7.399277020331919,250,18,256,29,0.6996255283019093,1.8701598948506506,-83.34949075142777,0.0,True,0.5661650889141615,0.5764706134796143,0.10818963342533447,0.27450981736183167,0.7450980544090271,24.345098823308945,70.21579864531392,6.506889470866486,0.13915290533804278,0.1524655599364081,0.22017851326174565,0.02368472817133119,35.573739261717215,104.85785802891064,5.503657066829783
708eb41a3fc8f2b6cd1f529cdf38dc4ad5d5f00ad30bdcba92884f37ff78d614,1,7.2172413793103445,164.6448275862069,290.0,403.0,290.0,106.94722215136416,115.55161971632779,39.648861074984325,11.256624568201353,0.9588515572585924,-1.37092322940091,0.7196029776674938,0.42151162790697677,1,19.21560480373171,0,148,16,191,0.2729328354130388,3.522269116710858,-78.54811508111732,0.0,True,0.19502366949515096,0.1764705926179886,0.10135855588582998,0.0470588244497776,0.43529412150382996,56.55686415359378,36.804895621054314,4.42505277867914,0.25589451306717786,0.10207194181507723,0.6381214308252319,0.010551631059199366,17.72460169841373,55.8851895436949,7.2540758881182
708eb41a3fc8f2b6cd1f529cdf38dc4ad5d5f00ad30bdcba92884f37ff78d614,2,17.11111111111111,127.41333333333333,225.0,237.0,225.0,56.04163056034261,55.812314449670275,20.43504990232194,14.296927570591798,0.7145075505254324,-0.6086812755281574,0.9493670886075949,0.7352941176470589,1,16.925687506432688,9,120,27,137,0.9076790617999042,1.4293315680185728,-34.87486815640302,0.0,False,0.3067886777056588,0.29411765933036804,0.07826997911778578,0.18039216101169586,0.4941176474094391,69.02745248377323,35.389708920270024,4.327248599662411,0.25396146700940564,0.09460845957110861,0.6250362446823949,0.008996955163687818,16.97484602815486,53.804571812385184,7.348817378156127
708eb41a3fc8f2b6cd1f529cdf38dc4ad5d5f00ad30bdcba92884f37ff78d614,3,32.22789783889981,34.32416502946955,1018.0,1282.0,1018.0,182.0304832720494,177.74240424819214,46.84065093232339,34.017894194225434,0.687433577595743,-1.2109178591684016,0.7940717628705148,0.5731981981981982,1,36.00219238519226,12,8,49,56,0.4049258861026837,1.3769415198038517,-69.38048266736641,0.0,False,0.1420470779150549,0.11764705926179886,0.08743116674591377,0.01568627543747425,0.46666666865348816,144.60392531752586,14.89727991292412,2.5912577937258905,0.38487661034406406,0.10923057991763785,0.7411381161589572,0.012176654402870298,7.240951864590629,22.553607961257605,7.293510793630723
708eb41a3fc8f2b6cd1f529cdf38dc4ad5d5f00ad30bdcba92884f37ff78d614,4,24.007575757575758,73.91666666666667,132.0,144.0,132.0,45.79898987322333,46.101682163857426,19.366593424379907,8.79938011203454,0.8908188235618966,-0.20656631281687163,0.9166666666666666,0.6947368421052632,1,12.964089628857149,15,69,34,79,0.7804592831570712,2.200904288461529,-11.835377913985868,0.0,False,0.11693404963465803,0.07450980693101883,0.10258029797496566,0.007843137718737125,0.3960784375667572,15.43529455177486,72.16651310479924,5.78392126441189,0.27177658830604295,0.13788684969282652,0.29419380316376653,0.01916686905177154,45.004013511912774,99.3290126976857,6.37513169495905
708eb41a3fc8f2b6cd1f529cdf38dc4ad5d5f00ad30bdcba92884f37ff78d614,5,23.666666666666668,159.93333333333334,45.0,52.0,45.0,26.935028842544405,28.80657428629641,8.667949426643009,7.339087701663926,0.5320825347424653,-1.3643996818095372,0.8653846153846154,0.5625,1,7.569397566060481,21,155,29,165,0.6814580854562816,1.1810663367161836,-78.17434333667892,0.0,False,0.40984749992688496,0.40784314274787903,0.021249324264252023,0.3686274588108063,0.46666666865348816,18.443137496709824,39.592682022084205,4.554628191856453,0.25091972530972373,0.16659704329917716,0.39380595571131427,0.02782643335864767,21.687103174603173,57.49826086956523,5.2968349254565315
708eb41a3fc8f2b6cd1f529cdf38dc4ad5d5f00ad30bdcba92884f37ff78d614,6,27.54491017964072,106.91616766467065,167.0,179.0,167.0,48.8700576850888,49.01323702131956,16.822990336599513,12.853075936012013,0.6451943297662389,-0.8046819687247259,0.9329608938547486,0.65234375,1,14.581872443920643,20,100,36,116,0.873573725596238,1.3088688202225984,-46.1048806582049,0.0,False,0.3231654421476547,0.30980393290519714,0.07701689773990468,0.16862745583057404,0.501960813999176,53.96862883865833,49.19770107639853,5.2097480591339815,0.1991028774945262,0.0875372936976383,0.3965658541212659,0.007678815747264416,31.331569509505563,67.06383264329149,7.316707321912552
708eb41a3fc8f2b6cd1f529cdf38dc4ad5d5f00ad30bdcba92884f37ff78d614,7,29.385964912280702,7.745614035087719,114.0,131.0,114.0,47.66295090390226,48.45787665404977,19.092864967749453,8.02898884246113,0.907281878478778,-1.0662043141514006,0.8702290076335878,0.48717948717948717,1,12.047792665040703,24,0,37,18,0.6100788300581328,2.3779912193646675,-61.089007299515806,0.0,True,0.16277950250527315,0.1568627506494522,0.04582797505533806,0.0784313753247261,0.33725491166114807,18.55686328560114,28.801861797385037,4.097033690880196,0.2288633082010379,0.10979530756150098,0.4193948435374068,0.012077186926757013,14.43925691867656,43.16446667609352,6.576665653450548
708eb41a3fc8f2b6cd1f529cdf38dc4ad5d5f00ad30bdcba92884f37ff78d614,8,42.10285714285714,144.54,350.0,368.0,350.0,73.59797974644667,72.456777184947,27.718191903342003,16.18283371345269,0.8118727750559128,-1.3937612067493432,0.9510869565217391,0.7625272331154684,1,21.11004122822376,34,132,51,159,0.8377605047663926,1.7128144794752502,-79.85663479579792,0.0,False,0.20904202173863137,0.20000000298023224,0.08390803164250991,0.05882352963089943,0.48235294222831726,73.16470760852098,16.695340038711713,2.953561968511563,0.3261849838296672,0.09593332889939235,0.7162371826748901,0.009294766949870914,9.071303695263765,24.31937638215966,7.3068448942868
708eb41a3fc8f2b6cd1f529cdf38dc4ad5d5f00ad30bdcba92884f37ff78d614,9,45.371428571428574,92.81142857142858,175.0,201.0,175.0,59.42031021678297,60.38995040894181,23.339341330592607,9.963160475584795,0.9043070171200719,-0.11402303850338354,0.8706467661691543,0.6628787878787878,1,14.927053303604616,35,88,59,99,0.6030017419903692,2.34256402752789,-6.533038873501559,0.0,False,0.27433054072516305,0.2666666805744171,0.06355474565585452,0.10980392247438431,0.47843137383461,48.007844626903534,32.53098418263236,4.077437080346815,0.2546043662109885,0.10232741103083612,0.26996516475134097,0.010498224159620687,22.490874840357595,42.57109352490713,6.990203479312807
708eb41a3fc8f2b6cd1f529cdf38dc4ad5d5f00ad30bdcba92884f37ff78d614,10,45.46067415730337,62.92134831460674,89.0,100.0,89.0,36.14213562373095,36.94641024531437,13.54049395018544,8.717337666397404,0.765195814917038,0.0540694186348565,0.89,0.7606837606837606,1,10.645107772184812,40,59,53,68,0.8193234294903582,1.5532831775439635,3.0979494885032826,0.0,False,0.3753690314426851,0.364705890417099,0.04247722798874657,0.29411765933036804,0.48627451062202454,33.40784379839897,52.90548552883875,5.415275498737097,0.19517046614065903,0.11450027585571979,0.32779894625400224,0.013182712913344427,25.14180131118453,80.66916974649298,6.464852605269976
708eb41a3fc8f2b6cd1f529cdf38dc4ad5d5f00ad30bdcba92884f37ff78d614,11,55.592233009708735,25.402912621359224,412.0,449.0,412.0,81.59797974644667,80.04125277669516,25.380568030274777,21.298754133622335,0.5438605190601997,-0.19911676209095797,0.9175946547884187,0.7490909090909091,1,22.903595622322865,43,14,68,36,0.8081264569078518,1.1916456648611604,-11.408550098122396,0.0,False,0.15023796309635623,0.15294118225574493,0.09509342588435683,0.01568627543747425,0.43529412150382996,61.89804079569876,14.616262747908968,2.57393810390653,0.38136451070554067,0.11306256158771134,0.821858029261396,0.012977183363693565,6.960061536850496,22.272463958967442,7.132068925687745
708eb41a3fc8f2b6cd1f529cdf38dc4ad5d5f00ad30bdcba92884f37ff78d614,12,47.45161290322581,70.06451612903226,62.0,72.0,62.0,30.349242404917497,32.0434517149007,10.6209271358791,7.803736291970502,0.6783369686193539,0.2442333665977711,0.8611111111111112,0.5740740740740741,1,8.884866446580956,42,66,54,75,0.7587923948041271,1.361005387484363,13.993541122323697,0.0,False,0.43017078263144337,0.42352941632270813,0.03058457487641897,0.3764705955982208,0.5058823823928833,26.67058852314949,48.13162168868982,5.3140465062980535,0.19128345455411808,0.13015588559992153,0.43098708405873476,0.016983276894272245,23.07522530087908,73.18801807650055,6.020440568654764
708eb41a3fc8f2b6cd1f529cdf38dc4ad5d5f00ad30bdcba92884f37ff78d614,13,59.78709677419355,97.58709677419355,155.0,174.0,155.0,52.04163056034261,52.020076653796195,22.263233228700077,8.949602029445893,0.9156439607239404,-0.3383918851259486,0.8908045977011494,0.6150793650793651,1,14.048207338801282,50,92,71,104,0.7197796876007672,2.4876227071829344,-19.388426839192633,0.0,False,0.23648324344427354,0.21176470816135406,0.0723696437025597,0.12156862765550613,0.43529412150382996,36.6549027338624,39.044653396317614,4.248386029269872,0.27475029690118635,0.1148528514356571,0.44466110323497227,0.013230007571971878,28.100787751761764,49.98851904087347,6.62469368841581
708eb41a3fc8f2b6cd1f529cdf38dc4ad5d5f00ad30bdcba92884f37ff78d614,14,60.14836795252226,143.95548961424333,337.0,388.0,337.0,78.35533905932738,82.49273204190199,27.511242627465396,16.32514112613675,0.8049085320098258,-1.2369132597168095,0.8685567010309279,0.6569200779727096,1,20.71428798138497,51,131,70,158,0.6223123084268805,1.6852070322025923,-70.86990940554224,0.0,False,0.2032466448113897,0.19607843458652496,0.060916966850551965,0.054901961237192154,0.42352941632270813,68.49411930143833,19.944956690330933,3.3518180752819635,0.27341665641302626,0.09162976785103943,0.501359318072641,0.00846831468331009,11.056622585192457,28.833290795469406,7.290508306039054
708eb41a3fc8f2b6cd1f529cdf38dc4ad5d5f00ad30bdcba92884f37ff78d614,15,62.53559322033898,111.96949152542373,295.0,345.0,295.0,88.39087296526012,91.09264359317524,32.27793105584032,12.43007578841557,0.9228768604286633,-0.5845514900606655,0.855072463768116,0.48440065681444994,1,19.38054864282415,48,103,77,124,0.446750727326263,2.5967605994745675,-33.49233328855963,0.0,False,0.28110336451712303,0.27843138575553894,0.06629224569686662,0.10980392247438431,0.45098039507865906,82.92549253255129,28.962286094821707,3.948922808005014,0.2556130867321314,0.08513964882797621,0.49320796221023183,0.007284435658579783,17.36619914365734,40.55837304598607,7.5066117445303835
708eb41a3fc8f2b6cd1f529cdf38dc4ad5d5f00ad30bdcba92884f37ff78d614,16,69.83657587548637,62.43579766536965,257.0,277.0,257.0,64.94112549695427,64.64226379707118,25.049247420637645,13.454459419049112,0.843505647737833,-0.2564939446954294,0.927797833935018,0.6692708333333334,1,18.089294154193436,58,54,82,70,0.7728760917195614,1.8617802945819126,-14.696020501710056,0.0,False,0.16771191397703575,0.12941177189350128,0.09276578007401977,0.0470588244497776,0.46666666865348816,43.10196189209819,39.76142762272203,4.2180728037095285,0.29863964436096113,0.10754213592984269,0.39278024516021764,0.011648097661849668,23.98865900383141,55.534196241612655,7.019496392799858
708eb41a3fc8f2b6cd1f529cdf38dc4ad5d5f00ad30bdcba92884f37ff78d614,17,68.33082706766918,5.7819548872180455,133.0,160.0,133.0,51.62741699796952,59.83459004167201,16.227399339350907,11.920550188087924,0.678506930962001,-1.260007193456434,0.83125,0.59375,1,13.013103375051497,62,0,76,16,0.46682796622703393,1.3612961720145074,-72.19309434117751,0.0,True,0.09491375756723092,0.07450980693101883,0.05771476584108049,0.0235294122248888,0.27843138575553894,12.623529756441712,28.86507397632203,3.690685525681004,0.2926156434572078,0.1239266498874893,0.5508480292955439,0.015391836079397026,15.43264665258716,42.2975013000569,6.439095709468681
708eb41a3fc8f2b6cd1f529cdf38dc4ad5d5f00ad30bdcba92884f37ff78d614,18,78.26050420168067,144.98319327731093,476.0,504.0,476.0,85.01219330881975,83.27813020529945,29.031159187439847,21.067334197524097,0.6880322722798492,-1.2422649770983427,0.9444444444444444,0.7136431784107946,1,24.61832697999475,67,131,90,160,0.8624916225602919,1.3780176891508031,-71.1765402246509,0.0,False,0.16222607116645374,0.12156862765550613,0.09590638942802095,0.03921568766236305,0.47058823704719543,77.21960987523198,18.396939457022857,2.8036516559533466,0.3970420681714152,0.13495181194836084,0.7359370492180554,0.01845607665883297,8.523588993504145,28.27028992054157,6.831452767519897
708eb41a3fc8f2b6cd1f529cdf38dc4ad5d5f00ad30bdcba92884f37ff78d614,19,80.45515695067265,19.170403587443946,446.0,530.0,446.0,108.70458146424487,105.93627220552943,40.447023983388156,15.672910804593876,0.9218729352566949,-1.2696645916693505,0.8415094339622642,0.5334928229665071,1,23.829914749152643,71,2,93,40,0.49940783300621683,2.580696367616203,-72.7464224998548,0.0,False,0.10602303959153626,0.09019608050584793,0.06857113717135355,0.007843137718737125,0.3843137323856354,47.28627565782517,15.827359401648316,2.5704403496024213,0.4019627050169307,0.119165997578797,0.6525475818449726,0.01435454684927836,9.33247830091177,22.322240502384858,6.828434508334308
708eb41a3fc8f2b6cd1f529cdf38dc4ad5d5f00ad30bdcba92884f37ff78d614,20,92.43005181347151,118.14248704663213,386.0,419.0,386.0,85.11269837220809,84.15881314371138,34.026191553061174,14.964262531631444,0.89810231098656,-0.14966258012404487,0.9212410501193318,0.7310606060606061,1,22.16913314200113,75,110,108,126,0.6848539490038777,2.2738301657790783,-8.575034192146292,0.0,False,0.3692065505166128,0.3686274588108063,0.0423056625322497,0.2823529541492462,0.49803921580314636,142.51372849941254,27.435054731881188,3.872235964925194,0.2565267935888527,0.07727895552990598,0.5481009843824772,0.0060621214590951275,14.435159577373003,40.434949886389376,7.726069111504746
708eb41a3fc8f2b6cd1f529cdf38dc4ad5d5f00ad30bdcba92884f37ff78d614,21,86.01086956521739,53.96739130434783,92.0,112.0,92.0,42.59188309203678,45.54632179658763,13.552551847597206,9.795999629417642,0.6910406717976145,0.48861130851902906,0.8214285714285714,0.6133333333333333,1,10.823032759612019,78,50,93,60,0.5573026022239481,1.3834781911279928,27.99536580050493,0.0,False,0.39266837809396826,0.3843137323856354,0.03958148588580413,0.33725491166114807,0.48627451062202454,36.12549078464508,68.57899703090771,6.183694174609945,0.18177937213457077,0.11202511212203567,0.3869209781743945,0.012572853019721435,29.59789038875796,107.56010367305745,6.503103025434789
708eb41a3fc8f2b6cd1f529cdf38dc4ad5d5f00ad30bdcba92884f37ff78d614,22,95.6830985915493,12.309859154929578,142.0,167.0,142.0,51.17766952966369,54.24151812287538,15.907240730263407,12.421575520510196,0.6246866086980938,-1.0845668683710954,0.8502994011976048,0.6761904761904762,1,13.446189622059965,89,4,103,19,0.6065052102852913,1.2806137759254266,-62.14110415738446,0.0,False,0.11367025981906434,0.09019608050584793,0.06358521195549427,0.0470588244497776,0.32156863808631897,16.141176894307137,23.95167710255508,3.280368461319748,0.34109338860629135,0.13575166383565618,0.7052592858087331,0.01858178009831039,10.076351779719499,37.82700242539066,6.290888495623633
708eb41a3fc8f2b6cd1f529cdf38dc4ad5d5f00ad30bdcba92884f37ff78d614,23,97.3125,1.0625,16.0,23.0,16.0,12.207106781186548,28.901859061310905,9.127388408127826,3.6146619270927376,0.9182402989061504,-0.16397034177384495,0.6956521739130435,0.5925925925925926,1,4.51351666838205,93,0,102,3,0.2407012185567619,2.5251015426134082,-9.394808548958972,0.0,True,0.08357843360863626,0.07647059112787247,0.02792719832773904,0.03921568766236305,0.14509804546833038,1.3372549377381802,63.7436278998779,5.929449023199023,0.08873996281128028,0.3231140771811969,0.009506529886419014,0.1319687405424585,23.432692307692307,104.0545634920635,2.672321792811964
708eb41a3fc8f2b6cd1f529cdf38dc4ad5d5f00ad30bdcba92884f37ff78d614,24,104.73364485981308,83.5233644859813,214.0,233.0,214.0,56.04163056034261,55.812314449670275,19.571830941848294,14.426920212688984,0.675754503119018,-0.8298164494658445,0.9184549356223176,0.6993464052287581,1,16.50676414605009,97,76,115,93,0.8633036410007978,1.356618783032721,-47.54498032492385,0.0,False,0.4021440439413641,0.3960784375667572,0.06695119478287932,0.250980406999588,0.5372549295425415,86.05882540345192,33.295959196253165,4.398193319043623,0.21979535503469894,0.07867268384539072,0.6205676318057897,0.006217887988035626,13.700904394740675,52.891013997765654,7.600585457021291
708eb41a3fc8f2b6cd1f529cdf38dc4ad5d5f00ad30bdcba92884f37ff78d614,25,112.5,0.9523809523809523,42.0,45.0,42.0,29.621320343559642,34.59021575512202,16.45196720029485,3.2603416070432742,0.9801669856034465,0.0014649928428792623,0.9333333333333333,0.875,1,7.312732791431452,105,0,121,3,0.4411157988373408,5.046086939096773,0.08393790691385386,0.0,True,0.029505136356289898,0.029411766678094864,0.01887012040819261,0.007843137718737125,0.10980392247438431,1.2392157269641757,21.8467162004662,2.443604312354312,0.35629490923292323,0.18714952088138678,0.5276944548416594,0.04053718672062204,8.608205128205128,35.08522727272727,4.103403719728857
708eb41a3fc8f2b6cd1f529cdf38dc4ad5d5f00ad30bdcba92884f37ff78d614,26,108.88495575221239,152.71681415929203,113.0,127.0,113.0,43.34924240491749,43.97552546979273,16.066079412893437,9.335270957839432,0.8138645067143068,-1.5660911006971725,0.889763779527559,0.7533333333333333,1,11.994835078277376,104,146,114,161,0.7342876642545828,1.721008365525985,-89.7304104029456,0.0,False,0.23331598568279133,0.22745098173618317,0.034259517706754665,0.1568627506494522,0.35686275362968445,26.36470638215542,26.98191491646513,3.7956238491789627,0.2568994969161741,0.12569741686471889,0.3412137413134505,0.015841255987259092,14.747355270132159,39.2164745627981,6.339660512340705
708eb41a3fc8f2b6cd1f529cdf38dc4ad5d5f00ad30bdcba92884f37ff78d614,27,112.86096256684492,12.037433155080214,187.0,218.0,187.0,58.62741699796952,59.60455224554435,20.251999285074323,13.197216138436698,0.7585197596231783,1.344523109247574,0.8577981651376146,0.6151315789473685,1,15.430353037616328,106,4,122,23,0.6614432834531991,1.534566007909098,77.03549961769289,0.0,False,0.06758939065188568,0.04313725605607033,0.05568699011369585,0.003921568859368563,0.27450981736183167,12.639216051902622,18.73594803364192,2.8258931955976005,0.37381144767506447,0.14290692915222625,0.6957568326370911,0.020553905697911348,11.819348955649268,25.652547111634576,6.314907566545005
708eb41a3fc8f2b6cd1f529cdf38dc4ad5d5f00ad30bdcba92884f37ff78d614,28,114.18604651162791,145.0,43.0,56.0,43.0,26.106601717798213,30.472655388105796,9.46325254869151,6.677627778370525,0.7085728149196537,1.4960373125678048,0.7678571428571429,0.48863636363636365,1,7.399277020331919,110,141,118,152,0.5819125437655064,1.41715783849826,85.71662400422916,0.0,False,0.2163246748752372,0.20392157137393951,0.04334758284970063,0.13333334028720856,0.3137255012989044,9.3019610196352,58.86891233766233,6.042545995670995,0.15844205194718824,0.16400260190454033,0.3284187159325564,0.0269928162326828,30.73735119047619,87.00047348484847,5.336396110521273
708eb41a3fc8f2b6cd1f529cdf38dc4ad5d5f00ad30bdcba92884f37ff78d614,29,126.70979020979021,146.29895104895104,572.0,625.0,572.0,99.84062043356593,97.33636065425617,35.349002639903794,21.547294534289424,0.7927408827255286,-0.8511670348454528,0.9152,0.6355555555555555,1,26.986904594423443,113,132,143,162,0.7586748446030657,1.6405309067294243,-48.76827875730912,0.0,False,0.1415398365791913,0.10196078568696976,0.0888179651456348,0.027450980618596077,0.4431372582912445,80.96078652329743,13.961991415317794,2.5348299235623997,0.39436302394390416,0.12834587220707755,0.7961606747930539,0.01671275985635067,6.8201004752223655,21.103882355413223,6.930346348294754
708eb41a3fc8f2b6cd1f529cdf38dc4ad5d5f00ad30bdcba92884f37ff78d614,30,124.25597269624573,62.29351535836177,293.0,317.0,293.0,67.698484809835,66.86370526615036,26.70827290649221,14.240585900416603,0.845995478274196,0.2943844232892844,0.9242902208201893,0.6894117647058824,1,19.314740138231286,113,54,138,71,0.8235625800434433,1.8755037955082219,16.866985008868735,0.0,False,0.2602824125527929,0.23529411852359772,0.09296751275823346,0.12156862765550613,0.48627451062202454,76.26274687796831,43.19397968865243,4.7337413832308535,0.2324986983642429,0.0811906178224504,0.54417134315228,0.00666162642712261,20.885562510090754,65.50239686721412,7.646713725712402
708eb41a3fc8f2b6cd1f529cdf38dc4ad5d5f00ad30bdcba92884f37ff78d614,31,128.77906976744185,114.43023255813954,172.0,188.0,172.0,54.9350288425444,55.907599224684766,19.783700159392136,11.86071658643675,0.8003600527524037,0.1617347813859552,0.9148936170212766,0.7818181818181819,1,14.798554040663838,118,110,138,121,0.6915070695337117,1.6680020987952504,9.26672037388626,0.0,False,0.4094163307616877,0.40392157435417175,0.040784093582655966,0.3333333432674408,0.5333333611488342,70.41960889101028,35.34303360823789,4.497523100283138,0.2105482007358967,0.08928441840708039,0.43015599997897586,0.007991542863874972,21.924183021359372,48.76188419511641,7.219958942728866
708eb41a3fc8f2b6cd1f529cdf38dc4ad5d5f00ad30bdcba92884f37ff78d614,32,125.71794871794872,29.358974358974358,78.0,92.0,78.0,38.798989873223334,39.857965102776504,15.865297675859116,6.666697899697695,0.9074286046821526,1.100936281046756,0.8478260869565217,0.5571428571428572,1,9.965574970333758,122,22,132,36,0.616984454258651,2.3797835022010725,63.07900241680777,0.0,False,0.2791352530893607,0.2705882489681244,0.05951245300435478,0.10196078568696976,0.40392157435417175,21.772549740970135,45.021688842161495,5.016243527416988,0.20276053519243858,0.12407574698415155,0.35390664839078784,0.01542291673804431,24.41824910287081,65.62512858145217,6.234474192207167
708eb41a3fc8f2b6cd1f529cdf38dc4ad5d5f00ad30bdcba92884f37ff78d614,33,135.04074074074074,92.49259259259259,270.0,277.0,270.0,62.526911934581186,61.96074673573669,24.708131423479596,14.013725786582032,0.823600332465842,0.4611178863485796,0.9747292418772563,0.703125,1,18.5411616971131,124,85,148,101,0.8837722115559588,1.7631379263277238,26.42010874576677,0.0,False,0.3204066890257376,0.30588236451148987,0.08087067108488367,0.16078431904315948,0.5098039507865906,86.50980603694916,37.254890210704836,4.324013722021722,0.25797716108742946,0.08070067140952568,0.5265982396207108,0.006582831696718585,19.488146540356073,55.021633881053596,7.616757447307426
708eb41a3fc8f2b6cd1f529cdf38dc4ad5d5f00ad30bdcba92884f37ff78d614,34,134.53333333333333,20.873684210526317,285.0,312.0,285.0,69.24873734152916,68.52978636795976,26.427525303836358,13.989238813847813,0.8484076001995138,1.332472838486014,0.9134615384615384,0.6850961538461539,1,19.04923279949934,127,9,143,35,0.7625985375726662,1.8891324721453755,76.34506996106562,0.0,False,0.11168902959478529,0.09019608050584793,0.05856157576043793,0.03921568766236305,0.34117648005485535,31.831373434513807,22.766619860235977,3.30184402125319,0.32438777016677695,0.1224483674912826,0.5562915252326117,0.015111820128038574,12.70387845197763,32.829361268494324,6.761899768691386
708eb41a3fc8f2b6cd1f529cdf38dc4ad5d5f00ad30bdcba92884f37ff78d614,35,140.6417910447761,114.38805970149254,67.0,74.0,67.0,29.692388155425117,31.02801575537559,9.895457198746026,9.001135933981407,0.41543460541181604,-1.073081795083876,0.9054054054054054,0.7444444444444445,1,9.23618154310838,137,110,146,120,0.8745339225725475,1.0993564891502579,-61.48305793062835,0.0,False,0.44793679242703455,0.45098039507865906,0.0437937706442666,0.32549020648002625,0.5333333611488342,30.011765092611313,39.07944263881828,4.575615379017961,0.22372879135172602,0.13010904380491867,0.42718070544954095,0.0170194675229794,24.38628912379041,53.772596153846145,6.062356692212785
708eb41a3fc8f2b6cd1f529cdf38dc4ad5d5f00ad30bdcba92884f37ff78d614,36,143.6338028169014,154.73239436619718,71.0,81.0,71.0,33.10660171779821,34.26489318397988,11.983253822210253,8.400893174564246,0.7131094072270545,0.4710543457851821,0.8765432098765432,0.6454545454545455,1,9.507891862878783,139,149,150,159,0.759922753230306,1.4264261636479891,26.989425934787036,0.0,False,0.26014913807452567,0.25882354378700256,0.060663283082810944,0.1411764770746231,0.3803921639919281,18.47058880329132,72.1700997407935,6.220326571169631,0.16837084003495123,0.117067236584864,0.2752860393734314,0.013782316016924132,43.581371087928446,100.75882839365855,6.3005384506985465
708eb41a3fc8f2b6cd1f529cdf38dc4ad5d5f00ad30bdcba92884f37ff78d614,37,157.09926470588235,151.9191176470588,272.0,305.0,272.0,71.31980515339464,72.78209975608914,24.079655445605237,14.791559064969837,0.7890910969399987,0.28001158383019503,0.8918032786885246,0.7083333333333334,1,18.609705966725112,145,145,169,161,0.6452523672034192,1.6279322105153855,16.04348196824382,0.0,False,0.20066321189241373,0.1882352977991104,0.05452489564777044,0.0784313753247261,0.3803921639919281,54.58039363473654,26.338604129984773,3.68074426810769,0.26966242612020974,0.09809840710705656,0.46235850248783694,0.009683513811853093,17.77140674170903,34.90580151826052,7.199623988625412
708eb41a3fc8f2b6cd1f529cdf38dc4ad5d5f00ad30bdcba92884f37ff78d614,38,157.40604026845637,30.607382550335572,596.0,719.0,596.0,129.77564927611036,131.27593126709388,41.77155066752842,19.852976169789148,0.8798372685688964,-1.4237576577284885,0.8289290681502086,0.6478260869565218,1,27.547246117573295,148,5,168,51,0.4345961834302856,2.1040447694232065,-81.575304837274,0.0,False,0.19998684547366513,0.16078431904315948,0.1137134655455494,0.03921568766236305,0.5176470875740051,119.19215990230441,9.293476630644506,2.163766272916412,0.39890205544178287,0.10302070285947643,0.9003993071075695,0.010764886973452849,4.398430081926881,14.188523179362132,7.268075971850662
708eb41a3fc8f2b6cd1f529cdf38dc4ad5d5f00ad30bdcba92884f37ff78d614,39,163.83333333333334,163.66666666666666,210.0,234.0,210.0,65.45584412271572,64.73754857208567,27.837763943130046,9.96271669994656,0.933765690110676,-0.03347722498547146,0.8974358974358975,0.7070707070707071,1,16.351767622932517,150,158,177,169,0.6296753018172961,2.794194071912069,-1.9181037014774234,0.0,False,0.15927171355024689,0.13333334028720856,0.08541279351937739,0.027450980618596077,0.38823530077934265,33.44705984555185,41.24535976954077,4.707465376252473,0.23357370344789613,0.09416290805919901,0.5204730182732445,0.008897332750260431,21.20249990503344,61.288219634048104,7.212299011172535
708eb41a3fc8f2b6cd1f529cdf38dc4ad5d5f00ad30bdcba92884f37ff78d614,40,167.98659517426273,117.85254691689008,373.0,391.0,373.0,76.18376618407356,74.90825645015383,28.745747311033305,16.816033393541392,0.8110390322322759,1.0832607935332965,0.9539641943734015,0.6907407407407408,1,21.792621462004423,158,106,178,133,0.8353323843556902,1.709424965941957,62.06627158145035,0.0,False,0.28564370219812957,0.27450981736183167,0.07661093749363829,0.11372549086809158,0.48235294222831726,106.54510091990232,18.5069598756573,2.998767877892087,0.3337412052562547,0.08565029957504086,0.7161897700097477,0.0074259721937978695,10.701897005886815,26.31202274542779,7.543478939967873
708eb41a3fc8f2b6cd1f529cdf38dc4ad5d5f00ad30bdcba92884f37ff78d614,41,168.8923076923077,86.39615384615385,260.0,293.0,260.0,67.94112549695429,67.09374306227802,23.05864306922593,14.99751608373128,0.7595854056722136,-0.15911996618192742,0.8873720136518771,0.6372549019607843,1,18.19456736586892,159,79,183,96,0.7258036862290308,1.5374974722806962,-9.116902498488828,0.0,False,0.3669683338357852,0.36274510622024536,0.05396718553478056,0.26274511218070984,0.5058823823928833,95.41176679730415,28.708004334653275,4.183515890268388,0.20548912374228784,0.07592149580451271,0.6318020899609278,0.005787365808351054,12.747412835235778,44.66859583407077,7.689776753764114
708eb41a3fc8f2b6cd1f529cdf38dc4ad5d5f00ad30bdcba92884f37ff78d614,42,181.08796296296296,31.79050925925926,864.0,1004.0,864.0,134.9827560572969,131.04589347096623,45.930577148405064,26.59122295417226,0.8153674474321322,1.0178824051015887,0.8605577689243028,0.5950413223140496,1,33.16743834924821,167,7,200,51,0.632232437494664,1.7272833681836506,58.320365852946566,0.0,False,0.15500181935796584,0.13725490868091583,0.10547318873538908,0.019607843831181526,0.4941176474094391,133.92157192528248,11.871373040118993,2.358485346382145,0.4057562880222491,0.11909306749690848,0.8467196216682373,0.014387797792035684,5.389809627914687,18.352936452323295,7.257864109844158
708eb41a3fc8f2b6cd1f529cdf38dc4ad5d5f00ad30bdcba92884f37ff78d614,43,170.44615384615383,272.7846153846154,65.0,78.0,65.0,31.520815280171306,33.15417244944029,10.265562766748566,8.578078350221409,0.5493125671453404,1.2728973699432526,0.8333333333333334,0.5909090909090909,1,9.09728368293446,166,267,176,278,0.7430992730784932,1.1967205646336398,72.93164705105099,0.0,False,0.28862745922345384,0.29019609093666077,0.05951250797145293,0.1764705926179886,0.4000000059604645,18.760784849524498,66.2441732707522,6.342896186580395,0.1325032910182061,0.11515059838948871,0.39889219867082154,0.013305118566191002,37.38920875420875,95.09913778729565,6.303096330501771
708eb41a3fc8f2b6cd1f529cdf38dc4ad5d5f00ad30bdcba92884f37ff78d614,44,187.77881619937693,226.31619937694705,642.0,699.0,642.0,112.9116882454314,109.7285100014035,41.76361506790158,19.878382091440994,0.8794595179406286,-0.49994635298147067,0.9184549356223176,0.6196911196911197,1,28.590554169515052,170,213,207,241,0.670048019936239,2.100956449865388,-28.64481600879597,0.0,False,0.1931036641716818,0.1764705926179886,0.12197441313299302,0.027450980618596077,0.4627451002597809,123.9725523982197,18.27689162985322,3.059806143210813,0.3303023169580334,0.09564089264693484,0.8536434908703203,0.009281521582848206,6.960452333941467,29.593330925764977,7.613057610845995
708eb41a3fc8f2b6cd1f529cdf38dc4ad5d5f00ad30bdcba92884f37ff78d614,45,183.45302013422818,299.69127516778525,298.0,355.0,298.0,95.39696961966999,93.12351551222545,41.021047941899276,10.12316335650663,0.9690715980777846,-0.8265179113230345,0.8394366197183099,0.3449074074074074,1,19.47884453275087,171,286,198,318,0.43182462316755293,4.052196580976156,-47.355988010777914,0.0,False,0.14103171840660125,0.12156862765550613,0.08259778532021836,0.01568627543747425,0.40784314274787903,42.02745208516717,34.13973736409888,4.125571492832579,0.2759553795043216,0.09513895312507645,0.505398368487195,0.00914383546077422,19.080029270036093,49.199445458161655,7.297790671701353
708eb41a3fc8f2b6cd1f529cdf38dc4ad5d5f00ad30bdcba92884f37ff78d614,46,178.3577981651376,269.8348623853211,109.0,115.0,109.0,37.55634918610404,38.287168775981606,12.58622435827883,11.396986789877133,0.4243190270248623,-1.2600952626360256,0.9478260869565217,0.7569444444444444,1,11.780624362746345,173,265,185,277,0.9343936029362595,1.1043466655114478,-72.19814033347328,0.0,False,0.24691491895312562,0.23529411852359772,0.04579747366397231,0.18039216101169586,0.3764705955982208,26.913726165890694,55.76022405027733,5.382104961665751,0.21450014251365013,0.11396729701484432,0.3128633805405034,0.013020205567584202,34.14362044119277,77.37682765936188,6.544247034422688
708eb41a3fc8f2b6cd1f529cdf38dc4ad5d5f00ad30bdcba92884f37ff78d614,47,179.56521739130434,115.76811594202898,69.0,83.0,69.0,32.10660171779821,38.28716877598161,11.632417316095255,8.224509040891583,0.7071800279261866,1.505354122929753,0.8313253012048193,0.6634615384615384,1,9.373021315815206,176,110,184,123,0.5914968679137788,1.4143600862081653,86.25043791649254,0.0,False,0.399659000877021,0.4000000059604645,0.047575729581350326,0.27450981736183167,0.5137255191802979,27.57647106051445,45.21407451083158,5.369250087351503,0.16121337100067795,0.12209431065217763,0.2717889273222069,0.014992545892959444,28.47884346610762,61.94930555555554,6.19872434886954
708eb41a3fc8f2b6cd1f529cdf38dc4ad5d5f00ad30bdcba92884f37ff78d614,48,183.76842105263157,178.8421052631579,285.0,300.0,285.0,63.35533905932738,62.746144899134144,23.71415722121733,15.350959898892162,0.7622071920032014,1.1472163053115731,0.95,0.6884057971014492,1,19.04923279949934,175,168,193,191,0.9096632041829412,1.5447996332091727,65.73065248294483,0.0,False,0.2015135935001206,0.1725490242242813,0.08566742320394097,0.07450980693101883,0.43529412150382996,57.43137414753437,42.851981098484714,4.527646387157052,0.2608612901844169,0.0926296829967833,0.46353526454967187,0.008635140235053166,23.150785874986614,62.55317632198282,7.407802415073038
708eb41a3fc8f2b6cd1f529cdf38dc4ad5d5f00ad30bdcba92884f37ff78d614,49,180.8840579710145,261.4492753623188,69.0,94.0,69.0,36.89949493661167,40.73864804118845,11.349972729981786,9.517039679147226,0.5448897272273872,0.8584094057732329,0.7340425531914894,0.575,1,9.373021315815206,176,257,186,269,0.5224511988498158,1.1925948732619764,49.18323604513917,0.0,False,0.2904234271550524,0.2823529541492462,0.034342797798440905,0.21568627655506134,0.3960784375667572,20.039216473698616,25.582392217043683,3.672328263745511,0.26775429809404894,0.15007442003685423,0.46845410959452793,0.022662621967324038,17.4014487299622,33.763335704125176,5.7916598518850835
708eb41a3fc8f2b6cd1f529cdf38dc4ad5d5f00ad30bdcba92884f37ff78d614,50,183.11888111888112,202.52447552447552,143.0,159.0,143.0,48.45584412271571,49.01323702131956,17.693668625477695,10.474701009822128,0.8059359210244017,-1.0548496994619718,0.89937106918239,0.6470588235294118,1,13.493452297211721,177,194,190,211,0.7480301961692337,1.6891812576689627,-60.43843579981429,0.0,False,0.34509804803174693,0.3450980484485626,0.05022700414308129,0.2078431397676468,0.4470588266849518,49.34902086853981,37.446535116370725,4.585161272024379,0.20897371080702087,0.09634365093028735,0.48155634099940503,0.00932066076155223,21.675483153998776,53.217587078742675,7.0106096847953445
708eb41a3fc8f2b6cd1f529cdf38dc4ad5d5f00ad30bdcba92884f37ff78d614,51,189.42435424354244,280.8376383763838,271.0,304.0,271.0,69.4558441227157,69.870544898627,25.25415174219131,14.111394570184183,0.8293191405847871,-0.3425197341283213,0.8914473684210527,0.6642156862745098,1,18.575465448360347,178,274,202,291,0.6975749787013655,1.7896283472613361,-19.624935165495877,0.0,False,0.1918963949398801,0.1764705926179886,0.08117158412751775,0.054901961237192154,0.43921568989753723,52.003923028707504,27.74956649989261,3.659429473996072,0.2884822645526705,0.08645157161780334,0.5715673402633971,0.007534237329901366,16.466891169873087,39.03224182991214,7.466562621005007
708eb41a3fc8f2b6cd1f529cdf38dc4ad5d5f00ad30bdcba92884f37ff78d614,52,189.08759124087592,240.16788321167883,137.0,164.0,137.0,53.834523779156065,56.59771261306773,19.608698489736028,9.444713009378814,0.8763585274130511,-0.55467172603178,0.8353658536585366,0.5372549019607843,1,13.207339536360731,181,233,198,248,0.5374433232833771,2.0761560960363905,-31.780348916857676,0.0,False,0.2979247276365322,0.30588236451148987,0.041219567366543405,0.18039216101169586,0.3921568691730499,40.81568768620491,49.04282595448171,5.406601309846016,0.16942275514082192,0.09318309991035728,0.1932774112598095,0.008695267862370923,26.21632358017436,71.86932832878905,7.024732639759624
708eb41a3fc8f2b6cd1f529cdf38dc4ad5d5f00ad30bdcba92884f37ff78d614,53,202.04285714285714,254.02857142857144,630.0,798.0,630.0,129.29646455628165,125.26225200214066,37.95992241602242,27.7575432318736,0.6821279069269693,-0.19525791475944715,0.7894736842105263,0.6176470588235294,1,28.32209231647889,184,240,218,270,0.5045567061760249,1.367553392565145,-11.187454432241507,0.0,False,0.20665422268803157,0.20392157137393951,0.09409522392706972,0.04313725605607033,0.46666666865348816,130.1921602934599,18.335486277378454,3.047418762886946,0.32835177958874884,0.08457862602791591,0.7748061374946923,0.007236080846753696,9.246084682443316,27.424887872313594,7.724312932385059
708eb41a3fc8f2b6cd1f529cdf38dc4ad5d5f00ad30bdcba92884f37ff78d614,54,202.41296928327645,150.89078498293514,293.0,313.0,293.0,63.698484809834994,63.07146747027629,19.953134492166246,18.74539247985135,0.3426282548225445,0.3371923603144606,0.9361022364217252,0.7343358395989975,1,19.314740138231286,192,142,213,161,0.9255749939824397,1.0644287396816603,19.319699130073143,0.0,False,0.22109349394922778,0.1921568661928177,0.08898097499150148,0.0941176488995552,0.4901960790157318,64.78039372712374,31.733916159792752,3.8549531441378937,0.305659667109322,0.10588498362301763,0.5444992032668763,0.011283232239873374,16.12217954822249,47.345652771363014,7.154969429886156
708eb41a3fc8f2b6cd1f529cdf38dc4ad5d5f00ad30bdcba92884f37ff78d614,55,201.8819188191882,110.21033210332104,271.0,286.0,271.0,62.52691193458118,61.9607467357367,21.824284350507362,15.999836895916534,0.6800984387052726,-0.638970443526687,0.9475524475524476,0.7131578947368421,1,18.575465448360347,192,101,212,120,0.8870454419691287,1.3640316768527396,-36.610309647681476,0.0,False,0.3067506031576558,0.2862745225429535,0.09538576005984194,0.15294118225574493,0.5215686559677124,83.12941345572472,27.14827973470183,3.8438928902202045,0.2559971315956814,0.08369900070548385,0.7571758826376114,0.00704238485871975,12.946476728040608,41.35008274136305,7.622338095886525
708eb41a3fc8f2b6cd1f529cdf38dc4ad5d5f00ad30bdcba92884f37ff78d614,56,198.32530120481928,195.44578313253012,83.0,89.0,83.0,33.798989873223334,34.72496877623518,12.024357758410284,9.111753541822669,0.6525163396569827,-1.1406606705888924,0.9325842696629213,0.6916666666666667,1,10.280023453913834,194,190,204,202,0.864976340740741,1.319653533561773,-65.35504228130581,0.0,False,0.44129459506057833,0.43921568989753723,0.03912267442703116,0.3607843220233917,0.5137255191802979,36.627451390028,56.69906695979527,6.045981929016186,0.13889022308616533,0.1043489991806667,0.4927263678362444,0.01090923062524566,24.467301282442133,88.9308326371484,6.61934805415816
708eb41a3fc8f2b6cd1f529cdf38dc4ad5d5f00ad30bdcba92884f37ff78d614,57,208.93949044585986,59.031847133757964,314.0,371.0,314.0,87.1543289325507,85.30900212434965,38.89712853781342,11.098102564796575,0.9584325126096349,0.8395794890250668,0.8463611859838275,0.3866995073891626,1,19.994929783493642,196,44,224,73,0.5421878587587554,3.5048449327902205,48.10436128688655,0.0,False,0.20148620529064706,0.18039216101169586,0.08546628838134368,0.05098039284348488,0.4627451002597809,63.26666846126318,27.750076047416687,3.89448892032759,0.2546259298981142,0.09264471382687403,0.5818766827699977,0.008680950863105432,14.306967353289316,41.19318474154406,7.431469614818547
708eb41a3fc8f2b6cd1f529cdf38dc4ad5d5f00ad30bdcba92884f37ff78d614,58,207.55479452054794,129.28082191780823,292.0,313.0,292.0,68.698484809835,68.2044637968176,22.82518314856022,16.557160269050033,0.688338075103805,-0.9223827303794945,0.9329073482428115,0.731829573934837,1,19.281751659604673,198,119,217,140,0.7888003915475522,1.3785687145413985,-52.848637546498374,0.0,False,0.23734891806308128,0.21568627655506134,0.08869366094836117,0.05882352963089943,0.45490196347236633,69.30588407441974,29.913031921974678,3.9496215888940402,0.25991069933285554,0.08157258258096022,0.6151143855070746,0.006701287229883134,16.056969634960495,43.76909420898886,7.613315037199627
708eb41a3fc8f2b6cd1f529cdf38dc4ad5d5f00ad30bdcba92884f37ff78d614,59,205.25252525252526,42.686868686868685,99.0,111.0,99.0,38.83452377915607,40.08800289890416,14.935298855915239,8.676232906911235,0.8139597460116316,0.6687547951270691,0.8918918918918919,0.5857988165680473,1,11.227230955528665,199,37,212,50,0.7741341323181812,1.7214036340608392,38.31682728991709,0.0,False,0.24095861117045084,0.23529411852359772,0.05196640244875206,0.10196078568696976,0.3686274588108063,23.854902505874634,35.62288603325067,4.433900975141205,0.243272008330027,0.12973610411147002,0.3614948806752165,0.01685507435412938,21.003255112420632,50.24251695408071,6.312909190230738
708eb41a3fc8f2b6cd1f529cdf38dc4ad5d5f00ad30bdcba92884f37ff78d614,60,206.29545454545453,83.57792207792208,308.0,460.0,308.0,141.71067811865476,143.34275804309908,29.707041681955058,18.388248987272707,0.785401857800912,0.0040469730414854485,0.6695652173913044,0.48125,1,19.802974013476614,190,74,222,94,0.1883688418741189,1.6155448897019271,0.23187447508033843,0.0,False,0.36052967409615394,0.364705890417099,0.05185663408334289,0.1921568661928177,0.4941176474094391,111.04313962161541,18.62712176513306,3.029842058362756,0.32671396950680087,0.10536294106698305,0.6140036278783821,0.011138615114034842,11.545979810342942,25.708263719923185,7.042119172885154
708eb41a3fc8f2b6cd1f529cdf38dc4ad5d5f00ad30bdcba92884f37ff78d614,61,221.25547445255475,50.09124087591241,274.0,308.0,274.0,67.94112549695429,67.87914122567547,21.333233705263552,17.430790415361223,0.5765354771714062,-0.14701403786694142,0.8896103896103896,0.6555023923444976,1,18.677998695187732,209,41,231,60,0.7472875527396913,1.2238821761325995,-8.423283898952212,0.0,False,0.2907828903437531,0.30588236451148987,0.07543692192869418,0.12941177189350128,0.4588235318660736,79.67451195418835,29.095729501018976,4.084068408700427,0.23106669241190247,0.07361702200213144,0.689244951222006,0.005445333088137352,14.523207986898463,43.66825101513948,7.7729449062550735
708eb41a3fc8f2b6cd1f529cdf38dc4ad5d5f00ad30bdcba92884f37ff78d614,62,214.24468085106383,295.01063829787233,94.0,112.0,94.0,40.04163056034261,43.324880327508446,16.320298298054674,7.8446935578235175,0.8769010331192771,-0.8385270783462813,0.8392857142857143,0.47959183673469385,1,10.940041919714261,209,289,223,303,0.6293075962638363,2.0804252170919324,-48.04406259667764,0.0,False,0.38306216832171097,0.37843137979507446,0.054170621944745874,0.2549019753932953,0.501960813999176,36.00784382224083,31.740942774895828,4.456402349436557,0.19712365613499483,0.1110944213995156,0.5404298277495144,0.012348552586143886,14.754444472350583,48.727441077441064,6.50370981022948
708eb41a3fc8f2b6cd1f529cdf38dc4ad5d5f00ad30bdcba92884f37ff78d614,63,217.375,166.90384615384616,208.0,218.0,208.0,52.62741699796952,52.575437021065994,19.404733036918504,13.721850312644063,0.7070742105640091,-1.53583149507249,0.9541284403669725,0.7819548872180451,1,16.273715780512877,211,158,225,177,0.9455998971380626,1.4141484271285136,-87.99666271092097,0.0,False,0.17980769706460145,0.13725490868091583,0.11416425570088076,0.03921568766236305,0.4627451002597809,37.4000009894371,48.726545815240826,4.8125674611590235,0.2684138995623989,0.1093826763179837,0.5362116469574234,0.012044441693978974,25.87466093751111,71.57843069297054,6.979512755467983
708eb41a3fc8f2b6cd1f529cdf38dc4ad5d5f00ad30bdcba92884f37ff78d614,64,215.9158878504673,218.97196261682242,107.0,123.0,107.0,42.45584412271571,43.32488032750844,14.609978891394846,9.67279321251176,0.7494441497859672,-1.097566344050351,0.8699186991869918,0.5944444444444444,1,11.67204486311899,210,212,222,227,0.7163394978747925,1.5104198518889906,-62.88591924968876,0.0,False,0.4319956065895401,0.4313725531101227,0.03393489392653602,0.34117648005485535,0.5058823823928833,46.223529905080795,44.00113814113874,5.125595186226637,0.18916577772380166,0.09713933772158534,0.33245695476727694,0.00945671390297176,24.085108789691184,63.91716749258629,6.871150958067641
708eb41a3fc8f2b6cd1f529cdf38dc4ad5d5f00ad30bdcba92884f37ff78d614,65,227.6144578313253,296.71385542168673,332.0,349.0,332.0,69.35533905932738,68.43450159294527,24.92031786898115,17.134837804443773,0.7261038563780191,-0.4656261621960068,0.9512893982808023,0.6989473684210527,1,20.56004690782767,215,287,240,306,0.8908359409985716,1.4543655535810371,-26.67841392470511,0.0,False,0.19818096457565404,0.16470588743686676,0.08909874186558984,0.07058823853731155,0.45098039507865906,65.79608023911715,34.18695109194066,3.78179379508128,0.3357912060924986,0.1152879681309332,0.5428126245148643,0.013421819079318532,17.844410253957314,50.529491929924,7.113868621602729
708eb41a3fc8f2b6cd1f529cdf38dc4ad5d5f00ad30bdcba92884f37ff78d614,66,232.6580310880829,148.9740932642487,193.0,208.0,193.0,53.798989873223334,53.68615775560558,17.45772753627688,14.805083131269855,0.5299109652537086,1.4749993618394481,0.9278846153846154,0.7568627450980392,1,15.67594437773643,225,141,240,158,0.8414775360206354,1.1791711928590505,84.51123821789015,0.0,False,0.41970944373718816,0.41960784792900085,0.04538391324369078,0.3137255012989044,0.529411792755127,81.00392264127731,31.258665287583828,4.229241672029596,0.22898051201953334,0.08540149861487772,0.5441459649376458,0.0073062693278664655,17.33113496522204,45.186195609945614,7.392326400727187
708eb41a3fc8f2b6cd1f529cdf38dc4ad5d5f00ad30bdcba92884f37ff78d614,67,238.911227154047,195.7911227154047,383.0,404.0,383.0,80.42640687119285,78.93053204215556,32.334331690091894,15.367932722363369,0.8798334035382509,-0.7796765058861772,0.948019801980198,0.5892307692307692,1,22.082815618339236,226,182,251,208,0.7725357348208074,2.1040130949453646,-44.67217317278484,0.0,False,0.33261660492295697,0.3450980484485626,0.0848429386386014,0.12941177189350128,0.5058823823928833,127.39215968549252,16.807912782559264,2.9107913410259005,0.336791594959015,0.08187059293472282,0.8089443268915859,0.006773001982669273,8.977145162095361,24.638680403023162,7.66187802083412
708eb41a3fc8f2b6cd1f529cdf38dc4ad5d5f00ad30bdcba92884f37ff78d614,68,232.82558139534885,169.06976744186048,172.0,177.0,172.0,47.21320343559643,47.44244069452467,16.585317068374422,13.457593182234488,0.5844689243129629,-1.1024106142943715,0.9717514124293786,0.7678571428571429,1,14.798554040663838,227,162,241,178,0.9602941079337944,1.2324133181755617,-63.16347548949195,0.0,False,0.16108071543059724,0.1196078434586525,0.12764901850027383,0.0117647061124444,0.4470588266849518,27.705883054062724,62.2657461838765,5.431730852383454,0.2663735485435166,0.11980832971528474,0.5159139074586916,0.01442772189865238,33.9381445073731,90.5933478603799,6.867203485397173
708eb41a3fc8f2b6cd1f529cdf38dc4ad5d5f00ad30bdcba92884f37ff78d614,69,239.07434052757793,67.60191846522781,417.0,465.0,417.0,87.84062043356596,85.95964726663392,30.150080397129422,19.040876038164523,0.7753461536556382,1.4003861910558044,0.896774193548387,0.6405529953917051,1,23.04215463350949,229,52,250,83,0.7091803107091126,1.5834397711900543,80.23621843589855,0.0,False,0.18076833132967102,0.16862745583057404,0.09528673421732024,0.0313725508749485,0.4588235318660736,75.38039416447282,19.711863642764072,3.1545630223062657,0.33161813986539324,0.10363196149803322,0.7475901478871989,0.010965933289400678,10.14566034866413,29.27806693686402,7.3770202384448105
708eb41a3fc8f2b6cd1f529cdf38dc4ad5d5f00ad30bdcba92884f37ff78d614,70,235.8503937007874,270.251968503937,127.0,136.0,127.0,42.384776310850235,42.86480473525314,13.573365396437664,12.375842703034417,0.41069213886490624,1.4362507821197756,0.9338235294117647,0.6978021978021978,1,12.716187407449045,230,263,243,277,0.8685841210541488,1.0967629212925942,82.2911081378267,0.0,False,0.2469353161341562,0.24313725531101227,0.09927696510753814,0.10980392247438431,0.501960813999176,31.360785149037838,41.08930530469914,4.836737514030452,0.22778632076569832,0.11014059714513061,0.5710025130144347,0.012280585868786578,19.591587664563868,62.58702294483441,6.842265602035123
708eb41a3fc8f2b6cd1f529cdf38dc4ad5d5f00ad30bdcba92884f37ff78d614,71,239.72297297297297,258.8581081081081,148.0,159.0,148.0,45.970562748477136,46.657042531127225,16.06073963438138,12.02541949296197,0.6628566718213462,1.3132913489988378,0.9308176100628931,0.7254901960784313,1,13.727325035155395,234,252,246,269,0.8543526411654506,1.3355658522998832,75.24605156867585,0.0,False,0.21285109151456807,0.1882352977991104,0.08685288427327477,0.08235294371843338,0.41960784792900085,31.501961544156075,52.10728064454855,5.129513770410232,0.2281594929166693,0.09540311371797405,0.45987816941812504,0.00912108970197488,29.607806238592076,74.60675505050503,7.066730357080019
708eb41a3fc8f2b6cd1f529cdf38dc4ad5d5f00ad30bdcba92884f37ff78d614,72,245.2391304347826,147.3858695652174,184.0,194.0,184.0,50.970562748477136,51.00464069427109,16.10446138616135,15.078098835146028,0.3512853830472888,-0.11786036478066171,0.9484536082474226,0.7666666666666667,1,15.306079714651624,239,140,254,156,0.8888087103316692,1.0680697588095749,-6.752901473804247,0.0,False,0.30057545508379524,0.2862745225429535,0.07098498360824958,0.18431372940540314,0.48235294222831726,55.30588373541832,29.832039482210803,3.9883034377030033,0.2653229702129508,0.101302645506548,0.6590780194684918,0.010344924411571092,15.73142654621019,43.93265241821142,7.123559467332441
708eb41a3fc8f2b6cd1f529cdf38dc4ad5d5f00ad30bdcba92884f37ff78d614,73,249.82417582417582,92.37912087912088,182.0,204.0,182.0,57.698484809834994,61.96074673573669,20.404247459428994,11.72364131476137,0.8184563788239005,1.3176751246395266,0.8921568627450981,0.7222222222222222,1,15.222667215103916,244,82,256,103,0.5957279351969796,1.7404360054702266,75.49722341121958,0.0,True,0.29562595060893465,0.2921568751335144,0.06711453211236805,0.125490203499794,0.4588235318660736,53.80392301082611,23.330991766208832,3.7634740745201367,0.23289457159412755,0.08927740413441727,0.6420406266475562,0.008012529455350997,11.52308889091028,35.138894641507385,7.246259256086388
708eb41a3fc8f2b6cd1f529cdf38dc4ad5d5f00ad30bdcba92884f37ff78d614,74,250.73376623376623,231.2207792207792,154.0,161.0,154.0,48.62741699796952,48.783199225191915,18.529828296603863,10.853405743891614,0.8105089940523573,1.4307635825258074,0.9565217391304348,0.7777777777777778,1,14.002817212590296,245,223,256,241,0.8131862536141815,1.7072823714374268,81.97671475974643,0.0,True,0.2673796856558168,0.250980406999588,0.07841794543093245,0.14509804546833038,0.4745098054409027,41.17647159099579,39.481849432050495,4.333666857785293,0.26648865827130364,0.10283533081162902,0.49330673231175176,0.010614669394499253,23.371230937351374,55.59246792674962,6.901411855831444
708eb41a3fc8f2b6cd1f529cdf38dc4ad5d5f00ad30bdcba92884f37ff78d614,75,252.25,57.34239130434783,184.0,197.0,184.0,66.14213562373095,65.38819371436996,31.719542628288558,7.549497106926858,0.9712632541772129,1.5389609393330135,0.934010152284264,0.7666666666666667,1,15.306079714651624,248,43,256,73,0.5407904403566707,4.201543782192466,88.1759666592704,0.0,True,0.09168798206171588,0.07058823853731155,0.05606144679333709,0.027450980618596077,0.27843138575553894,16.87058869935572,36.05553679528418,4.066230757794517,0.29318501429610105,0.12277683446575306,0.49962123714583206,0.015146368777654014,18.360212072236077,53.750861518332286,6.583803615263569
708eb41a3fc8f2b6cd1f529cdf38dc4ad5d5f00ad30bdcba92884f37ff78d614,76,250.92537313432837,312.53731343283584,67.0,82.0,67.0,37.55634918610404,42.86480473525314,15.35319699289345,6.2237547264422775,0.9141518571434878,1.5481348052313106,0.8170731707317073,0.6836734693877551,1,9.23618154310838,248,306,255,320,0.458229418193921,2.4668705094793943,88.70159045706183,0.0,True,0.2478197315958009,0.24313725531101227,0.08338536268484999,0.12156862765550613,0.43921568989753723,16.60392201691866,36.82431885711079,4.421231580619589,0.24751104865385767,0.12886033455000717,0.6514263122265691,0.01667252219675196,16.775644403184796,56.87299331103678,6.020795952823764
708eb41a3fc8f2b6cd1f529cdf38dc4ad5d5f00ad30bdcba92884f37ff78d614,77,254.25,311.625,16.0,20.0,16.0,13.656854249492381,19.651302367753352,8.488889514877705,2.5862627098188162,0.9524597541832392,-1.5017407055387215,0.8,0.6666666666666666,1,4.51351666838205,253,308,256,316,0.5206515559456071,3.2822997766813895,-86.04340435036727,0.0,True,0.23357843421399593,0.22549019753932953,0.03583380466653873,0.1882352977991104,0.3529411852359772,3.737254947423935,30.251420454545453,3.1998782467532467,0.19795514636660044,0.310006989063043,0.195194839699972,0.13432403888724911,31.90909090909091,28.59375,2.8586324084959536
c0152b1a260e71f9823d17f4fbb4bf7020d5dce62b4a12b3099c1c8e52a1c43a,1,45.81854472872437,118.57321720195972,5511.0,7310.0,5511.0,505.5523445727472,490.9341166594102,123.16073674159851,73.19378543423454,0.8042472819078677,0.2608311434088027,0.7538987688098495,0.5132240640715217,1,83.76647975792872,0,75,118,166,0.28733851807140415,1.6826665817449742,14.944523682895916,0.0,True,0.13889298442458134,0.11764705926179886,0.09433447071725382,0.0,0.5058823823928833,765.4392371638678,6.3716838265075175,1.6794906224635509,0.48973822596283223,0.11582433660046415,0.8839574360858793,0.013734568062059492,2.8162313745634378,9.927136278451595,7.048771404141266
c0152b1a260e71f9823d17f4fbb4bf7020d5dce62b4a12b3099c1c8e52a1c43a,2,65.8874546187979,208.13473174667203,2479.0,2917.0,2479.0,281.4274528917193,273.87275939289424,74.91627636082339,47.30994269073058,0.775372461121783,-0.8157360483903819,0.8498457319163524,0.5441176470588235,1,56.18149901345165,37,178,104,246,0.4153256139383017,1.58352075906238,-46.73823276944837,0.0,False,0.16366182244429758,0.14901961386203766,0.07448471088570645,0.0,0.4431372582912445,405.71765783941373,7.417892825156007,1.852373332615393,0.44962611959865456,0.11020558288575048,0.8337847029108209,0.01247034636276705,3.2066820505591016,11.629103599752913,7.112621340436521
c0152b1a260e71f9823d17f4fbb4bf7020d5dce62b4a12b3099c1c8e52a1c43a,3,61.96788990825688,4.628440366972477,218.0,228.0,218.0,60.62741699796952,60.15991261281414,23.71265945388026,12.398504419170813,0.8524158990858457,-0.1451296506157511,0.956140350877193,0.7569444444444444,1,16.66031874701878,52,0,76,12,0.7569234569241409,1.9125419205573921,-8.315316462490747,0.0,True,0.16589315025212772,0.13725490868091583,0.13040551974782977,0.0,0.501960813999176,36.164706754963845,33.98532000860141,4.059575947201149,0.27740357699113194,0.0962196087384461,0.6481309343858472,0.00936610283616298,15.53664859566151,52.433991421541315,7.172553661171197
c0152b1a260e71f9823d17f4fbb4bf7020d5dce62b4a12b3099c1c8e52a1c43a,4,75.3638368246968,250.6361631753032,907.0,1021.0,907.0,137.53910524340094,133.8621635534139,46.787024652114184,25.95066974858329,0.8320802440058916,-0.6782539203677053,0.8883447600391773,0.5700817096165933,1,33.982764264767994,55,233,98,270,0.6360649592867436,1.802921662731591,-38.86108707527173,0.0,False,0.3219750613434181,0.3137255012989044,0.06971962892637225,0.1411764770746231,0.5333333611488342,292.0313806384802,16.701636218681763,2.9773866339660624,0.30790454549891344,0.07843742336122382,0.6824092821113268,0.006243866674518428,8.420180976987648,24.98309146037587,7.831467454849083
c0152b1a260e71f9823d17f4fbb4bf7020d5dce62b4a12b3099c1c8e52a1c43a,5,72.23738872403561,165.29376854599406,337.0,420.0,337.0,100.39696961966999,98.25651183876678,35.448106110794264,14.70817215772619,0.9098573318138693,-0.9786962902603245,0.8023809523809524,0.48142857142857143,1,20.71428798138497,59,150,84,178,0.43864893588417375,2.4100959473861887,-56.07516685702717,0.0,False,0.2411357497337664,0.24705882370471954,0.056656912997399486,0.12156862765550613,0.3607843220233917,81.26274766027927,30.170537526426514,4.220683522513373,0.22680799879876323,0.06918577315929164,0.7066455504753759,0.004809226371246563,13.180187661777392,47.160887391075626,7.987271184986251
c0152b1a260e71f9823d17f4fbb4bf7020d5dce62b4a12b3099c1c8e52a1c43a,6,68.25,239.67857142857142,56.0,60.0,56.0,25.899494936611664,27.235777959501515,9.897671438068869,7.286791104034177,0.6767502540389821,-0.5883874880061867,0.9333333333333333,0.7777777777777778,1,8.444016491289505,64,236,73,244,0.9486768899873901,1.3583031675752628,-33.71211978105884,0.0,False,0.15637255386848534,0.15294118225574493,0.06810551094529736,0.0470588244497776,0.30588236451148987,8.75686301663518,71.07829414391398,6.676023970743225,0.13979681852962758,0.13010726842485487,0.35570671831961354,0.017016100997180945,36.09680534447821,106.05978294334975,5.984169974675222
c0152b1a260e71f9823d17f4fbb4bf7020d5dce62b4a12b3099c1c8e52a1c43a,7,71.25925925925925,176.85185185185185,27.0,38.0,27.0,17.863961030678926,24.78429869429468,10.360437282380436,4.317653868513165,0.9090237253579662,0.5872412214651381,0.7105263157894737,0.42857142857142855,1,5.863230142835039,68,174,77,181,0.5523576322224741,2.3995525342906134,33.6464435460597,0.0,False,0.2907770629282351,0.29019609093666077,0.027226046670994326,0.22745098173618317,0.3333333432674408,7.850980699062347,106.96391674093881,8.234642379679144,0.13312839222196798,0.2446153801881949,0.0431876676866384,0.06296209182100973,51.98635620915033,161.9414772727273,4.202392601991852
c0152b1a260e71f9823d17f4fbb4bf7020d5dce62b4a12b3099c1c8e52a1c43a,8,105.15531335149863,156.1353315168029,1101.0,1221.0,1101.0,157.09545442950497,151.61734702323022,65.98239888539347,22.42416013377245,0.940479423571044,-0.684028699024947,0.9017199017199017,0.4497549019607843,1,37.441110276718746,82,134,133,182,0.6018654268018527,2.9424691266817646,-39.19195751995391,0.0,False,0.16740574961787025,0.14901961386203766,0.08411061579938459,0.03529411926865578,0.48627451062202454,184.31373032927513,8.321178160414526,1.9415296158510904,0.4462491512815105,0.10971448346883161,0.8465066036107345,0.0122551822031749,4.349432939289731,12.292923381539321,7.102951592011334
c0152b1a260e71f9823d17f4fbb4bf7020d5dce62b4a12b3099c1c8e52a1c43a,9,111.97810218978103,206.7096512570965,1233.0,1371.0,1233.0,160.92388155425118,155.63962261523193,54.765153095617094,30.79965220907573,0.8268686613843695,-0.9000588745484034,0.899343544857768,0.5539083557951483,1,39.6220186090822,93,186,135,239,0.6396355636354639,1.778109464478935,-51.56957482491834,0.0,False,0.06954821063294729,0.027450980618596077,0.0850794922621452,0.0,0.3803921639919281,85.752943710424,9.188374703737502,1.78173994077025,0.5394997647041828,0.2506192180584426,0.8696747174724544,0.06324002974126738,4.356219365005948,14.020530042469053,5.869856212937788
c0152b1a260e71f9823d17f4fbb4bf7020d5dce62b4a12b3099c1c8e52a1c43a,10,104.61774744027304,7.508532423208191,293.0,317.0,293.0,72.04163056034261,70.98126563316659,21.741009097092842,18.050547105243872,0.5573860982656949,0.12319668878119362,0.9242902208201893,0.8207282913165266,1,19.314740138231286,95,0,116,17,0.7307856433278921,1.204451531044001,7.058650317149092,0.0,True,0.26010841972897075,0.27450981736183167,0.07581826197901069,0.062745101749897,0.4156862795352936,76.21176698058844,23.29803218946705,3.564958449033208,0.2735835804600219,0.08942406620420354,0.7230555150563214,0.008079635624851355,12.863459463658229,33.73260491527587,7.452027280379824
c0152b1a260e71f9823d17f4fbb4bf7020d5dce62b4a12b3099c1c8e52a1c43a,11,149.53302497687326,246.83515263644773,5405.0,7156.0,5405.0,485.3158005400378,465.0785654766746,120.79776323381928,72.14633765001183,0.8020559131416399,-1.336769938004776,0.7553102291783119,0.522070897324447,1,82.95697522989586,106,183,193,302,0.31401682188797314,1.6743436627347565,-76.59127562763837,0.0,False,0.18641128022099648,0.1882352977991104,0.10812619853794252,0.0,0.5411764979362488,1007.5529695944861,5.458915278309935,1.6114825385031533,0.48405719271424025,0.10125551287258787,0.9207439663364545,0.010481098099787662,2.355897228242844,8.561933328377025,7.257635278968133
c0152b1a260e71f9823d17f4fbb4bf7020d5dce62b4a12b3099c1c8e52a1c43a,12,142.72628135223556,161.94111232279172,917.0,961.0,917.0,121.46803743153546,118.23313677766228,42.68809150609134,27.482072723244254,0.7652040658200128,-0.8592236803466036,0.9542143600416233,0.6884384384384384,1,34.16958680642984,125,144,161,181,0.8243293749039411,1.5533068388246378,-49.22989054155812,0.0,False,0.1277653082099214,0.09803921729326248,0.092805894783455,0.0,0.4117647111415863,117.16078762849793,16.238416090690507,2.697815011087789,0.3810044855489653,0.10022418067997316,0.7760119417481552,0.0102428015410031,6.485629801413456,25.99120237996756,7.394157481543083
c0152b1a260e71f9823d17f4fbb4bf7020d5dce62b4a12b3099c1c8e52a1c43a,13,144.83529411764707,316.83529411764704,85.0,127.0,85.0,49.692388155425114,72.41730893884832,22.403841962586803,7.245266460019288,0.946264427723813,-0.09791988402343837,0.6692913385826772,0.4497354497354497,1,10.403141895720198,129,313,156,320,0.20367795476049266,3.092204004671922,-5.610396084953518,0.0,True,0.20922722518444062,0.20392157137393951,0.03685492242920078,0.14901961386203766,0.3176470696926117,17.784314140677452,39.71791824247181,4.561180575377004,0.23319453786523078,0.13329165248433894,0.44982059860188717,0.017892377403683282,21.1428440607012,58.29299242424242,6.041544913267432
c0152b1a260e71f9823d17f4fbb4bf7020d5dce62b4a12b3099c1c8e52a1c43a,14,201.3515406162465,170.60504201680672,714.0,752.0,714.0,107.84062043356595,104.92083624600433,37.129961453669765,24.827851546196232,0.7435554184271996,1.3642230291857262,0.949468085106383,0.7846153846153846,1,30.15116971098976,189,154,215,189,0.8150506330205021,1.495496353544062,78.16422188689464,0.0,False,0.19708354464739936,0.18627451360225677,0.11524002977839103,0.0,0.5215686559677124,140.71765087824315,13.219558364257932,2.646177249156244,0.34381063859838856,0.07997978425604732,0.8348679595803215,0.006530625248736623,6.140045389488251,20.299071339027613,7.732178367204691
c0152b1a260e71f9823d17f4fbb4bf7020d5dce62b4a12b3099c1c8e52a1c43a,15,228.69007263922518,16.7409200968523,413.0,446.0,413.0,85.35533905932738,88.18108873571312,28.45192738972685,18.829758327808353,0.7496719749103377,0.128619774681966,0.9260089686098655,0.7495462794918331,1,22.93137440223813,215,7,244,26,0.6674350390219613,1.5110086329524575,7.369370251200253,0.0,False,0.3534254452651119,0.3607843220233917,0.07791853906590777,0.19607843458652496,0.5176470875740051,145.9647088944912,19.736991992833534,3.3267052710534237,0.27996760633303364,0.07463216596498326,0.7967053014836043,0.00566025140571157,6.839038596939361,32.63494538872771,7.8126234090295075
c0152b1a260e71f9823d17f4fbb4bf7020d5dce62b4a12b3099c1c8e52a1c43a,16,242.72450980392156,80.34411764705882,1020.0,1100.0,1020.0,138.32590180780454,142.4226068585885,46.02288603743244,29.140509358289435,0.7740092288536339,-1.4153486079557493,0.9272727272727272,0.7178043631245602,1,36.03754064347158,227,55,256,104,0.6319055567233783,1.57934391165131,-81.0935017755806,0.0,True,0.30891196397589704,0.30980393290519714,0.0930792418406272,0.09803921729326248,0.529411792755127,315.09020325541496,14.268819272461876,2.7361474690055423,0.33061165416841964,0.0730710422784086,0.8133498497104373,0.005471212192835816,6.1117986684430115,22.42583987648074,7.933926403880891
d3ce382f190ee24729bd2e80684c11bef72bc9c733cdbbc19a17d2c1b2e775f7,1,5.456410256410257,184.4102564102564,195.0,201.0,195.0,50.970562748477136,51.004640694271096,19.59852739647913,12.70190774045837,0.7615508092176207,1.5658284707195171,0.9701492537313433,0.8552631578947368,1,15.756957549709801,0,175,12,194,0.9419440136667143,1.5429593567313915,89.71536281365233,0.0,True,0.24549020433273072,0.27450981736183167,0.07035703498946486,0.08627451211214066,0.3490196168422699,47.87058984488249,52.3436967709251,5.1143558651952,0.26291713387225546,0.11170928875983392,0.5094476825157968,0.012529782752493553,24.628173996217598,80.0592195456326,7.112282031120338
d3ce382f190ee24729bd2e80684c11bef72bc9c733cdbbc19a17d2c1b2e775f7,2,74.6029411764706,119.55882352941177,204.0,215.0,204.0,52.62741699796952,52.575437021065994,19.055374476248442,13.649719737000433,0.6977733302889222,1.384508371613534,0.9488372093023256,0.7669172932330827,1,16.11647812414279,68,110,82,129,0.9274152837315612,1.3960267934728978,79.32648639398569,0.0,False,0.12912341904844724,0.13725490868091583,0.0235612657926699,0.062745101749897,0.16862745583057404,26.341177485883236,48.56036047356913,5.033047318995687,0.22935082904597237,0.0968621855910137,0.3081157487492903,0.00941013710902332,27.688385371552094,69.43233557558617,7.134554409212354
d3ce382f190ee24729bd2e80684c11bef72bc9c733cdbbc19a17d2c1b2e775f7,3,95.26041666666667,252.47916666666666,96.0,101.0,96.0,40.48528137423857,41.063970612330586,17.265430110651977,7.459640912177773,0.9018465503887745,-0.037830426616359644,0.9504950495049505,0.8067226890756303,1,11.055812783082736,87,249,104,256,0.7154169347124553,2.314512228392438,-2.167523782296783,0.0,True,0.3012663471357276,0.3274509906768799,0.09436920899951713,0.10588235408067703,0.4156862795352936,28.92156932502985,79.23326197063827,6.567565147457624,0.19229674001815228,0.11134111429219894,0.46171155989218765,0.012421194818671901,32.87627489913091,125.59024904214562,6.5450186995456345
d3ce382f190ee24729bd2e80684c11bef72bc9c733cdbbc19a17d2c1b2e775f7,4,161.48322147651007,9.912751677852349,149.0,154.0,149.0,42.970562748477136,43.42016510252294,15.551523442306951,12.185795692690984,0.6212963382898677,-1.5504105044192105,0.9675324675324676,0.8277777777777777,1,13.773623058786647,156,3,168,18,0.9931462141844265,1.2762009009912028,-88.83197841596983,0.0,False,0.15346756537488643,0.16078431904315948,0.03495961713758772,0.07450980693101883,0.21568627655506134,22.866667240858078,51.83309260528083,5.412298561008322,0.20246255224257953,0.09775335231668454,0.45271078971613776,0.009577754015267394,25.380234078292958,78.2859511322687,7.039637659283667
d3ce382f190ee24729bd2e80684c11bef72bc9c733cdbbc19a17d2c1b2e775f7,5,182.459649122807,142.10877192982457,285.0,297.0,285.0,62.76955262170047,62.190784531864345,22.850568373624196,15.886694111084918,0.7187749229172103,-0.7327363677256509,0.9595959595959596,0.7125,1,19.04923279949934,173,133,193,153,0.9259822314714873,1.438346342785076,-41.9827013664257,0.0,False,0.19466116530330557,0.2078431397676468,0.04131157035340299,0.08627451211214066,0.250980406999588,55.47843211144209,49.6363666728583,5.043547330788238,0.2200235071794904,0.08466940774068166,0.44541145025085166,0.0071877684509645216,25.559844729425727,73.71288861629088,7.535514673607137
d3ce382f190ee24729bd2e80684c11bef72bc9c733cdbbc19a17d2c1b2e775f7,6,217.1119691119691,14.03088803088803,259.0,274.0,259.0,59.11269837220809,58.72386930713242,20.63208159366618,16.009197383552827,0.6308102963819809,-0.7018582710354713,0.9452554744525548,0.7174515235457064,1,18.159544104586082,208,5,227,24,0.9438007132279886,1.2887642708973472,-40.213516746681535,0.0,False,0.19931865129691753,0.21568627655506134,0.0537914712466625,0.0784313753247261,0.27450981736183167,51.62353068590164,50.01936675651057,5.097331074376099,0.22760017416137443,0.08514952547288202,0.5504814980345356,0.0072643438818019174,22.501456951608944,77.5372765614122,7.528567170248058
d3ce382f190ee24729bd2e80684c11bef72bc9c733cdbbc19a17d2c1b2e775f7,7,220.7076923076923,192.1769230769231,130.0,135.0,130.0,41.45584412271571,41.984121796841194,15.412038061340578,10.766811539391936,0.7155148549296824,-0.37573203127684396,0.9629629629629629,0.7222222222222222,1,12.865501965161373,214,187,229,199,0.9267936932902485,1.4314393824906668,-21.5278596200406,0.0,False,0.18473605141043664,0.20000000298023224,0.03738801623549096,0.09803921729326248,0.23529411852359772,24.015686683356762,70.13272288208302,6.042192330197346,0.208655049131861,0.1079603302741371,0.3579410730592161,0.011717106205441488,39.49258995517578,100.77285580899024,6.873694209073658
10328b822b836e67b547b4144e0b7eb43747c114ce4cacd8b540648892945b00,1,33.471698113207545,153.66037735849056,53.0,56.0,53.0,24.48528137423857,25.89501942883427,8.448477624054808,7.974653719650828,0.33018550837557464,0.22003816845108756,0.9464285714285714,0.828125,1,8.214724333230155,30,150,38,158,0.9932378272713298,1.0594162356211658,12.60725838403598,0.0,False,0.47961525703376195,0.4745098054409027,0.1240005636729477,0.18431372940540314,0.7176470756530762,25.419608622789383,75.10978413232408,6.979352396972244,0.12619905700496614,0.12962323643785023,0.14164308016006202,0.01692542555762635,53.84715447154471,96.37241379310343,5.965684719972469
10328b822b836e67b547b4144e0b7eb43747c114ce4cacd8b540648892945b00,2,50.775757575757574,250.8121212121212,165.0,169.0,165.0,48.384776310850235,48.55316142906426,19.25150452429364,11.32165804379198,0.8087939554488472,0.036449228305782226,0.9763313609467456,0.7894736842105263,1,14.494292838262302,42,245,61,256,0.8795464533320957,1.7004138837111271,2.0883869484300974,0.0,True,0.19805110331737633,0.20000000298023224,0.03721735482664327,0.10588235408067703,0.30588236451148987,32.678432047367096,28.887523266565623,4.148932851796028,0.22576540267414147,0.09739785305209245,0.453900686009363,0.009500593048046324,16.820941888518576,40.95410464461267,7.023645196734821
10328b822b836e67b547b4144e0b7eb43747c114ce4cacd8b540648892945b00,3,65.47463768115942,40.59057971014493,276.0,284.0,276.0,59.45584412271571,59.04919187827456,19.59191941927272,17.960118351745205,0.39955206089950424,0.8460523380255308,0.971830985915493,0.8070175438596491,1,18.746042631630413,57,32,75,51,0.9946975064613063,1.0908569217401038,48.47522821603861,0.0,False,0.2614521253584088,0.26274511218070984,0.06496456490235492,0.09803921729326248,0.4470588266849518,72.16078659892082,20.486332818659534,3.5151428099778226,0.2473781069823292,0.08627483783907017,0.6161028150786612,0.007508766679338419,11.07580125113963,29.89686438617944,7.421044105456772
10328b822b836e67b547b4144e0b7eb43747c114ce4cacd8b540648892945b00,4,87.78540772532189,114.39484978540773,233.0,241.0,233.0,54.62741699796952,54.47155591900304,18.342240115239367,16.220728845416385,0.46684833883478805,0.31755032360447566,0.966804979253112,0.8090277777777778,1,17.22396045987371,79,107,97,123,0.9867933721743832,1.1307901321846259,18.194293325549978,0.0,False,0.2896575031106564,0.29411765933036804,0.05600743668279797,0.13333334028720856,0.41960784792900085,67.49019822478294,32.31501474003138,4.461271313946422,0.2020012181113558,0.08153547136392622,0.46551250649971937,0.006671267522577395,18.706923479163454,45.92310600089931,7.542966564861008
10328b822b836e67b547b4144e0b7eb43747c114ce4cacd8b540648892945b00,5,96.55135135135136,6.405405405405405,185.0,196.0,185.0,50.384776310850235,50.4492803270013,16.840707992060906,14.119559111569268,0.5450271738146772,-0.43832529735161246,0.9438775510204082,0.8258928571428571,1,15.347615963921077,89,0,105,14,0.9134223667286221,1.1927219440061685,-25.114189592064236,0.0,True,0.3937043011188507,0.4000000059604645,0.10669697942602788,0.14509804546833038,0.6901960968971252,72.83529570698738,41.40857183014258,4.843614172337775,0.21645501276622772,0.09898105222283446,0.27158218672471773,0.009802157243145052,26.391647879284097,56.42549578100107,7.1267417777311
10328b822b836e67b547b4144e0b7eb43747c114ce4cacd8b540648892945b00,6,107.98381877022653,83.26860841423948,309.0,322.0,309.0,64.2842712474619,63.62682783754609,20.938193434853556,18.839978384996652,0.43632309467165686,1.2607483709000358,0.9596273291925466,0.8131578947368421,1,19.83509564693766,99,74,118,94,0.9591528024176511,1.1113703533507147,72.23556068056618,0.0,False,0.24543436274270022,0.250980406999588,0.043878501479923865,0.12156862765550613,0.34117648005485535,75.83921808749437,29.249991002313195,4.20200075807435,0.21264218473524094,0.0783086030332273,0.5180274945021232,0.006150757925045632,18.584923471280423,39.91505853334597,7.6806274588750565
10328b822b836e67b547b4144e0b7eb43747c114ce4cacd8b540648892945b00,7,113.625,246.3653846153846,208.0,219.0,208.0,52.04163056034261,52.020076653796195,17.53562805498049,15.12385660664004,0.5061175690629038,0.900417103294539,0.9497716894977168,0.7647058823529411,1,16.273715780512877,106,239,122,256,0.9658979033610295,1.1594680187116806,51.59009982017218,0.0,True,0.2519419385979955,0.2549019753932953,0.044165801787017886,0.13333334028720856,0.35686275362968445,52.403923228383064,34.221852796928545,4.469334231320733,0.21321860660484962,0.08471094688144165,0.4630805227230575,0.007195819385662784,20.057079609150257,48.386625984706846,7.447485334235129
10328b822b836e67b547b4144e0b7eb43747c114ce4cacd8b540648892945b00,8,122.13186813186813,146.04761904761904,273.0,282.0,273.0,59.45584412271571,59.049191878274556,20.01059336782005,17.409360138889525,0.49303903141959,-0.5535319462277917,0.9680851063829787,0.7982456140350878,1,18.643883600599406,113,138,132,156,0.9838855770432489,1.1494157860012222,-31.715044344514894,0.0,False,0.2344897000507994,0.239215686917305,0.04191024082862167,0.11764705926179886,0.3333333432674408,64.01568811386824,33.41141013246343,4.400321939269226,0.21142694196174067,0.07458763396747231,0.43845750445805975,0.005576901251418055,21.0235559747598,45.79926429016706,7.752253813039675
10328b822b836e67b547b4144e0b7eb43747c114ce4cacd8b540648892945b00,9,144.44932432432432,233.8108108108108,296.0,311.0,296.0,63.941125496954285,63.301505266403936,20.504869462893556,18.460075757508505,0.43531614638045457,-0.34123993761645355,0.9517684887459807,0.7789473684210526,1,19.413369239820483,135,225,155,244,0.9282682586004216,1.1107684352028373,-19.551608226730288,0.0,False,0.20463699434657354,0.20392157137393951,0.03744418921135588,0.11372549086809158,0.29411765933036804,60.57255032658577,33.27014170619857,4.493428104008546,0.20509217567563537,0.07704905271567655,0.5188745914620082,0.005963216040055903,20.094036261855052,46.44624715054209,7.720848730510827
10328b822b836e67b547b4144e0b7eb43747c114ce4cacd8b540648892945b00,10,144.90277777777777,172.87037037037038,216.0,224.0,216.0,52.62741699796952,52.575437021065994,18.042396457112,15.363978458148276,0.5242755821892726,-1.4987531779854837,0.9642857142857143,0.8,1,16.583719174624104,138,164,153,182,0.9819691239510648,1.1743310175980641,-85.8722316303877,0.0,False,0.2740014598325447,0.2666666805744171,0.06115587575864626,0.125490203499794,0.4431372582912445,59.18431532382965,23.76941496334765,3.7629431801611615,0.24019679929455873,0.08807393157912977,0.6201789514301617,0.007800357297450109,12.866431337630036,34.67239858906527,7.32301770947868
10328b822b836e67b547b4144e0b7eb43747c114ce4cacd8b540648892945b00,11,162.1602564102564,91.625,312.0,329.0,312.0,65.35533905932738,64.6422637970712,20.70827624001658,19.200526749247235,0.3745889797977262,0.8259833647273155,0.9483282674772037,0.7428571428571429,1,19.931149940667517,152,82,173,102,0.9382775899474827,1.0785264649485962,47.32536074689013,0.0,False,0.24164153530429572,0.24313725531101227,0.042333115388383524,0.11764705926179886,0.37254902720451355,75.39215901494026,23.59283998209103,3.5729095290458903,0.268319005096747,0.08896913283451587,0.45023685107352107,0.007975661369034333,14.19181385325361,32.99386611092845,7.385840951321208
10328b822b836e67b547b4144e0b7eb43747c114ce4cacd8b540648892945b00,12,162.4025974025974,181.88311688311688,77.0,80.0,77.0,30.384776310850235,31.4880913476309,10.780243848585219,9.153119471785974,0.5282896257954393,1.2742335483758402,0.9625,0.7,1,9.901487006738307,158,177,168,188,0.9759058377210136,1.1777671953059035,73.00820443591466,0.0,False,0.33256939924382545,0.3294117748737335,0.08593827391535508,0.14901961386203766,0.5333333611488342,25.60784374177456,61.569036880921516,6.208182103263059,0.14635287471103792,0.10645266975354037,0.3200178756130758,0.011354626086458925,28.901049406646415,94.23702435519661,6.559525483855004
10328b822b836e67b547b4144e0b7eb43747c114ce4cacd8b540648892945b00,13,175.4078947368421,18.67105263157895,76.0,89.0,76.0,33.3492424049175,37.176448041442015,11.696603273049877,8.697023935547305,0.6686789549839368,0.6821444783708914,0.8539325842696629,0.5846153846153846,1,9.83698151873187,170,14,183,24,0.6910153094470459,1.3448972153844956,39.083999628805145,0.0,False,0.23601651799521947,0.23529411852359772,0.040747737051003666,0.16470588743686676,0.3294117748737335,17.93725536763668,50.163783880311435,5.595951019558183,0.16480014973512389,0.12344681108654582,0.4758415260568785,0.015270772854934292,28.13765669342919,72.18991106719368,6.227823583396537
10328b822b836e67b547b4144e0b7eb43747c114ce4cacd8b540648892945b00,14,178.734375,46.59375,192.0,204.0,192.0,51.698484809834994,51.69475408265404,18.218267386388113,13.695809657996392,0.6594339931338067,0.6277309604700129,0.9411764705882353,0.7058823529411765,1,15.635280380893438,171,39,188,55,0.9028552865871361,1.3302074022145345,35.966334704625254,0.0,False,0.35790441984621185,0.3588235378265381,0.07806052764981379,0.14509804546833038,0.6235294342041016,68.71764861047268,25.845575314099992,3.755091393412642,0.24803636388972128,0.09461597642418201,0.39212883851450037,0.008977887858571686,16.482169465056593,35.20898116314339,7.1048501168328695
10328b822b836e67b547b4144e0b7eb43747c114ce4cacd8b540648892945b00,15,184.05072463768116,14.304347826086957,138.0,148.0,138.0,43.45584412271571,43.88024069477824,14.974291588277405,11.88292488230853,0.6084984505830685,0.8011615775716769,0.9324324324324325,0.6571428571428571,1,13.255453865237978,177,8,192,22,0.9006394127985936,1.2601520026918076,45.9031771029,0.0,False,0.35072464495897293,0.3529411852359772,0.07165988260680102,0.1725490242242813,0.48235294222831726,48.400001004338264,43.15257781849026,5.103771790047733,0.18924398042981957,0.09094463124229679,0.49190082715860783,0.008274702952917407,20.23006363155485,66.07509200542566,7.131008807665635
10328b822b836e67b547b4144e0b7eb43747c114ce4cacd8b540648892945b00,16,190.30841121495328,184.25233644859813,107.0,113.0,107.0,36.384776310850235,37.17644804144202,12.474633097503439,10.980521047404237,0.4745510611212055,-0.9810053544004134,0.9469026548672567,0.7430555555555556,1,11.67204486311899,185,179,197,191,0.9728768172478143,1.1360693216331847,-56.20746648687927,0.0,False,0.2575041311923589,0.2666666805744171,0.058255013425589225,0.1411764770746231,0.38823530077934265,27.552942037582397,60.83374978194302,6.253152664926573,0.14497717608522637,0.09203806033681415,0.3426659800490089,0.00848838887672235,35.33629426129425,86.3312053025918,6.99771297794239
10328b822b836e67b547b4144e0b7eb43747c114ce4cacd8b540648892945b00,17,222.33223684210526,44.53947368421053,304.0,311.0,304.0,62.2842712474619,61.730708939609045,20.995070212238844,18.46177260066824,0.47619731389145975,-0.10690513111011746,0.977491961414791,0.8042328042328042,1,19.67396303746374,212,36,233,54,1.0,1.1372185470142184,-6.125212820902448,0.0,False,0.2511996983942625,0.250980406999588,0.04500487005700953,0.12156862765550613,0.4117647111415863,76.3647083118558,17.63722275925841,3.163934671692295,0.28046941446035945,0.09647947852339159,0.5521469362635125,0.00937818726392403,10.467166673650008,24.80727884486681,7.189832346632139
10328b822b836e67b547b4144e0b7eb43747c114ce4cacd8b540648892945b00,18,231.71014492753622,141.91787439613526,207.0,219.0,207.0,54.04163056034261,53.91619555173323,18.882348410928003,14.120082503978622,0.6639322719328644,-0.5143677973711768,0.9452054794520548,0.7263157894736842,1,16.23454913941803,223,135,242,150,0.8948324602830823,1.337268985900579,-29.47110390680875,0.0,False,0.28479682686536206,0.2823529541492462,0.053283085291180886,0.1411764770746231,0.43529412150382996,58.95294316112995,23.978441661519668,3.761743548967007,0.2492502955782473,0.09508980092209295,0.5471529161295713,0.009109202212917986,13.211066234020505,34.74581708901883,7.140419061303636
10328b822b836e67b547b4144e0b7eb43747c114ce4cacd8b540648892945b00,19,242.0,79.5657894736842,152.0,158.0,152.0,43.21320343559643,43.65020289865058,14.399549666342573,13.453801320093524,0.35643275798887897,-0.9424991117020203,0.9620253164556962,0.7755102040816326,1,13.911592676604096,235,73,249,87,1.0,1.0702959946967965,-54.0012212953549,0.0,False,0.4173632710191764,0.42352941632270813,0.09763239126351805,0.16470588743686676,0.6274510025978088,63.43921719491482,39.213027525448865,4.618891087047554,0.20967070804737437,0.08715397495658561,0.4382049387141459,0.007619298771011346,22.134329152921833,56.29172589797589,7.233383009440857
10328b822b836e67b547b4144e0b7eb43747c114ce4cacd8b540648892945b00,20,250.14893617021278,99.6063829787234,188.0,199.0,188.0,52.55634918610404,52.900759592208125,19.540363791005873,12.562181599775917,0.7659637937739489,1.5339035376906884,0.9447236180904522,0.7833333333333333,1,15.471555655790098,244,90,256,110,0.8441971802659127,1.5554912684397455,87.88619888986264,0.0,True,0.27206926222177263,0.2705882489681244,0.04681849088725528,0.16862745583057404,0.3960784375667572,51.14902129769325,41.91731712845742,4.951089979421232,0.20742314322602795,0.0828790484558366,0.4006604485033268,0.0068928345433346095,25.81158000358536,58.02305425332949,7.461002806104611
10328b822b836e67b547b4144e0b7eb43747c114ce4cacd8b540648892945b00,21,251.98850574712642,201.86206896551724,87.0,88.0,87.0,33.89949493661166,34.82025355124968,13.468081224244415,8.566489041451485,0.7716407472968386,1.5130080464285085,0.9886363636363636,0.8365384615384616,1,10.524820207108489,248,196,256,209,0.9017066202444218,1.5721821575998207,86.68897542968725,0.0,True,0.31737661481588736,0.3176470696926117,0.05451680222395506,0.18431372940540314,0.4470588266849518,27.6117654889822,36.461602327174674,4.64844787517473,0.20348761328200848,0.11393573159773351,0.4422120106573083,0.012998865637935807,22.872692088211785,50.050512566137556,6.451767912956274
ce9e1a58b58940039ae841466198b72ea21cc90584039a9294b47f5aef17ddfa,1,3.1953125,134.703125,128.0,132.0,128.0,44.970562748477136,45.31628400045997,18.84173401102011,9.101843310311818,0.8755827055857479,-1.5314517410926858,0.9696969696969697,0.7485380116959064,1,12.766152972845846,0,126,9,145,0.7832695688300668,2.0701008980975986,-87.74572129257255,0.0,True,0.17549019964644685,0.18431372940540314,0.03496235644081938,0.09803921729326248,0.24313725531101227,22.462745554745197,40.743859269582664,4.930020140548086,0.18943366153548996,0.09607220195885827,0.5333350088928361,0.009238846116337305,19.759497150850038,61.72822138831529,6.973719663322987
ce9e1a58b58940039ae841466198b72ea21cc90584039a9294b47f5aef17ddfa,2,6.504273504273504,160.87179487179486,117.0,125.0,117.0,38.970562748477136,39.62792730664886,14.020847509584849,10.658991344902994,0.6496604941054408,-1.5072751459872271,0.936,0.7597402597402597,1,12.205286835384658,1,154,12,168,0.9362525433142499,1.3154009658042791,-86.36050443003313,0.0,False,0.3700016823589292,0.3803921639919281,0.0856296504963466,0.1725490242242813,0.529411792755127,43.29019683599472,53.5150836836585,5.685628366929287,0.17277696959143238,0.09345646245340261,0.4262996298257484,0.008746294544496793,27.548402600838955,79.48176476647805,6.992228958469088
ce9e1a58b58940039ae841466198b72ea21cc90584039a9294b47f5aef17ddfa,3,17.946875,112.1125,320.0,333.0,320.0,65.698484809835,64.96758636821332,21.054813088881836,19.364844165194054,0.3925403290273834,0.0021318954818183578,0.960960960960961,0.8020050125313283,1,20.185060176161283,8,103,29,122,0.952722402540337,1.087269946985956,0.12214861347120103,0.0,False,0.18625000342726708,0.1921568661928177,0.03165162800959204,0.09019608050584793,0.24313725531101227,59.600001096725464,27.222841252750097,3.8672554682744993,0.25782458872814024,0.09131646918965586,0.5574038866724227,0.008377502982148044,15.485342029821428,38.96034047567876,7.457229090432229
ce9e1a58b58940039ae841466198b72ea21cc90584039a9294b47f5aef17ddfa,4,20.570815450643778,204.7725321888412,233.0,247.0,233.0,60.526911934581186,60.06462783779966,23.02498318235743,12.948809221525,0.8268783457636298,1.434563347166809,0.9433198380566802,0.7564935064935064,1,17.22396045987371,14,194,28,216,0.8115741470879168,1.77815448420405,82.19442523681886,0.0,False,0.22341160220393808,0.22745098173618317,0.04119132948911082,0.11764705926179886,0.3294117748737335,52.05490331351757,28.842178688113904,4.168177797807661,0.2184359884730376,0.08361777533284165,0.5253925380609886,0.007026216117407311,13.864090926530224,43.82026644969758,7.442545012530461
ce9e1a58b58940039ae841466198b72ea21cc90584039a9294b47f5aef17ddfa,5,54.43103448275862,150.18534482758622,232.0,240.0,232.0,56.04163056034261,55.81231444967027,20.3545417388019,14.618056543044377,0.6958659065790698,-0.8571699036385831,0.9666666666666667,0.7581699346405228,1,17.186959427966244,46,141,63,159,0.9359179659447905,1.3924246139605392,-49.11221780412628,0.0,False,0.28651116521836356,0.3019607961177826,0.0578079782169248,0.12156862765550613,0.3921568691730499,66.47059033066034,28.35044475429494,3.9791582146026485,0.24212757612308405,0.08782229370611949,0.5830810605247723,0.007729127949246107,17.877198237370393,38.82369127121949,7.398295673686271
ce9e1a58b58940039ae841466198b72ea21cc90584039a9294b47f5aef17ddfa,6,60.096385542168676,121.57831325301204,83.0,84.0,83.0,30.727922061357855,31.813413918773044,10.660948678942423,9.933565135669276,0.3630459988721498,-0.9906534732280535,0.9880952380952381,0.83,1,10.280023453913834,56,117,66,127,1.0,1.0732248224417706,-56.76026297594375,0.0,False,0.703567216733852,0.8196078538894653,0.28439951276335507,0.2078431397676468,1.0,58.39607898890972,151.86257326609945,9.00826315657135,0.18713499603069364,0.14226399685873842,0.24556884339056137,0.020512841923575442,108.9638257774819,194.76132075471702,6.204954907478582
ce9e1a58b58940039ae841466198b72ea21cc90584039a9294b47f5aef17ddfa,7,79.46376811594203,235.16666666666666,138.0,149.0,138.0,49.35533905932737,49.47331261357487,22.474039488534185,7.9647729332969845,0.9350943700308412,-0.6729926397640353,0.9261744966442953,0.4842105263157895,1,13.255453865237978,70,228,89,243,0.7085116066311989,2.821679874209691,-38.55963790184741,0.0,False,0.3230179096909537,0.32549020648002625,0.08368198601559297,0.1568627506494522,0.4745098054409027,44.57647153735161,78.47559640686609,6.931479308295814,0.13872671401354397,0.08689687054451135,0.34870698989389143,0.007567408084934873,34.68817945243287,122.2630133612993,7.207525188987187
ce9e1a58b58940039ae841466198b72ea21cc90584039a9294b47f5aef17ddfa,8,86.2023346303502,206.29961089494162,257.0,268.0,257.0,58.04163056034261,57.70843334760731,19.570611721325264,16.903164840336483,0.5040038521759826,1.3906856529725427,0.9589552238805971,0.7956656346749226,1,18.089294154193436,78,197,95,216,0.9697603393200772,1.1578075411430278,79.68041854472172,0.0,False,0.21440452148826206,0.21568627655506134,0.04080149635946943,0.10196078568696976,0.3176470696926117,55.10196202248335,21.327713341557153,3.5878120099338946,0.2479572300106681,0.08410979977082664,0.6245346151755274,0.007106163865649185,12.031370922875077,30.62405576023923,7.42779072381334
ce9e1a58b58940039ae841466198b72ea21cc90584039a9294b47f5aef17ddfa,9,106.35148514851485,206.26237623762376,202.0,207.0,202.0,50.62741699796952,50.67931812312895,18.46196288488073,13.981549893921201,0.6530479729187764,-0.3177279075653779,0.9758454106280193,0.8015873015873016,1,16.03728119216293,98,200,116,214,0.9883248326901819,1.3204518114910486,-18.204468137018893,0.0,False,0.2547854873360974,0.26274511218070984,0.038846863626773205,0.15294118225574493,0.34117648005485535,51.46666844189167,34.972495196912455,4.534164923653962,0.21081966222295304,0.09061987449740583,0.4716314272478145,0.008231303783277914,19.68690673450769,50.258083659317215,7.278901336208973
ce9e1a58b58940039ae841466198b72ea21cc90584039a9294b47f5aef17ddfa,10,148.05263157894737,234.75438596491227,57.0,60.0,57.0,25.899494936611664,27.235777959501515,9.81686719290255,7.381004419614421,0.6593117940604719,-0.4169809067843894,0.95,0.7916666666666666,1,8.51907589177983,144,231,153,239,0.9656175487371649,1.3300177909140685,-23.89124609628351,0.0,False,0.3874785123687041,0.3843137323856354,0.12995256955488657,0.16862745583057404,0.6313725709915161,22.086275205016136,116.15681760064999,8.66832296113592,0.10990752658609516,0.12558910442824386,0.17124370019199084,0.01586243618192002,56.56867721810664,175.7449579831933,6.065014584972971
ce9e1a58b58940039ae841466198b72ea21cc90584039a9294b47f5aef17ddfa,11,152.61111111111111,223.61111111111111,54.0,54.0,54.0,23.899494936611667,25.339659061564475,8.566371229953948,7.962876829852851,0.3686941782006208,0.7853981633974483,1.0,0.84375,1,8.291859587312052,149,220,157,228,1.0,1.0757884886324744,45.0,0.0,False,0.42672477690158067,0.44117647409439087,0.11402079263368624,0.21960784494876862,0.6117647290229797,23.043137952685356,122.55537162507821,8.836970778263277,0.09803789149647593,0.12134193652046818,0.20071853353005634,0.014851610976591791,63.30918075015643,181.8015625,6.125904899521983
ce9e1a58b58940039ae841466198b72ea21cc90584039a9294b47f5aef17ddfa,12,171.3658536585366,232.53658536585365,41.0,46.0,41.0,22.14213562373095,23.673577959755086,8.063416122018314,6.524907645997969,0.5875347667505026,-0.8965725544324219,0.8913043478260869,0.640625,1,7.225151993843567,168,229,176,237,0.9193183286027465,1.235790076962083,-51.369823396241046,0.0,False,0.5327594552825137,0.529411792755127,0.2818564118974283,0.14901961386203766,1.0,21.84313766658306,170.12648053403024,10.67866278994175,0.10719490983118371,0.15542445768329888,0.14533939823248887,0.024270012116387386,95.28811553030303,244.96484553775747,5.461335653926709
ce9e1a58b58940039ae841466198b72ea21cc90584039a9294b47f5aef17ddfa,13,175.7248322147651,248.65771812080536,149.0,164.0,149.0,50.04163056034261,50.12395775585915,18.72296309298164,10.407900722277002,0.8312561201634568,0.49910284305533315,0.9085365853658537,0.6742081447963801,1,13.773623058786647,168,242,185,255,0.745255898169367,1.7989183018345989,28.5964864500509,0.0,False,0.21655481433708396,0.2235294133424759,0.03599871621372301,0.13725490868091583,0.2980392277240753,32.26666733622551,39.11305032425543,4.790050801956166,0.21810069757282408,0.10049541239700602,0.5080323162429625,0.010122533364197333,20.543700336607436,57.68240031190343,6.987280957080309
ce9e1a58b58940039ae841466198b72ea21cc90584039a9294b47f5aef17ddfa,14,188.8422619047619,134.01488095238096,336.0,353.0,336.0,67.35533905932738,66.53838269500822,22.486928587010244,19.077117149395807,0.5294122033993832,-0.6784583577234156,0.9518413597733711,0.7272727272727273,1,20.683531783305643,178,124,200,145,0.9536843596881128,1.1787382973492109,-38.87280047292875,0.0,False,0.220529884654319,0.2235294133424759,0.061597536523438606,0.08627451211214066,0.3686274588108063,74.09804124385118,24.70429541807006,3.7818732494903697,0.24463946562869854,0.0792786307573867,0.6627055928933838,0.006350564899507022,13.015879882824109,36.39271095331601,7.675310576310088
ce9e1a58b58940039ae841466198b72ea21cc90584039a9294b47f5aef17ddfa,15,184.02325581395348,240.1860465116279,43.0,43.0,43.0,21.31370849898476,22.88817979635764,8.21196742269817,6.633334368973057,0.5895055436885405,1.0294428571501122,1.0,0.7678571428571429,1,7.399277020331919,181,237,188,245,1.0,1.2379848453153597,58.98273096459033,0.0,False,0.5046967742748039,0.5058823823928833,0.24078490303255776,0.16470588743686676,0.9254902005195618,21.701961293816566,166.5441716535099,10.392896241830064,0.09675313180034195,0.13976010795511193,0.12074058744747024,0.019727420493920064,87.52915499533148,245.55918831168833,5.714206383816288
ce9e1a58b58940039ae841466198b72ea21cc90584039a9294b47f5aef17ddfa,16,190.13080168776372,159.35021097046413,237.0,248.0,237.0,56.526911934581186,56.272390041925576,18.463742092782518,16.554019259523738,0.4429040326018509,-0.5295667968397034,0.9556451612903226,0.7314814814814815,1,17.371176474327626,182,151,200,169,0.9405188141333711,1.115363091181623,-30.341942429176907,0.0,False,0.26904939929267024,0.27450981736183167,0.07616844286691898,0.10588235408067703,0.4431372582912445,63.76470763236284,30.215439427600366,4.27992895291287,0.21794927496698,0.07918076768993246,0.6368740521250569,0.006308325946410957,14.323427447799888,46.10745140740085,7.5902230721273884
ce9e1a58b58940039ae841466198b72ea21cc90584039a9294b47f5aef17ddfa,17,207.25974025974025,250.45454545454547,154.0,165.0,154.0,48.62741699796952,48.78319922519191,17.357355932480047,11.630650661240702,0.7422975423590271,-0.16321683734187364,0.9333333333333333,0.7549019607843137,1,14.002817212590296,199,244,216,256,0.8131862536141817,1.4923804727730037,-9.351635925162613,0.0,True,0.18288770487362688,0.18039216101169586,0.03231898703271232,0.12156862765550613,0.27843138575553894,28.16470655053854,24.698368251395923,3.8963434309910228,0.22504241131616828,0.09168938979305584,0.6534635271333015,0.008430416772438111,12.828013483894672,36.568723018897174,7.123345368184913
ce9e1a58b58940039ae841466198b72ea21cc90584039a9294b47f5aef17ddfa,18,209.43795620437956,195.32116788321167,137.0,147.0,137.0,43.21320343559643,43.65020289865058,14.898312956793562,11.774330915852337,0.6127032790282096,0.13438582034183552,0.9319727891156463,0.7611111111111111,1,13.207339536360731,203,190,218,202,0.9035618743238306,1.2653214066487006,7.699740331990501,0.0,False,0.20326320729116454,0.2078431397676468,0.041508930504724074,0.09803921729326248,0.29019609093666077,27.84705939888954,40.00804793372298,4.7987633426538805,0.2007504337550947,0.09248604409414225,0.43765944947023916,0.008560958246764047,22.55740536997037,57.45869049747559,7.065595324984109
ce9e1a58b58940039ae841466198b72ea21cc90584039a9294b47f5aef17ddfa,19,221.42741935483872,182.1209677419355,124.0,126.0,124.0,38.97056274847714,39.62792730664886,14.652607280694873,10.785987218291565,0.6768577352541331,0.8783093423599277,0.9841269841269841,0.7948717948717948,1,12.565098628628435,216,176,228,189,0.9922676527433076,1.3584855038439176,50.32341842413476,0.0,False,0.22925364334256418,0.24117647111415863,0.04328191489203293,0.12941177189350128,0.3176470696926117,28.42745177447796,55.65891272517815,5.568539494239241,0.1980920585515498,0.10185551990621299,0.3239259212099986,0.010421393631880004,33.97784011648468,77.33998533387162,6.9197288314863385
ce9e1a58b58940039ae841466198b72ea21cc90584039a9294b47f5aef17ddfa,20,229.21052631578948,213.71052631578948,76.0,82.0,76.0,31.31370849898476,32.368774286042836,11.82979810456796,8.252955741260834,0.7164472171893772,-1.5139090805956548,0.926829268292683,0.7916666666666666,1,9.83698151873187,226,208,234,220,0.9115299607259905,1.4334013746644276,-86.74060088466182,0.0,False,0.2942724538672912,0.30392158031463623,0.06598155019543168,0.12156862765550613,0.4117647111415863,22.364706493914127,55.828934367285285,5.830534164726197,0.1556466315254442,0.11400314586280492,0.3311041139812759,0.013022372558622649,30.917727669961423,80.74014106460916,6.428005715604418
ce9e1a58b58940039ae841466198b72ea21cc90584039a9294b47f5aef17ddfa,21,240.1595744680851,167.81382978723406,188.0,206.0,188.0,54.04163056034261,53.91619555173323,20.679860536077744,11.874275377520707,0.8187184762298898,-1.1060975948319884,0.912621359223301,0.6596491228070176,1,15.471555655790098,234,159,249,178,0.8126980798706256,1.7415682118360643,-63.37472391344428,0.0,False,0.31787652078461137,0.29411765933036804,0.07929043203273689,0.1568627506494522,0.5058823823928833,59.76078590750694,33.25888138902435,4.259566227245431,0.23139450299944866,0.08807913692033739,0.6304232802022127,0.00781516794111888,16.540616958655455,49.97714581939324,7.333480505071606
ce9e1a58b58940039ae841466198b72ea21cc90584039a9294b47f5aef17ddfa,22,239.33333333333334,1.85,60.0,63.0,60.0,31.31370849898476,33.70953281671008,13.914882809527818,6.172918700744094,0.8962150402299783,-0.0688044737088651,0.9523809523809523,0.6666666666666666,1,8.740387444736633,233,0,248,6,0.6635224889756771,2.2541820950680096,-3.9422059551368043,0.0,True,0.4035947812100252,0.386274516582489,0.153460313524306,0.18431372940540314,0.7568627595901489,24.21568687260151,74.4502493250477,7.016244142655431,0.12685626454997995,0.12762346812955733,0.39639885374556166,0.01656869820255167,28.95744949494949,119.94304915514591,6.034244469592078
ce9e1a58b58940039ae841466198b72ea21cc90584039a9294b47f5aef17ddfa,23,247.33435582822085,16.107361963190183,326.0,338.0,326.0,66.8700576850888,66.07830710275292,24.258601198905403,17.216803040650493,0.7044843424641828,-1.2686187483995006,0.9644970414201184,0.7874396135265701,1,20.37341629633241,238,5,256,28,0.9382307185451706,1.4090073018567129,-72.68650009446024,0.0,True,0.2170937125302531,0.21960784494876862,0.03245967007395364,0.12941177189350128,0.3333333432674408,70.77255028486252,17.27460065867244,3.1571148347828055,0.27486855452844816,0.10107214131399533,0.5756041440200117,0.010281470933262095,8.850621587229154,25.698579730115725,7.0928275147931155
ce9e1a58b58940039ae841466198b72ea21cc90584039a9294b47f5aef17ddfa,24,249.99401197604791,169.5988023952096,167.0,183.0,167.0,52.79898987322333,55.02691628627283,20.86944037004318,10.51139072835249,0.8638939079594081,-1.1785477887468678,0.912568306010929,0.5964285714285714,1,14.581872443920643,242,160,256,180,0.6930682181808431,1.9854119125979979,-67.52581424967126,0.0,True,0.35808384025882106,0.3529411852359772,0.07711458068927347,0.14901961386203766,0.5215686559677124,59.800001323223114,40.528955202991675,4.783404761701025,0.211409157896451,0.08414532525167218,0.43742352768115533,0.007095107446717796,23.479185213064643,57.578725192918704,7.348017077279734
ce9e1a58b58940039ae841466198b72ea21cc90584039a9294b47f5aef17ddfa,25,252.21875,182.25,64.0,67.0,64.0,29.899494936611667,31.028015755375595,11.54122743460172,7.213490438255022,0.7806092591664631,-1.3149004640535984,0.9552238805970149,0.8311688311688312,1,9.0270333367641,249,177,256,188,0.835375687233478,1.5999504724364197,-75.3382470700646,0.0,True,0.3943014764226973,0.41960784792900085,0.08479947123042908,0.18431372940540314,0.529411792755127,25.235294491052628,67.62476874223466,5.992521247330021,0.2034612512172705,0.1281123607673254,0.25306063169053594,0.016455182847546265,37.012429794792396,98.23710768967693,6.078907692369354
ce9e1a58b58940039ae841466198b72ea21cc90584039a9294b47f5aef17ddfa,26,253.25641025641025,193.0,39.0,39.0,39.0,21.65685424949238,23.213502367499785,9.457055431575805,5.337276648721104,0.8255220826904903,1.5707963267948966,1.0,0.8666666666666667,1,7.046725639945928,251,189,256,198,0.9094799531775634,1.771887809833104,90.0,0.0,True,0.3596782378661327,0.3686274588108063,0.06241711895762197,0.22745098173618317,0.4627451002597809,14.027451276779175,90.01029703548085,7.33348214285714,0.13313944264166794,0.16136167818048186,0.2302979533031313,0.02660015388235904,45.5796218487395,134.4409722222222,5.354093814607538
dad607a203483439fcbc2acecd0a39fb5e5a94a32a94348f5c802c79cfeb6e7c,1,3.2481751824817517,121.78832116788321,137.0,143.0,137.0,50.38477631085024,50.44928032700129,21.669997140427984,8.212999932706031,0.9253953295142187,1.4805093259229039,0.958041958041958,0.85625,1,13.207339536360731,0,112,8,132,0.6764262931990338,2.6384996125633866,84.82693590514083,0.0,True,0.15666237729091714,0.16078431904315948,0.03304311725424938,0.07450980693101883,0.21176470816135406,21.462745688855648,40.876237937626414,4.714844441103402,0.2220358324915385,0.09612057331855697,0.559150035804455,0.009273802768436343,19.709175757817068,62.04330011743576,7.008960599684093
dad607a203483439fcbc2acecd0a39fb5e5a94a32a94348f5c802c79cfeb6e7c,2,4.023809523809524,188.78571428571428,84.0,90.0,84.0,32.72792206135786,33.70953281671008,12.364468805574946,8.657226782004557,0.7139764348721992,1.2943588565725281,0.9333333333333333,0.7777777777777778,1,10.341765891652821,0,183,9,195,0.9289314845659481,1.4282251253110858,74.16129965698492,0.0,True,0.2939309124790487,0.2960784435272217,0.08927575188439574,0.13333334028720856,0.45098039507865906,24.69019664824009,90.88987643447263,7.609936519985863,0.11361846449927007,0.09950717220042098,0.33110123274070724,0.009928174066553231,40.48009446813552,141.29965840080976,6.73118112887193
dad607a203483439fcbc2acecd0a39fb5e5a94a32a94348f5c802c79cfeb6e7c,3,3.0588235294117645,217.49411764705883,85.0,89.0,85.0,36.14213562373095,36.94641024531437,14.924119677486752,7.320601442864558,0.8714290943157966,1.5690942279964701,0.9550561797752809,0.8673469387755102,1,10.403141895720198,0,211,7,225,0.7824999045694432,2.038646659562842,89.90247692253588,0.0,True,0.23469435563858818,0.24313725531101227,0.042948129850593535,0.12156862765550613,0.30980393290519714,19.949020229279995,42.040805435242014,5.073798254026597,0.1817974935663985,0.10885488793675932,0.4838790153776909,0.011886262375964733,21.467541316007505,62.61406955447651,6.519315053076122
dad607a203483439fcbc2acecd0a39fb5e5a94a32a94348f5c802c79cfeb6e7c,4,6.591836734693878,60.01360544217687,147.0,159.0,147.0,47.798989873223334,47.99780106179446,19.150497885689052,9.897679659538802,0.8560840209693618,1.1827977132371033,0.9245283018867925,0.6805555555555556,1,13.680870333281758,1,51,13,69,0.8018340894360192,1.9348472111069919,67.76931698621104,0.0,False,0.1767640427565899,0.1764705926179886,0.033517098573875984,0.10588235408067703,0.24705882370471954,25.984314285218716,52.193055091711386,5.67421828319757,0.1638510138929547,0.08356412557605038,0.4423961967613824,0.007001173089908783,22.58042387199363,81.80568631142914,7.307934505185756
dad607a203483439fcbc2acecd0a39fb5e5a94a32a94348f5c802c79cfeb6e7c,5,14.166666666666666,160.2843137254902,204.0,221.0,204.0,56.04163056034261,55.81231444967027,23.45704259569925,11.273339480228762,0.8769426207980094,1.3601099382137962,0.9230769230769231,0.7132867132867133,1,16.11647812414279,8,150,21,172,0.8229623493652467,2.0807536787868695,77.9285591334497,0.0,False,0.2648981236578787,0.26274511218070984,0.07954160060379602,0.10588235408067703,0.42352941632270813,54.039217226207256,41.60677861832883,5.045018062714654,0.18642681036567632,0.07762136937969223,0.6095886967624983,0.006048370723434862,17.50257358264296,65.71098365401473,7.588365208916596
dad607a203483439fcbc2acecd0a39fb5e5a94a32a94348f5c802c79cfeb6e7c,6,14.223300970873787,216.02912621359224,103.0,110.0,103.0,38.14213562373095,38.842529143251404,15.958967500610074,8.26003178539253,0.855635221362895,1.4103251746543668,0.9363636363636364,0.762962962962963,1,11.451797811161432,10,209,19,224,0.8578909535341467,1.9320709550818853,80.80568024874592,0.0,False,0.2380734891133401,0.239215686917305,0.06003730838679408,0.11764705926179886,0.3607843220233917,24.52156937867403,60.92263625451364,6.327683721853036,0.12546297540343182,0.09330425296042398,0.42710270537491757,0.00872637864199799,27.72323470175708,94.1220378072702,6.941775745426263
dad607a203483439fcbc2acecd0a39fb5e5a94a32a94348f5c802c79cfeb6e7c,7,17.36111111111111,14.546296296296296,108.0,113.0,108.0,36.970562748477136,37.731808408711814,14.139832377874237,9.707766134184384,0.7270783050212215,0.7796875376945865,0.9557522123893806,0.75,1,11.726460285670077,12,9,24,21,0.9532753836340194,1.4565485182098714,44.67280524884709,0.0,False,0.2468772767180646,0.24705882370471954,0.07060313207145603,0.10980392247438431,0.3607843220233917,26.662745885550976,72.19435530204399,6.683545248909591,0.15583625561728937,0.09668501375488237,0.462998434289587,0.009386441901330873,33.19394745325598,111.19476315083199,6.928856975240535
dad607a203483439fcbc2acecd0a39fb5e5a94a32a94348f5c802c79cfeb6e7c,8,37.60344827586207,57.33620689655172,116.0,118.0,116.0,37.55634918610404,38.28716877598161,14.638269831055927,10.062728842785328,0.7262543269762566,1.3221229872919498,0.9830508474576272,0.8285714285714286,1,12.153015559492998,33,51,43,65,0.9944005315651934,1.4547018070104438,75.7520671690573,0.0,False,0.22660582178625568,0.23333333432674408,0.059166920174194206,0.10980392247438431,0.33725491166114807,26.286275327205658,63.0241809397374,6.178464102833489,0.15587605022154694,0.08901290103924825,0.43277331590843954,0.007935526948943141,30.812619044894756,95.23574283458004,7.108657763868116
dad607a203483439fcbc2acecd0a39fb5e5a94a32a94348f5c802c79cfeb6e7c,9,40.50515463917526,169.11340206185568,97.0,105.0,97.0,38.14213562373095,38.842529143251404,15.689392408157486,7.9136888375453225,0.863471630390392,1.3739153577703873,0.9238095238095239,0.7185185185185186,1,11.11324596323283,36,162,45,177,0.8079167232311867,1.9825637234713465,78.71955140844973,0.0,False,0.2582575375425447,0.26274511218070984,0.07316239565018237,0.10980392247438431,0.3803921639919281,25.050981141626835,86.3937217076479,7.4152285135917335,0.1222515536969719,0.09749373864175073,0.30664278266200135,0.009528614837994977,40.88830412473704,131.89913929055876,6.825114799739879
dad607a203483439fcbc2acecd0a39fb5e5a94a32a94348f5c802c79cfeb6e7c,10,52.59090909090909,133.56363636363636,110.0,115.0,110.0,36.384776310850235,37.17644804144202,12.756963487594897,10.966442348491245,0.510894153789759,0.9249691813645751,0.9565217391304348,0.7638888888888888,1,11.834540545406394,47,128,59,140,1.0,1.1632727444511657,52.99683027186095,0.0,False,0.24128343009135939,0.24705882370471954,0.06641182368206117,0.10980392247438431,0.35686275362968445,26.541177310049534,67.61654163697918,6.543294924848843,0.13222220827983042,0.08955146783909154,0.43623462288379716,0.00802086528190201,31.13573530098536,104.09734797297298,7.059929913282698
dad607a203483439fcbc2acecd0a39fb5e5a94a32a94348f5c802c79cfeb6e7c,11,53.44094488188976,23.84251968503937,127.0,129.0,127.0,39.55634918610404,40.18328767391865,15.297950763630572,10.568506511082335,0.7230032873762142,1.5431631237348133,0.9844961240310077,0.8466666666666667,1,12.716187407449045,49,17,59,32,0.9883770485644223,1.4475035566840833,88.41673409022924,0.0,False,0.22000927096746098,0.2235294133424759,0.05849806758286443,0.09019608050584793,0.3137255012989044,27.941177412867546,60.37990195000059,6.031987992185384,0.15755517201140606,0.0866132684198192,0.45691269758992226,0.0075105488147981445,27.985659595034583,92.77414430496658,7.188795800145664
dad607a203483439fcbc2acecd0a39fb5e5a94a32a94348f5c802c79cfeb6e7c,12,60.386792452830186,192.16037735849056,106.0,108.0,106.0,35.55634918610404,36.39104987804457,13.644712091067921,9.859271901019014,0.6912968204247082,1.2541353882077868,0.9814814814814815,0.8153846153846154,1,11.617374563210365,56,186,66,199,1.0,1.3839472354604259,71.85666468230725,0.0,False,0.24176841355719655,0.25294119119644165,0.05791640868051527,0.11764705926179886,0.3294117748737335,25.627451837062836,65.52444813015916,6.246413977078834,0.1660628855521979,0.10144432124703184,0.46893156230305794,0.010298999858555324,30.584837793255154,100.46405846706315,6.845737103172019
dad607a203483439fcbc2acecd0a39fb5e5a94a32a94348f5c802c79cfeb6e7c,13,62.47761194029851,233.06716417910448,134.0,140.0,134.0,42.384776310850235,42.86480473525314,16.033600979932487,10.677435211043615,0.7460042494695033,1.3722444684017354,0.9571428571428572,0.8121212121212121,1,13.061933202803933,57,226,68,241,0.916458836387842,1.5016341155925739,78.62381649959269,0.0,False,0.3141644789434191,0.32156863808631897,0.07569208317287199,0.15294118225574493,0.4588235318660736,42.09804017841816,52.33181796385331,5.719695041356826,0.15833122923444892,0.08580345557572905,0.4901645898966215,0.007371785152525359,24.066489570385052,80.59714635732158,7.2277691280403245
dad607a203483439fcbc2acecd0a39fb5e5a94a32a94348f5c802c79cfeb6e7c,14,73.84782608695652,238.18478260869566,92.0,95.0,92.0,33.55634918610404,34.494930980107526,12.92731124366621,9.08716102338666,0.7112463342686073,-1.4914404333172817,0.968421052631579,0.7863247863247863,1,10.823032759612019,70,232,79,245,0.971599160162399,1.4225907530852115,-85.45324222424293,0.0,False,0.2713128807752029,0.2705882489681244,0.06499053923476773,0.15294118225574493,0.38823530077934265,24.960785031318665,80.48463877807745,7.115043526345534,0.1293288882009347,0.0957294580580084,0.41923911464334723,0.009179060191787415,34.85578714617939,126.1134904099755,6.851243152653662
dad607a203483439fcbc2acecd0a39fb5e5a94a32a94348f5c802c79cfeb6e7c,15,77.1144578313253,201.53614457831324,166.0,176.0,166.0,48.384776310850235,48.55316142906427,16.949917500564197,12.524189653692252,0.6738218541395823,1.2464498129095645,0.9431818181818182,0.7980769230769231,1,14.538148590038452,71,194,84,210,0.8848770378977447,1.3533743874253132,71.41631365458912,0.0,False,0.36671392314405327,0.3843137323856354,0.10249070986220213,0.1568627506494522,0.5529412031173706,60.87451124191284,46.826915316124435,5.360514608834036,0.17307237173192055,0.08132513600259855,0.5664227048988417,0.006638227047636226,19.828139153535417,73.82569147871345,7.445962815425354
dad607a203483439fcbc2acecd0a39fb5e5a94a32a94348f5c802c79cfeb6e7c,16,79.15384615384616,252.01282051282053,78.0,79.0,78.0,31.899494936611664,32.924134653312635,12.157965927848107,8.527931363861091,0.7127408328290746,0.08189781535834126,0.9873417721518988,0.8125,1,9.965574970333758,74,248,86,256,0.9042233720018558,1.4256641392976088,4.692399171374648,0.0,True,0.3449974925472186,0.3490196168422699,0.0981014864811054,0.16078431904315948,0.5098039507865906,26.909804418683052,67.19248969627152,6.320949283624148,0.1611428950430282,0.10877188843882542,0.4705543007397245,0.011867488169639073,27.087486617325325,107.29749277521772,6.497554357677375
dad607a203483439fcbc2acecd0a39fb5e5a94a32a94348f5c802c79cfeb6e7c,17,78.72093023255815,130.0,86.0,91.0,86.0,32.384776310850235,33.38421024556794,11.095215047449134,9.926421561644961,0.4467519216563846,0.5525505770548325,0.945054945054945,0.7107438016528925,1,10.464157913908982,74,125,85,136,0.9696747830532658,1.1177457030759517,31.658816032760086,0.0,False,0.3039215754630954,0.3019607961177826,0.0948873188818944,0.13725490868091583,0.47058823704719543,26.137255489826202,83.98878807531125,7.222700790251786,0.13612682936558396,0.10317280740093834,0.38316105030562586,0.010663083866764567,37.753155320813775,130.22442082980874,6.678681575313474
dad607a203483439fcbc2acecd0a39fb5e5a94a32a94348f5c802c79cfeb6e7c,18,82.63924050632912,40.08227848101266,158.0,169.0,158.0,47.21320343559643,47.44244069452466,17.76990452945876,11.350093769177438,0.769434563662634,1.3528715066183596,0.9349112426035503,0.7745098039215687,1,14.183506197980657,77,32,89,49,0.882130634032207,1.5656174205111064,77.51382755273703,0.0,False,0.18637379471071158,0.1921568661928177,0.05569351129239963,0.07450980693101883,0.2980392277240753,29.44705956429243,47.90812025295976,5.500111322680608,0.1658061616384551,0.08050687137879448,0.530989940729846,0.006489170758089599,20.378962026079154,75.43727847984036,7.417885233961542
dad607a203483439fcbc2acecd0a39fb5e5a94a32a94348f5c802c79cfeb6e7c,19,89.14438502673796,202.23529411764707,187.0,207.0,187.0,55.45584412271571,55.25695408240047,20.838827507354814,12.065323482486138,0.8153397290476468,-1.2787256802919993,0.9033816425120773,0.6360544217687075,1,15.430353037616328,83,192,97,213,0.7696222009791412,1.7271669124830493,-73.26558463572658,0.0,False,0.29120269202612303,0.30588236451148987,0.07443729848071626,0.12941177189350128,0.4000000059604645,54.454903408885,49.542264380566536,5.279056075876865,0.20447732197933716,0.08321492994620788,0.5642238296007948,0.006939853900347729,22.001896793079545,77.08263196805352,7.448818599931363
dad607a203483439fcbc2acecd0a39fb5e5a94a32a94348f5c802c79cfeb6e7c,20,90.0,235.16831683168317,101.0,105.0,101.0,34.72792206135786,35.605651714647124,12.178040012950957,10.545257160891035,0.5001755896019698,-0.7643392864866778,0.9619047619047619,0.8347107438016529,1,11.340070282773887,85,230,96,241,1.0,1.1548357547993602,-43.79341523172736,0.0,False,0.25610561823785893,0.26274511218070984,0.06479787028758796,0.11764705926179886,0.3764705955982208,25.866667442023754,58.411827908258424,6.059273632243845,0.1598533027458763,0.0994680970160625,0.43220912856830146,0.009900013529591708,27.173778836275332,89.64987698024152,6.812617888133594
dad607a203483439fcbc2acecd0a39fb5e5a94a32a94348f5c802c79cfeb6e7c,21,95.65065502183405,111.3406113537118,229.0,240.0,229.0,55.698484809834994,55.48699187852813,20.687259593321407,14.101982732046237,0.7316553291511907,0.8991227030157252,0.9541666666666667,0.7067901234567902,1,17.075475271404667,87,103,105,121,0.9346800741743282,1.4669752464176808,51.51593614719559,0.0,False,0.2611353784864646,0.26274511218070984,0.08068740107012788,0.09019608050584793,0.40784314274787903,59.8000016734004,37.604895935434044,4.862707837273817,0.18164286515565736,0.07507280561547637,0.6337852105869292,0.005659255033452711,15.847264648858243,59.362527222009845,7.707670442672733
dad607a203483439fcbc2acecd0a39fb5e5a94a32a94348f5c802c79cfeb6e7c,22,94.43373493975903,165.6024096385542,83.0,86.0,83.0,31.31370849898476,32.368774286042836,11.069538103534397,9.544987353069077,0.5064401333097621,0.8206780660523508,0.9651162790697675,0.83,1,10.280023453913834,90,161,100,171,0.9954866676349634,1.1597226579849913,47.0213895237583,0.0,False,0.3047484123563192,0.30588236451148987,0.09908075311618116,0.12941177189350128,0.5098039507865906,25.294118225574493,74.62651817617731,6.994501056878641,0.1287933958986183,0.10058632946201881,0.3936220944336428,0.010135767457417066,30.87530853771642,118.3777278146382,6.704407223945095
dad607a203483439fcbc2acecd0a39fb5e5a94a32a94348f5c802c79cfeb6e7c,23,99.01526717557252,221.16030534351145,131.0,141.0,131.0,44.87005768508881,45.22099922544549,18.600871843715304,9.01086709766942,0.8748286346557916,0.7977757079390067,0.9290780141843972,0.5822222222222222,1,12.914889870235298,92,214,107,229,0.8050092129252903,2.064271023209992,45.709181062966486,0.0,False,0.22433768184357927,0.23137255012989044,0.05730765251589867,0.11764705926179886,0.32156863808631897,29.388236321508884,71.88136010225156,6.547072547685527,0.1557740407621933,0.09361865949879147,0.4329563160467277,0.00877172755609656,34.17941975432218,109.58330045018096,7.058903523900108
dad607a203483439fcbc2acecd0a39fb5e5a94a32a94348f5c802c79cfeb6e7c,24,104.80582524271844,240.84466019417476,103.0,110.0,103.0,36.970562748477136,37.731808408711814,13.0558821984531,10.14320898144504,0.6296151132177712,1.0878867628366191,0.9363636363636364,0.7803030303030303,1,11.451797811161432,100,235,111,247,0.9091422640213334,1.2871550041349054,62.33132009868781,0.0,False,0.26118409308125673,0.26274511218070984,0.06356155689190614,0.12156862765550613,0.3607843220233917,26.901961587369442,70.95543259616719,6.525453382957166,0.16192007316395976,0.09890617088556948,0.39365289476425036,0.009787180023043004,33.24617056371622,108.66469462861815,6.843108229457313
dad607a203483439fcbc2acecd0a39fb5e5a94a32a94348f5c802c79cfeb6e7c,25,112.5,211.96825396825398,126.0,134.0,126.0,42.97056274847714,43.42016510252293,16.91728648713071,9.505825661943698,0.8272050722633544,0.7485253008491721,0.9402985074626866,0.6923076923076923,1,12.666024736934256,106,206,120,219,0.8398417650150187,1.779675652464213,42.887340597417776,0.0,False,0.21752257160251104,0.2294117659330368,0.056062797383396576,0.10196078568696976,0.3137255012989044,27.40784402191639,64.40507548208227,6.182392954062058,0.16565938885678327,0.09057995243491283,0.42660347404148274,0.008216797521727024,30.721780788944706,98.08837017521982,7.093888456851218
dad607a203483439fcbc2acecd0a39fb5e5a94a32a94348f5c802c79cfeb6e7c,26,117.69090909090909,186.3212121212121,165.0,172.0,165.0,48.2842712474619,48.45787665404977,19.757078316644165,10.705122037644474,0.8404833946438881,0.7974860486773044,0.9593023255813954,0.64453125,1,14.494292838262302,110,179,126,195,0.8830088329788763,1.8455724509415736,45.69258480977407,0.0,False,0.3241592459154852,0.33725491166114807,0.09569143367012463,0.10588235408067703,0.48627451062202454,53.48627557605505,49.013019767198486,5.438944154760805,0.1709521722623336,0.08554232386226385,0.5231161317521377,0.007337457586357387,21.17692296469215,76.84911656970482,7.305545674104232
dad607a203483439fcbc2acecd0a39fb5e5a94a32a94348f5c802c79cfeb6e7c,27,118.28947368421052,253.42105263157896,38.0,40.0,38.0,22.485281374238568,25.339659061564475,10.520794741753244,4.950152900261699,0.8823939645000912,0.18688687914779703,0.95,0.6909090909090909,1,6.955796338302048,114,251,125,256,0.7436899731134041,2.1253474294091084,10.707829421540241,0.0,True,0.3469556323007533,0.3392156958580017,0.10944855254944648,0.1764705926179886,0.5254902243614197,13.184314027428627,128.37932341008428,9.10397332538637,0.09564254246934001,0.16068123400682996,0.23812610999744116,0.02669081468298405,50.939564694564694,205.81908212560387,5.336087852904834
dad607a203483439fcbc2acecd0a39fb5e5a94a32a94348f5c802c79cfeb6e7c,28,118.87826086956522,62.15652173913043,115.0,115.0,115.0,36.384776310850235,37.176448041442015,13.0740552454577,11.183293560666767,0.517999985140107,1.3838838021285285,1.0,0.8041958041958042,1,12.100518486599809,114,56,125,69,1.0,1.1690702005213394,79.29070119848221,0.0,False,0.23696505492148193,0.24705882370471954,0.05732577393811582,0.11764705926179886,0.3176470696926117,27.25098131597042,75.73189603546625,6.576124485543195,0.16398874247325607,0.09502687903424921,0.42522626503482097,0.009037559426621801,37.36143519179232,114.10235687914019,6.969782306854533
dad607a203483439fcbc2acecd0a39fb5e5a94a32a94348f5c802c79cfeb6e7c,29,133.4375,136.5,144.0,155.0,144.0,47.21320343559643,47.44244069452467,19.748565821312408,9.341572744170263,0.8810488040087854,1.1632456306351,0.9290322580645162,0.6666666666666666,1,13.540550005146152,128,128,140,146,0.8039671601306186,2.1140514945555364,66.6490651724251,0.0,False,0.1946623146844407,0.19607843458652496,0.05216409473374022,0.0941176488995552,0.27843138575553894,28.03137331455946,68.84550036574674,6.477940418465288,0.1563330577670761,0.08871190511266633,0.4828202763284678,0.007880792693538325,31.732209682379832,105.95879104911363,7.174933449240848
dad607a203483439fcbc2acecd0a39fb5e5a94a32a94348f5c802c79cfeb6e7c,30,135.7528735632184,31.149425287356323,174.0,182.0,174.0,49.21320343559643,49.33855959246171,19.272195499676208,11.536341309353844,0.8010478913433499,-1.354801357639842,0.9560439560439561,0.7631578947368421,1,14.884343478431232,130,22,142,41,0.8982271531511256,1.6705639147525926,-77.62439987135699,0.0,False,0.1731124678733705,0.16862745583057404,0.052274122093593625,0.08235294371843338,0.27450981736183167,30.12156940996647,52.87259266456316,5.758853673965353,0.16057310297481453,0.07968216884708001,0.5772959010722445,0.006362806110732724,21.916332958511966,83.82885237061436,7.490206184954422
dad607a203483439fcbc2acecd0a39fb5e5a94a32a94348f5c802c79cfeb6e7c,31,137.53383458646616,67.47368421052632,133.0,141.0,133.0,41.79898987322333,42.309444367983346,14.43253612310831,11.76602828265067,0.5791186168593534,-1.507546035217384,0.9432624113475178,0.7916666666666666,1,13.013103375051497,132,61,144,75,0.9336559324540677,1.226627692574008,-86.37602523963668,0.0,False,0.2165118743826572,0.21960784494876862,0.07155149674492882,0.08627451211214066,0.35686275362968445,28.79607929289341,58.539558515974974,6.140623572199024,0.14452062167493587,0.08331332081988446,0.5054141777856574,0.006948412919613352,23.61013102609465,93.4689860058553,7.2834490708249335
dad607a203483439fcbc2acecd0a39fb5e5a94a32a94348f5c802c79cfeb6e7c,32,137.59405940594058,246.8118811881188,101.0,109.0,101.0,37.55634918610404,38.28716877598161,14.097412365071976,9.225488946770708,0.7561398212381312,0.9058084561417321,0.926605504587156,0.7013888888888888,1,11.340070282773887,132,241,144,253,0.8658142559317632,1.5280937895445246,51.89900158418218,0.0,False,0.26387110005805986,0.2549019753932953,0.07821624072502252,0.11764705926179886,0.4117647111415863,26.650981105864048,72.51707971699378,6.809254339357314,0.1326282788038682,0.0919331005432256,0.4275116622254382,0.008458037634432942,30.12990706061865,114.9042523733689,6.979339285295891
dad607a203483439fcbc2acecd0a39fb5e5a94a32a94348f5c802c79cfeb6e7c,33,148.47770700636943,102.42038216560509,157.0,162.0,157.0,44.970562748477136,45.31628400045997,17.219156804136006,11.60727543131941,0.738648478034704,-1.26360137534062,0.9691358024691358,0.8177083333333334,1,14.138550439257221,143,95,155,111,0.9607290805181288,1.4834796422314833,-72.39902579394374,0.0,False,0.18975896611335172,0.1921568661928177,0.05388748686445475,0.08627451211214066,0.2823529541492462,29.79215767979622,54.92573582847122,5.825847808078906,0.1569563369698096,0.08567911501399794,0.5605989139618692,0.007371944464971505,24.13564640353687,85.71582525340557,7.315170678081427
dad607a203483439fcbc2acecd0a39fb5e5a94a32a94348f5c802c79cfeb6e7c,34,155.00653594771242,126.77124183006536,153.0,164.0,153.0,45.21320343559643,45.54632179658763,16.319468590541323,11.966198970266886,0.6799625387015958,1.5323469479146858,0.9329268292682927,0.7355769230769231,1,13.957279475043833,149,119,162,135,0.9268184580463485,1.36379719500664,87.79701286526448,0.0,False,0.1962065926077319,0.20000000298023224,0.05914716362565702,0.08627451211214066,0.3294117748737335,30.019608668982983,44.490020452962035,5.331079552835696,0.15838307417731595,0.08173896369935452,0.5533490655048546,0.006693881160505214,18.060971252783602,70.91906965314047,7.384821776372724
dad607a203483439fcbc2acecd0a39fb5e5a94a32a94348f5c802c79cfeb6e7c,35,160.825,212.96666666666667,120.0,129.0,120.0,43.21320343559643,43.65020289865058,18.127061164908444,8.459819289592243,0.8844180218555437,1.0637446823381156,0.9302325581395349,0.625,1,12.360774464742066,155,205,167,221,0.7914410578018953,2.1427243945044308,60.948080777458465,0.0,False,0.2194771310314536,0.2235294133424759,0.05731828967712068,0.10196078568696976,0.3294117748737335,26.337255723774433,60.159528338054656,6.055659688540059,0.1588384847355051,0.09169383269979586,0.4241682619860838,0.00842027045366162,28.73184078968587,91.58721588642344,7.036445873482659
dad607a203483439fcbc2acecd0a39fb5e5a94a32a94348f5c802c79cfeb6e7c,36,172.9125,3.5,80.0,84.0,80.0,31.899494936611664,32.924134653312635,11.344236871871146,9.262061854407964,0.5774087026564515,-0.39041241806451066,0.9523809523809523,0.8080808080808081,1,10.092530088080641,168,0,179,9,0.92740858666857,1.2248068572844006,-22.36898382459352,0.0,True,0.2398529477417469,0.23333333432674408,0.07489437583912481,0.10588235408067703,0.3764705955982208,19.188235819339752,65.97768105342568,6.502163340416482,0.1356734415718083,0.10296746301116966,0.5009134817171326,0.010622497144819013,25.191712969958523,106.76364913689284,6.641190987641258
dad607a203483439fcbc2acecd0a39fb5e5a94a32a94348f5c802c79cfeb6e7c,37,173.25190839694656,212.89312977099237,131.0,142.0,131.0,42.62741699796952,43.09484253138079,16.092137578998333,10.408342441335455,0.7626624100837187,1.1479086842423707,0.9225352112676056,0.6717948717948717,1,12.914889870235298,167,206,180,221,0.8864016655032712,1.546080720316271,65.7703228735033,0.0,False,0.21032780187048075,0.21960784494876862,0.04906708015681561,0.10588235408067703,0.29019609093666077,27.552942045032978,57.202739435486976,5.821653739316493,0.17484140996342978,0.0938033955443492,0.49312948028600667,0.00880632911334147,27.46244754022461,86.94303133074935,7.032802458067721
dad607a203483439fcbc2acecd0a39fb5e5a94a32a94348f5c802c79cfeb6e7c,38,176.06896551724137,129.8448275862069,116.0,126.0,116.0,41.21320343559643,41.75408400071355,16.06728207719196,9.240188911641035,0.8180877137083848,1.2344619632451794,0.9206349206349206,0.703030303030303,1,12.153015559492998,171,123,182,138,0.8361225416631272,1.7388477909742706,70.72946046338254,0.0,False,0.2334009531628469,0.2235294133424759,0.07064921899726243,0.11764705926179886,0.37254902720451355,27.07451056689024,73.31400272902582,6.832875969054119,0.13889729870490156,0.08828447952208421,0.46380545147092334,0.007805654460820319,30.569148194171625,116.05885726388001,7.117191656390528
dad607a203483439fcbc2acecd0a39fb5e5a94a32a94348f5c802c79cfeb6e7c,39,184.51633986928104,247.45751633986927,153.0,160.0,153.0,46.2842712474619,46.561757756112726,17.583052245030554,11.126391515559481,0.7743229044907884,0.8657872066329557,0.95625,0.6830357142857143,1,13.957279475043833,178,240,192,256,0.8868344610018201,1.5803014140246534,49.60595289648928,0.0,True,0.3384595729556738,0.3529411852359772,0.09810151051159668,0.13725490868091583,0.4941176474094391,51.784314662218094,58.67263851038492,5.981571861223671,0.1589743306122022,0.08194643201140141,0.5256187094290579,0.00672979870467729,25.559563033617536,91.78571398715229,7.404633497618891
dad607a203483439fcbc2acecd0a39fb5e5a94a32a94348f5c802c79cfeb6e7c,40,188.67251461988303,144.98830409356725,171.0,182.0,171.0,48.8700576850888,49.01323702131956,18.76618428668569,11.679237538653274,0.7827347331888177,1.0092645987074909,0.9395604395604396,0.6705882352941176,1,14.755472278097805,182,137,197,154,0.8944976471674053,1.60679875073845,57.82660191790391,0.0,False,0.17390207889658665,0.1764705926179886,0.03832803780309112,0.09019608050584793,0.239215686917305,29.73725549131632,50.99880035108737,5.541315884420551,0.1818767094126096,0.08883911070619639,0.5043132931964248,0.007909545326396407,23.700791626003134,78.2968090761716,7.287606803314263
dad607a203483439fcbc2acecd0a39fb5e5a94a32a94348f5c802c79cfeb6e7c,41,192.21333333333334,64.46666666666667,150.0,158.0,150.0,44.62741699796952,44.990961429317835,17.226315018449405,11.097212052114207,0.7648561108720656,-1.0925867217003198,0.9493670886075949,0.7211538461538461,1,13.81976597885342,186,57,199,73,0.9312163130268456,1.5523101602052833,-62.60060790546296,0.0,False,0.19686275079846383,0.1980392187833786,0.06148239500634656,0.0784313753247261,0.30980393290519714,29.529412619769573,53.76894597357584,5.783491008963408,0.1596968275214477,0.07963409627524928,0.5267527402380141,0.006344846169353966,21.674521496813686,85.863370450338,7.427904784166515
dad607a203483439fcbc2acecd0a39fb5e5a94a32a94348f5c802c79cfeb6e7c,42,192.9878787878788,189.23636363636365,165.0,172.0,165.0,46.04163056034262,46.33171995998508,16.809406630201412,12.502207381901139,0.6684439002233427,0.7414872158348755,0.9593023255813954,0.7333333333333333,1,14.494292838262302,186,182,201,197,0.9659106683946249,1.3445151017519998,42.484088030244315,0.0,False,0.17601901825630303,0.18039216101169586,0.049021094054030406,0.08235294371843338,0.27450981736183167,29.04313801229,44.259926269673805,5.26656560880801,0.17961176113736857,0.08384116714421146,0.5899154696726345,0.007061832279048554,18.762045606975178,69.75780693237243,7.356141954775371
dad607a203483439fcbc2acecd0a39fb5e5a94a32a94348f5c802c79cfeb6e7c,43,199.89808917197453,88.06369426751593,157.0,165.0,157.0,45.45584412271572,45.77635959271527,16.422146272534185,12.212262371032,0.6685736449300352,-0.31556444142625023,0.9515151515151515,0.7104072398190046,1,14.138550439257221,192,82,209,95,0.9415144989077665,1.3447259626101882,-18.080510658127416,0.0,False,0.1930810593685527,0.20000000298023224,0.05811090166990192,0.07450980693101883,0.3019607961177826,30.31372632086277,44.84288120501364,5.259118697311397,0.18056087160557452,0.081578603021271,0.5690424976480766,0.0066658667981217236,19.36450176084925,70.32126064917803,7.386087438626305
dad607a203483439fcbc2acecd0a39fb5e5a94a32a94348f5c802c79cfeb6e7c,44,217.30555555555554,26.75,108.0,113.0,108.0,38.970562748477136,39.62792730664885,16.323960977551568,8.436979257472899,0.8560781946009952,0.19554766077544875,0.9557522123893806,0.75,1,11.726460285670077,210,23,226,32,0.8642331169054617,1.9348110833735808,11.204055656089128,0.0,False,0.2531590490705437,0.2549019753932953,0.07330823082802644,0.11764705926179886,0.3764705955982208,27.34117729961872,78.73049113142318,7.070000955365258,0.14314409741011921,0.0952098611955791,0.4287130941415537,0.009080156524328479,35.31922485726834,122.14175740557802,6.920522776298931
dad607a203483439fcbc2acecd0a39fb5e5a94a32a94348f5c802c79cfeb6e7c,45,242.30697674418604,217.6139534883721,215.0,224.0,215.0,54.04163056034261,53.91619555173324,20.726716837199547,13.21870639944484,0.7702337305109453,0.3501327696638171,0.9598214285714286,0.7678571428571429,1,16.545286401814263,233,211,253,225,0.9294153572988534,1.5679837505181313,20.061129970962906,0.0,False,0.14279982170393302,0.14509804546833038,0.03210962569011894,0.0784313753247261,0.20392157137393951,30.701961666345596,39.9368959169895,4.778218646754912,0.2142754718013762,0.07487124876211962,0.6330906822831192,0.005625759975905648,19.76772421790593,60.10606761607306,7.724665556213523
dad607a203483439fcbc2acecd0a39fb5e5a94a32a94348f5c802c79cfeb6e7c,46,240.76470588235293,165.33986928104576,153.0,161.0,153.0,45.21320343559643,45.54632179658763,16.330033824439216,11.942451502248396,0.6820363921428091,-1.4630999832597416,0.9503105590062112,0.796875,1,13.957279475043833,235,158,247,174,0.9268184580463485,1.3673937734948953,-83.8294540464446,0.0,False,0.1921824981379353,0.19607843458652496,0.04901216849402871,0.10196078568696976,0.2666666805744171,29.403922215104103,71.50934734518641,6.426947161305951,0.17039714622686283,0.0889679115589566,0.4872792565753866,0.007935069820747315,32.481369606830604,110.53732508354223,7.2432286630344676
dad607a203483439fcbc2acecd0a39fb5e5a94a32a94348f5c802c79cfeb6e7c,47,247.01324503311258,70.64900662251655,151.0,158.0,151.0,45.21320343559643,45.54632179658763,17.059506934298806,11.31279837608325,0.7484976202154283,-0.3556776317984342,0.9556962025316456,0.7401960784313726,1,13.86575534383214,239,65,256,77,0.9147031840849583,1.5079829381883847,-20.378827169258365,0.0,True,0.18311907908577002,0.1882352977991104,0.03403814371889098,0.10196078568696976,0.24705882370471954,27.650980941951275,44.12096079550022,5.104877998990866,0.18609528642132273,0.08754437591376302,0.4876371183534687,0.007670862362783276,23.34677483664651,64.89514675435393,7.239444495530506
dad607a203483439fcbc2acecd0a39fb5e5a94a32a94348f5c802c79cfeb6e7c,48,252.25581395348837,109.17441860465117,86.0,91.0,86.0,36.72792206135785,37.50177061258416,14.533888293540059,8.062241057931686,0.8320369747940324,-1.4762952771184945,0.945054945054945,0.7166666666666667,1,10.464157913908982,248,102,256,117,0.7684308095510732,1.8027107089835182,-84.58548869398602,0.0,True,0.1405836792965961,0.14705882966518402,0.038750167270116015,0.05098039284348488,0.20392157137393951,12.090196419507265,48.213794258920444,5.395813693922415,0.1903713202042866,0.11169926454007126,0.5160856040943922,0.012520815661473563,19.78687952523324,76.64070899260764,6.468648746916753
35ca5f142a7d7a3e4b59f1a767a31f87cb00d66348226bc64094ee3d1e46531c,1,3.4135338345864663,19.714285714285715,133.0,141.0,133.0,47.21320343559643,47.44244069452466,19.02011215227906,9.256444746915173,0.8735880372305344,1.5674348677084529,0.9432624113475178,0.7777777777777778,1,13.013103375051497,0,11,9,30,0.7425530020650856,2.0547967035202963,89.80740258134088,0.0,True,0.09361639590863895,0.09803921729326248,0.02323474436158186,0.0470588244497776,0.1411764770746231,12.45098065584898,44.7460867110929,4.975915931237056,0.2093386219145781,0.09728716084775318,0.5592212053497514,0.009484199697750662,19.821485776498164,69.67068764568764,6.947252372007536
35ca5f142a7d7a3e4b59f1a767a31f87cb00d66348226bc64094ee3d1e46531c,2,4.167630057803469,51.630057803468205,173.0,176.0,173.0,50.384776310850235,50.4492803270013,20.253331861432724,11.39192486952124,0.8268165755737644,-1.5532232280247402,0.9829545454545454,0.7863636363636364,1,14.841510746523857,0,42,11,62,0.8541733483462249,1.777867401111459,-88.9931356075035,0.0,True,0.08956137611772973,0.08627451211214066,0.02650944135260402,0.0470588244497776,0.18039216101169586,15.494118068367243,19.832315396676023,3.3256575728718607,0.2690811392859283,0.09855420117848324,0.6906131798469738,0.009798263845683022,8.139484946849727,31.52514584650232,6.9507565392079025
35ca5f142a7d7a3e4b59f1a767a31f87cb00d66348226bc64094ee3d1e46531c,3,2.221052631578947,116.92631578947369,95.0,97.0,95.0,41.89949493661166,42.40472914299783,19.112824365489264,6.564632861611913,0.9391645848612379,-1.5548756530675794,0.979381443298969,0.8333333333333334,1,10.998079684646791,0,108,6,127,0.6639033839119403,2.911484125373647,-89.08781258841991,0.0,True,0.12825593775824495,0.125490203499794,0.034120488584442527,0.06666667014360428,0.19607843458652496,12.184314087033272,56.27271046597982,6.078142065928178,0.15121205249174668,0.10178534617158952,0.521361110716372,0.010446254275053713,20.589166659915907,91.95625427204374,6.7087210461777005
35ca5f142a7d7a3e4b59f1a767a31f87cb00d66348226bc64094ee3d1e46531c,4,7.872586872586872,149.81853281853282,259.0,277.0,259.0,63.8700576850888,63.62682783754608,19.08749784165145,17.655008577616,0.3800853025696264,0.19760576060537524,0.9350180505415162,0.8464052287581699,1,18.159544104586082,0,142,18,159,0.8039500835798437,1.0811378401623457,11.32197609016051,0.0,True,0.16425165065121927,0.16078431904315948,0.04754869465468813,0.0784313753247261,0.27843138575553894,42.54117751866579,29.660698914212603,4.26285055694885,0.21581224059222387,0.07777168197975472,0.6862585606214502,0.006106685163860544,11.929921191513063,47.39147663691214,7.649390383739105
35ca5f142a7d7a3e4b59f1a767a31f87cb00d66348226bc64094ee3d1e46531c,5,12.801075268817204,179.23924731182797,372.0,392.0,372.0,73.59797974644667,72.456777184947,24.024731561971088,19.962730775244612,0.556385638974256,0.3933659788865435,0.9489795918367347,0.7380952380952381,1,21.76338922689847,2,169,26,190,0.8904197364945658,1.2034792149661049,22.538210394231193,0.0,False,0.1552814714890975,0.15294118225574493,0.049678273018332046,0.05882352963089943,0.29019609093666077,57.76470739394426,19.96434170711743,3.4369810583539215,0.25574994465376,0.07523242511766765,0.7278626433059585,0.005731312619247225,7.7830963622932,32.14558705194166,7.776794475063442
35ca5f142a7d7a3e4b59f1a767a31f87cb00d66348226bc64094ee3d1e46531c,6,16.561946902654867,248.41592920353983,226.0,240.0,226.0,59.35533905932737,58.953907103260065,20.345033884580157,14.50519515123697,0.7012047154119297,-0.5553000648907318,0.9416666666666667,0.6647058823529411,1,16.96325844612841,7,239,27,256,0.8171336919701887,1.402603251625,-31.816350081579674,0.0,True,0.22172480211716838,0.2137254923582077,0.08942557979345463,0.06666667014360428,0.4117647111415863,50.10980527848005,29.896999377603976,4.383258562978092,0.18281245369986676,0.07218866951849695,0.7407017046171291,0.005250795206578643,10.248225325256717,49.54577342995123,7.742877585845406
35ca5f142a7d7a3e4b59f1a767a31f87cb00d66348226bc64094ee3d1e46531c,7,35.357142857142854,55.78764478764479,518.0,537.0,518.0,83.84062043356595,82.16740947075985,28.257288691773866,23.44464404873357,0.5582320898841078,0.014437312737969409,0.9646182495344506,0.7442528735632183,1,25.68147355921802,21,44,50,68,0.9641407384905217,1.2052769337438616,0.8271970873961101,0.0,False,0.09693391144304432,0.0941176488995552,0.027350676551831866,0.04313725605607033,0.18431372940540314,50.21176612749696,12.572762892923494,2.7039824812663267,0.3150438490023076,0.08493196573986589,0.8068140457101034,0.007349231507980046,5.466274826787171,19.679250959059818,7.5316145585754155
35ca5f142a7d7a3e4b59f1a767a31f87cb00d66348226bc64094ee3d1e46531c,8,33.58563535911602,139.61325966850828,181.0,188.0,181.0,48.04163056034261,48.22783885792211,16.00496819276782,14.465205542221069,0.42796626871633336,1.456772716485377,0.9627659574468085,0.7541666666666667,1,15.180789096653193,26,132,41,148,0.9778963758226504,1.1064459572352767,83.46692836442014,0.0,False,0.09803921782838705,0.09803921729326248,0.02081231789964376,0.05882352963089943,0.16470588743686676,17.745098426938057,33.4376801995964,4.334565224689868,0.23338600589786035,0.09639932678453962,0.47561614366367166,0.009321584521081264,18.064404466063227,48.81095593312956,7.107557751729448
35ca5f142a7d7a3e4b59f1a767a31f87cb00d66348226bc64094ee3d1e46531c,9,35.32012195121951,111.83536585365853,328.0,360.0,328.0,71.35533905932738,70.33062049088231,24.336925445013204,17.439281674117506,0.6975079675694346,-1.3478635052514891,0.9111111111111111,0.6905263157894737,1,20.435815879801165,26,100,45,125,0.8332873899820368,1.3955233879347697,-77.2268902106196,0.0,False,0.13697991789341335,0.13333334028720856,0.03455940494591631,0.05882352963089943,0.2235294133424759,44.92941306903958,28.83609275308027,4.116102608797154,0.21872438892970375,0.07309721760172173,0.606450183196928,0.0053726865865646916,14.295444279343634,43.376741226816904,7.836856040398966
35ca5f142a7d7a3e4b59f1a767a31f87cb00d66348226bc64094ee3d1e46531c,10,47.388888888888886,159.04761904761904,126.0,132.0,126.0,40.62741699796952,41.19872363344375,15.842136247745286,10.162140401545809,0.7671541766757157,-0.7706818758835912,0.9545454545454546,0.6923076923076923,1,12.666024736934256,41,153,55,166,0.9328522989885868,1.5589369583336465,-44.15681883535492,0.0,False,0.1712418339910015,0.17450980842113495,0.05187747754979902,0.08627451211214066,0.27450981736183167,21.576471082866192,67.35362045821239,6.483161119630314,0.1393893430409757,0.08726293492492437,0.47639843372701796,0.00762107995459623,28.824719804531732,105.88252111189303,7.167879401439422
35ca5f142a7d7a3e4b59f1a767a31f87cb00d66348226bc64094ee3d1e46531c,11,54.127450980392155,217.1143790849673,306.0,321.0,306.0,65.35533905932738,64.6422637970712,22.233409496932644,17.731579040827025,0.6032930843032612,1.0861198510152532,0.9532710280373832,0.6954545454545454,1,19.738573927438622,45,206,65,228,0.9202337901408003,1.2538877358716976,62.23008350855177,0.0,False,0.174599517039419,0.1764705926179886,0.06380321130245617,0.06666667014360428,0.3607843220233917,53.427452214062214,21.1844688623969,3.514681134093961,0.25805762504440843,0.08244712723041607,0.7412987712753307,0.006877859852902419,8.146101891066683,34.22283583372712,7.532352181611558
35ca5f142a7d7a3e4b59f1a767a31f87cb00d66348226bc64094ee3d1e46531c,12,68.96456692913385,136.04527559055117,508.0,546.0,508.0,92.32590180780451,90.2119606547633,31.120404185591795,22.015094994419833,0.7067966826497231,-0.25318983011612733,0.9304029304029304,0.736231884057971,1,25.43237481489809,56,126,86,149,0.7844139935573122,1.4135939087921212,-14.506708681288401,0.0,False,0.13141887058599258,0.13137255609035492,0.03385059046251569,0.06666667014360428,0.23137255012989044,66.76078625768423,18.799288848389615,3.329194452161349,0.2630957401869909,0.07561002286225306,0.7394807776878016,0.005814061625958869,7.6667812510387705,29.931796445740463,7.83901483590167
35ca5f142a7d7a3e4b59f1a767a31f87cb00d66348226bc64094ee3d1e46531c,13,67.759375,85.778125,320.0,335.0,320.0,69.698484809835,68.7598241640874,22.593671076801243,18.281465060911145,0.5876145687085169,-1.075543834820704,0.9552238805970149,0.7619047619047619,1,20.185060176161283,59,76,79,97,0.8505313528733445,1.2358785798360505,-61.62412241654209,0.0,False,0.14551470964215696,0.13725490868091583,0.046913782869291036,0.06666667014360428,0.30588236451148987,46.56470708549023,22.19427751155725,3.47526844244906,0.26500778789815027,0.08352098265595947,0.6784058326769977,0.007064843887114045,8.671960406249012,35.716594616865486,7.486615650596134
35ca5f142a7d7a3e4b59f1a767a31f87cb00d66348226bc64094ee3d1e46531c,14,70.73298429319372,55.23560209424084,382.0,401.0,382.0,75.35533905932738,74.12285828675638,26.108936042800433,19.240590586657913,0.6759635374339467,-0.752026458546754,0.9526184538653366,0.722117202268431,1,22.05396803500069,60,44,83,67,0.8737132279027146,1.3569716545450152,-43.08794215689896,0.0,False,0.133661845318622,0.12941177189350128,0.04181861553241707,0.054901961237192154,0.239215686917305,51.0588249117136,21.53058729039339,3.649320356032279,0.23267074774130572,0.07216538024152512,0.7462798241248314,0.005272701023390858,8.62309064831152,34.438083932475266,7.864373252686328
35ca5f142a7d7a3e4b59f1a767a31f87cb00d66348226bc64094ee3d1e46531c,15,74.02095808383234,198.96107784431138,334.0,351.0,334.0,68.52691193458118,67.64910342954782,22.354844035786357,19.41330440483515,0.495836301611778,1.4178127740038395,0.9515669515669516,0.7260869565217392,1,20.62188177498708,65,187,85,210,0.9171328313490502,1.1515218413933992,81.2346880901556,0.0,False,0.15578255645127712,0.16078431904315948,0.045047554383037605,0.05882352963089943,0.27450981736183167,52.03137385472655,26.66187491957412,3.7646577203386795,0.2619768648922602,0.08329786561602047,0.6043610090415665,0.006984601440079775,11.684332954399688,41.639416884748556,7.5904507419801535
35ca5f142a7d7a3e4b59f1a767a31f87cb00d66348226bc64094ee3d1e46531c,16,81.11904761904762,101.32142857142857,84.0,121.0,84.0,44.00609665440988,48.22783885792212,16.439151498134432,8.556156424505893,0.853877314277584,-0.7822621275517003,0.6942148760330579,0.46153846153846156,1,10.341765891652821,76,96,90,109,0.4538303622602353,1.9213243286495632,-44.8203183816369,0.0,False,0.06970121680448453,0.07058823853731155,0.006413927239559488,0.054901961237192154,0.08235294371843338,5.8549022115767,56.56611169941736,5.845044651203599,0.2633463513800335,0.2157419248191579,0.3241111325444352,0.04656493565280326,36.09201972046415,77.04020367837057,4.6416425690941665
35ca5f142a7d7a3e4b59f1a767a31f87cb00d66348226bc64094ee3d1e46531c,17,90.89895470383276,74.2404181184669,287.0,299.0,287.0,61.698484809834994,61.17534857233925,20.856865868353136,17.592379598755453,0.5371582938901515,-0.8357486645896263,0.959866220735786,0.7552631578947369,1,19.115955360352558,82,65,101,85,0.963693335382899,1.1855625187753807,-47.88487121468022,0.0,False,0.14427820238761785,0.13725490868091583,0.04765031981613199,0.05882352963089943,0.25882354378700256,41.407844085246325,21.74242264594976,3.5141793955248746,0.2682186055912632,0.0827634717055716,0.7810986628706775,0.006909162299160094,9.487374438062902,33.99747085383662,7.553741127853246
35ca5f142a7d7a3e4b59f1a767a31f87cb00d66348226bc64094ee3d1e46531c,18,93.93827160493827,46.17283950617284,81.0,95.0,81.0,37.798989873223334,38.51720657210927,13.667027888221003,8.322619723426422,0.7932039416468514,0.13590328846226635,0.8526315789473684,0.6428571428571429,1,10.155412503859614,88,42,102,51,0.6860966793658803,1.6421545549835945,7.786684850836838,0.0,False,0.1436940242110947,0.13333334028720856,0.04682143248217754,0.062745101749897,0.23137255012989044,11.639215961098671,76.43282527970794,6.928918255545797,0.13622362002590838,0.10491884004721187,0.4824861955576107,0.011041350604498236,35.224761793710016,117.64088876570585,6.587765698314469
35ca5f142a7d7a3e4b59f1a767a31f87cb00d66348226bc64094ee3d1e46531c,19,100.1361111111111,163.13055555555556,360.0,394.0,360.0,75.84062043356595,74.58293387901168,27.628769818087928,17.16047617453095,0.7837242333195118,-0.8416584495815923,0.9137055837563451,0.6260869565217392,1,21.409489393833255,89,151,112,176,0.813267539330162,1.6100234945166438,-48.223476952549625,0.0,False,0.12843137652509742,0.13725490868091583,0.04079997083210479,0.05098039284348488,0.21568627655506134,46.23529554903507,32.440579565901714,4.334259465479342,0.21789607529597743,0.07288930322757725,0.6616409559293783,0.0053476839821640955,13.704274944676285,51.17688418712715,7.8985521153412
35ca5f142a7d7a3e4b59f1a767a31f87cb00d66348226bc64094ee3d1e46531c,20,102.54111405835543,133.72413793103448,377.0,401.0,377.0,73.35533905932738,72.22673938881934,24.898841166780652,19.510505593831862,0.6212771415769364,-0.4838210313722092,0.940149625935162,0.7180952380952381,1,21.909160375631842,90,123,115,144,0.9081449981429076,1.2761761117380928,-27.720903137294187,0.0,False,0.139054458400615,0.13725490868091583,0.04896772210506194,0.054901961237192154,0.2705882489681244,52.42353081703186,22.673623581648435,3.6751400784525963,0.24220875354765903,0.07075251465343524,0.7402406731821358,0.005070622047749445,8.640006190839184,36.70724097245768,7.917420166214054
35ca5f142a7d7a3e4b59f1a767a31f87cb00d66348226bc64094ee3d1e46531c,21,118.27956989247312,62.33064516129032,372.0,393.0,372.0,73.01219330881975,71.9014168176772,22.841553231552204,20.94835482046004,0.3986203348044627,0.3891463976644076,0.9465648854961832,0.7045454545454546,1,21.76338922689847,107,52,131,74,0.9042279090289909,1.0903745629343216,22.296446198890152,0.0,False,0.1235504991384924,0.12352941930294037,0.0350018301502013,0.04313725605607033,0.20000000298023224,45.96078567951918,24.27921669000312,3.6465004861724917,0.2632673010424861,0.07347532082984974,0.7014636383837125,0.005450361800047144,10.741142869649364,37.81729051035687,7.848513970324802
35ca5f142a7d7a3e4b59f1a767a31f87cb00d66348226bc64094ee3d1e46531c,22,130.07692307692307,120.55494505494505,182.0,195.0,182.0,50.8700576850888,50.9093559192566,17.101447767486242,13.79009561692561,0.591411288156473,-1.2991414366349643,0.9333333333333333,0.7137254901960784,1,15.222667215103916,123,113,138,130,0.8824417492205925,1.2401253945256452,-74.43532130974593,0.0,False,0.15610860050707073,0.15490196645259857,0.04929186967447305,0.07450980693101883,0.24705882370471954,28.411765292286873,55.29347724542814,5.784196163777626,0.16897881794053393,0.07940160181741243,0.5822592687383652,0.006327186285060647,22.377884275093525,88.20907021576278,7.542497753768471
35ca5f142a7d7a3e4b59f1a767a31f87cb00d66348226bc64094ee3d1e46531c,23,132.28270042194092,146.71729957805908,237.0,246.0,237.0,55.45584412271571,55.25695408240048,19.019248571067312,15.923796625247505,0.5468258713876103,0.7410255116744534,0.9634146341463414,0.7745098039215687,1,17.371176474327626,123,139,141,156,0.9754035381393389,1.1943915775030627,42.457634330468494,0.0,False,0.1668404104651781,0.18039216101169586,0.0460417833012245,0.07450980693101883,0.25882354378700256,39.54117728024721,44.928874029781035,5.001700956742748,0.20649802308024987,0.08363539089381536,0.5320890091575711,0.007025911710715212,20.24796875285769,69.60977930670438,7.551260709964016
35ca5f142a7d7a3e4b59f1a767a31f87cb00d66348226bc64094ee3d1e46531c,24,136.2964824120603,90.19095477386935,398.0,421.0,398.0,74.76955262170047,73.56749791948658,23.22108315296294,21.928561289350043,0.32897556592164456,-0.00587813141787913,0.9453681710213777,0.7210144927536232,1,22.511093682995384,125,80,149,103,0.9241042440809851,1.0589423923693813,-0.3367921216677246,0.0,False,0.12497783419512325,0.125490203499794,0.03653102830369479,0.054901961237192154,0.2549019753932953,49.74117800965905,16.36794493003606,3.096973295489468,0.2837331194439887,0.08895926002452179,0.6972116067331842,0.008039078342885848,6.852367592117789,25.88352226795433,7.388737673011325
35ca5f142a7d7a3e4b59f1a767a31f87cb00d66348226bc64094ee3d1e46531c,25,136.54237288135593,173.3864406779661,295.0,311.0,295.0,64.76955262170047,64.0869034298014,21.639130037208627,17.458554577480708,0.5908180517561196,-0.0896851893431914,0.9485530546623794,0.7449494949494949,1,19.38054864282415,126,165,148,183,0.9025957922065222,1.2394571349635282,-5.138582834196535,0.0,False,0.13467597563640546,0.1411764770746231,0.05007110027378941,0.03529411926865578,0.26274511218070984,39.72941281273961,25.36795718069944,3.9187991685063945,0.22444843263841918,0.07292566222821249,0.6757991847146916,0.005360158031267723,9.822352595689196,40.91356176570969,7.806652563292008
35ca5f142a7d7a3e4b59f1a767a31f87cb00d66348226bc64094ee3d1e46531c,26,161.66343042071196,140.9546925566343,309.0,326.0,309.0,65.698484809835,64.96758636821333,21.835741655324355,18.190178254061294,0.553203655753439,1.2333869363982086,0.9478527607361963,0.7392344497607656,1,19.83509564693766,153,130,172,152,0.9199725699530126,1.200413835991361,70.66786596218785,0.0,False,0.1580049533240232,0.15294118225574493,0.053036292438015456,0.062745101749897,0.27843138575553894,48.823530577123165,28.441086386800993,4.201240157413198,0.20566212290024588,0.06912996360044771,0.712602497272839,0.004819289130297189,10.903809416935921,45.97836335666607,7.944372363101548
35ca5f142a7d7a3e4b59f1a767a31f87cb00d66348226bc64094ee3d1e46531c,27,170.24666666666667,4.46,150.0,157.0,150.0,45.55634918610404,45.87164436772977,16.95983817921206,11.623171303786382,0.7282279099709645,0.05745326483822598,0.9554140127388535,0.8021390374331551,1,13.81976597885342,162,0,179,11,0.8958029861280217,1.4591403443987097,3.291829594477721,0.0,True,0.08813072130084038,0.08235294371843338,0.027228592574474814,0.04313725605607033,0.16470588743686676,13.219608195126057,26.96622269154203,3.8593509145277682,0.24752230079112927,0.09087988911193465,0.7165241959473619,0.00829850507334739,12.822633897876017,41.10981148520804,7.140635206296237
35ca5f142a7d7a3e4b59f1a767a31f87cb00d66348226bc64094ee3d1e46531c,28,183.93103448275863,65.02586206896552,232.0,242.0,232.0,55.45584412271572,55.256954082400476,18.30725146436224,16.182125653621533,0.4676402150864897,-1.0870331296365106,0.9586776859504132,0.8027681660899654,1,17.186959427966244,176,57,193,74,0.9548254044233193,1.1313255042155173,-62.282410519069344,0.0,False,0.12716362806807818,0.12941177189350128,0.03770304044738255,0.054901961237192154,0.23137255012989044,29.501961711794138,30.265059813667108,4.087557724278554,0.24685363743586583,0.08543868524732934,0.602663446996679,0.00734438317691802,13.158819044983886,47.37130058235033,7.463625093894057
35ca5f142a7d7a3e4b59f1a767a31f87cb00d66348226bc64094ee3d1e46531c,29,190.34624145785878,21.20501138952164,439.0,478.0,439.0,84.42640687119285,82.72276983802965,31.968846079041267,17.867749982188442,0.8292274329952958,-0.6914463460894957,0.9184100418410042,0.6271428571428571,1,23.642169108157916,177,9,205,34,0.8061655751403394,1.7891926018054638,-39.61695739067016,0.0,False,0.09816427965031127,0.09803921729326248,0.022809381898492576,0.04313725605607033,0.1568627506494522,43.094118766486645,20.867528052969124,3.397542635026713,0.26624215868387835,0.07462969266834557,0.6547152654065188,0.005623419212500428,10.31339860047376,31.42165750546449,7.821723779013074
35ca5f142a7d7a3e4b59f1a767a31f87cb00d66348226bc64094ee3d1e46531c,30,183.03125,95.2421875,128.0,137.0,128.0,41.798989873223334,42.30944436798334,14.781768168304167,11.109465705244771,0.6596585702271176,1.103241624515282,0.9343065693430657,0.7619047619047619,1,12.766152972845846,177,89,189,103,0.8985560853693286,1.3305561725912438,63.21108886788236,0.0,False,0.08345588442170992,0.08235294371843338,0.020552826067037892,0.04313725605607033,0.125490203499794,10.68235320597887,47.81368472386324,5.572659782583765,0.16148886548897884,0.0989337848506874,0.5680200525941359,0.009801649718735862,20.314944336003908,75.31242511172258,6.859947056440901
35ca5f142a7d7a3e4b59f1a767a31f87cb00d66348226bc64094ee3d1e46531c,31,191.64308681672026,132.58842443729904,311.0,329.0,311.0,67.01219330881976,66.21306012386609,24.50917162971992,16.41676587986993,0.7425223155341718,0.9080968301349868,0.9452887537993921,0.6438923395445134,1,19.899183360445615,182,121,203,144,0.8914211486908881,1.4929354422829901,52.03011575594317,0.0,False,0.15833806598684796,0.15294118225574493,0.059203943133465275,0.05098039284348488,0.2862745225429535,49.243138521909714,28.885931039424044,4.137005830203842,0.22533594144451807,0.0736621797387314,0.7392803447218947,0.005471865725380472,10.663230662166171,47.10863141668192,7.795935932376399
35ca5f142a7d7a3e4b59f1a767a31f87cb00d66348226bc64094ee3d1e46531c,32,190.38011695906434,43.24561403508772,171.0,179.0,171.0,46.62741699796952,46.88708032725488,15.477479811926441,14.189232496955627,0.39942393584510844,-0.06868078550185827,0.9553072625698324,0.7633928571428571,1,14.755472278097805,183,37,199,51,0.9774613515109407,1.0907904860426534,-3.9351191428997727,0.0,False,0.1338378665478606,0.13333334028720856,0.039278896573161096,0.062745101749897,0.24313725531101227,22.886275179684162,37.730829134033605,4.787407070836252,0.1943209161770437,0.08709597185961743,0.5359171414768648,0.007619786597212167,17.130434901719074,58.33122336634814,7.30522240189898
35ca5f142a7d7a3e4b59f1a767a31f87cb00d66348226bc64094ee3d1e46531c,33,194.8864468864469,188.93040293040292,273.0,286.0,273.0,60.2842712474619,59.83459004167201,21.08994541083142,16.508405833941534,0.622321300443278,0.344735752626361,0.9545454545454546,0.7647058823529411,1,18.643883600599406,185,181,206,198,0.9582258254133854,1.2775276803209048,19.751903672756473,0.0,False,0.11402715299101103,0.12156862765550613,0.039347180952064714,0.03921568766236305,0.19607843458652496,31.12941276654601,37.33349935392175,4.648079802689669,0.2240763240950423,0.08554458840096026,0.6250849234327982,0.0073764025335908675,15.592967408930573,59.074031298912935,7.564363916978723
35ca5f142a7d7a3e4b59f1a767a31f87cb00d66348226bc64094ee3d1e46531c,34,198.14356435643563,94.04950495049505,202.0,215.0,202.0,54.04163056034261,53.91619555173324,19.21094729105123,13.715504919721333,0.7002046938931699,1.189789285498159,0.9395348837209302,0.7087719298245614,1,16.03728119216293,192,84,207,103,0.8732181496482251,1.4006737195236667,68.16990456893028,0.0,False,0.1415841623882551,0.13333334028720856,0.05688839168815808,0.05882352963089943,0.3490196168422699,28.60000080242753,25.889521636628423,3.6179907267663594,0.26710107741052,0.10049711957300664,0.6280535650415324,0.010217579128429277,10.076566694280759,41.70247657897609,6.970360238287866
35ca5f142a7d7a3e4b59f1a767a31f87cb00d66348226bc64094ee3d1e46531c,35,215.07816711590297,8.881401617250674,371.0,402.0,371.0,81.11269837220809,79.58117718443985,29.535736630288422,16.954892931306752,0.8188225422166397,0.6706979524582929,0.9228855721393034,0.654320987654321,1,21.73411767467788,200,0,227,21,0.7361444726655709,1.7420184692379557,38.42816200392612,0.0,True,0.10782728501849097,0.10588235408067703,0.029837133712575153,0.054901961237192154,0.1882352977991104,40.00392274186015,21.384388716368964,3.584376263595132,0.2505568659913762,0.07846888119405918,0.751754030456186,0.006262095666016447,8.433190924699028,34.3355865080389,7.762142828469541
35ca5f142a7d7a3e4b59f1a767a31f87cb00d66348226bc64094ee3d1e46531c,36,212.9921568627451,118.21960784313725,255.0,267.0,255.0,59.4558441227157,59.04919187827456,20.146660254164914,16.320029909861343,0.5863451893704088,0.854348245444093,0.9550561797752809,0.7870370370370371,1,18.01877032173579,205,109,223,127,0.9190140005349026,1.2344744688238185,48.950548698353494,0.0,False,0.17365629027287166,0.1764705926179886,0.05358764772930701,0.07058823853731155,0.2823529541492462,44.28235401958227,43.92755605791509,5.07077927473783,0.19070825260563873,0.07047419455400372,0.582646243225472,0.004984394985157363,17.97399382382379,69.88111829200639,7.875283171314587
35ca5f142a7d7a3e4b59f1a767a31f87cb00d66348226bc64094ee3d1e46531c,37,213.41078838174275,157.38589211618256,241.0,254.0,241.0,56.04163056034261,55.81231444967027,18.6384725929494,16.56039776045889,0.4588646848531819,-1.3572357236216075,0.9488188976377953,0.7875816993464052,1,17.517155313611116,205,149,222,167,0.9722251284167867,1.1254845965990208,-77.76387876790236,0.0,False,0.10454804640402438,0.10196078568696976,0.03971057143026284,0.0313725508749485,0.1921568661928177,25.196079183369875,30.52797931139545,4.291729971417748,0.20857837954895017,0.07995069702147203,0.7020848206860695,0.006446796406514956,12.816966156588709,48.238992466202184,7.572514343119169
35ca5f142a7d7a3e4b59f1a767a31f87cb00d66348226bc64094ee3d1e46531c,38,222.69811320754718,42.96765498652291,371.0,399.0,371.0,78.18376618407356,76.80437534809087,29.47454475190247,16.719261786973483,0.8235497096292657,-1.467772048461564,0.9298245614035088,0.7794117647058824,1,21.73411767467788,214,29,231,57,0.7903361569965115,1.7629094590089522,-84.09714366411895,0.0,False,0.07631732137858707,0.07450980693101883,0.01870683232457567,0.03921568766236305,0.125490203499794,28.313726231455803,27.227115632438014,3.9122485587612155,0.25027241711233394,0.08842640977036316,0.6770496738108669,0.007926773796578811,11.947944563929706,42.506286700946326,7.327655639142128
35ca5f142a7d7a3e4b59f1a767a31f87cb00d66348226bc64094ee3d1e46531c,39,223.76388888888889,197.59722222222223,288.0,299.0,288.0,61.698484809835,61.17534857233925,21.02618598579635,17.533164248637885,0.5519566829071351,0.23899764857376496,0.9632107023411371,0.7619047619047619,1,19.149229459268767,214,189,235,207,0.967051151882491,1.1992236933176412,13.693556576827572,0.0,False,0.10819717125398004,0.10980392247438431,0.0397026245722213,0.03529411926865578,0.1764705926179886,31.16078532114625,43.236082829858795,4.937233629345803,0.2202280993156342,0.08092733633343754,0.6631468381979265,0.006573381171341133,17.628125314181148,68.84404034553644,7.77410924251585
35ca5f142a7d7a3e4b59f1a767a31f87cb00d66348226bc64094ee3d1e46531c,40,238.63111111111112,127.29333333333334,225.0,236.0,225.0,54.87005768508881,54.701593715130684,17.83549107713571,16.08792350580927,0.4316996504278659,0.2644743098489334,0.9533898305084746,0.78125,1,16.925687506432688,230,120,248,136,0.944914303286624,1.1086260492657987,15.153261743979105,0.0,False,0.11091939323478275,0.10588235408067703,0.031413694961432426,0.05098039284348488,0.18431372940540314,24.95686347782612,38.528282399229624,4.857027601651476,0.1864785632258284,0.07316405858140601,0.5893576193759531,0.0053741655054840975,16.728171421946804,60.32839337651244,7.757623798678878
35ca5f142a7d7a3e4b59f1a767a31f87cb00d66348226bc64094ee3d1e46531c,41,245.14736842105262,163.7,190.0,209.0,190.0,53.45584412271571,53.36083518446344,19.261647014379502,12.984257728236873,0.7386409727189136,1.5005075136661579,0.9090909090909091,0.7142857142857143,1,15.553633450087505,239,155,253,174,0.8385292726410356,1.4834615437809116,85.97274766073954,0.0,False,0.12476780526340008,0.12156862765550613,0.04097454411849511,0.0470588244497776,0.21176470816135406,23.705883000046015,39.226228435440206,4.90698642739994,0.181754028631527,0.07646204810391795,0.6221458338600429,0.005864606341096473,17.237178639369503,61.21527823151091,7.58305099285598
35ca5f142a7d7a3e4b59f1a767a31f87cb00d66348226bc64094ee3d1e46531c,42,249.33333333333334,7.611111111111111,198.0,207.0,198.0,52.970562748477136,52.90075959220813,18.031973165680185,14.296425659071781,0.6094330142391482,1.4528286377538036,0.9565217391304348,0.8319327731092437,1,15.877702285203682,242,0,256,17,0.8891012855992056,1.2612924094238909,83.24094929903367,0.0,True,0.15163399109786208,0.15882353484630585,0.033776027073078696,0.06666667014360428,0.2078431397676468,30.02353023737669,32.13666734738438,4.29686159532789,0.22337126508632663,0.08607867328134652,0.6296576248740671,0.007436249972399179,13.82955293985642,50.44378175491234,7.366843863627877
35ca5f142a7d7a3e4b59f1a767a31f87cb00d66348226bc64094ee3d1e46531c,43,250.77073170731708,47.4,205.0,220.0,205.0,61.970562748477136,61.825993714623536,25.455845796011033,10.663540065624687,0.9080308094738443,-1.4073289654616328,0.9318181818181818,0.7454545454545455,1,16.15593100600236,245,34,256,59,0.6739404355741432,2.387185272372284,-80.63401010746396,0.0,True,0.11714969201058877,0.10588235408067703,0.04815455015139511,0.054901961237192154,0.2549019753932953,24.015686862170696,20.19959260417589,3.2958771284349657,0.28193229844045853,0.09781835896831376,0.7938701558817551,0.009705036481425917,7.4110774515174604,32.988107756834324,7.0588681259212755
0e4c2e2780de7ec4312f0efcd86b07c3738d21df30bb4643659962b4da5505a3,1,6.914529914529915,116.66096866096866,351.0,370.0,351.0,76.5269119345812,75.23357902129598,26.31806514007446,17.659378006692357,0.7414588514859778,-1.470261577901665,0.9486486486486486,0.7647058823529411,1,21.14017691983778,0,104,17,131,0.7792800088021841,1.4903166538538746,-84.23978319401031,0.0,True,0.27190660466665556,0.21176470816135406,0.13021998859416892,0.12941177189350128,0.6745098233222961,95.4392182379961,21.45920998070431,3.0644527318665595,0.3698688843375423,0.13917047960604165,0.7147946976335766,0.019566450394050597,8.805852210731102,34.11256775067751,6.655278033567024
0e4c2e2780de7ec4312f0efcd86b07c3738d21df30bb4643659962b4da5505a3,2,21.855436081242534,45.851851851851855,837.0,967.0,837.0,131.5035713374682,129.83988796141216,38.56530351422816,30.085394844156024,0.6256353990135117,-0.23665395759702193,0.8655635987590486,0.5655405405405406,1,32.64508384034771,0,27,40,64,0.6239058501548455,1.2818613055935788,-13.559272975377302,0.0,True,0.20851313606741323,0.1725490242242813,0.10648672773346594,0.07450980693101883,0.501960813999176,174.52549488842487,15.87947262170394,2.6157992802502,0.39732502220402816,0.11763352197368045,0.8413842847479522,0.014072283053203509,7.076058012201441,24.682887231206436,7.259341048913863
0e4c2e2780de7ec4312f0efcd86b07c3738d21df30bb4643659962b4da5505a3,3,20.94847775175644,261.40046838407494,854.0,923.0,854.0,120.32590180780451,116.75762522588187,43.80746758431688,25.510293297140723,0.8129542895901893,0.5885820490777749,0.9252437703141928,0.6842948717948718,1,32.97493853222215,2,246,41,278,0.7872220106676483,1.7172467236676956,33.72326730931839,0.0,False,0.28795978215804424,0.25882354378700256,0.13439628708295112,0.10196078568696976,0.6666666865348816,245.91765396296978,15.712850789415576,2.829575314940786,0.34714339907317054,0.09479118599971117,0.819386114551927,0.009160316945937523,6.173446821515298,25.252254757315853,7.624313357655797
0e4c2e2780de7ec4312f0efcd86b07c3738d21df30bb4643659962b4da5505a3,4,22.94552929085303,151.4820143884892,973.0,1014.0,973.0,119.63961030678928,116.10698008359758,38.612328560414014,32.97661006957174,0.5202015172922607,1.4498513107922684,0.9595660749506904,0.695,1,35.197472594311556,5,133,40,173,0.9069974074508059,1.1709004800357716,83.0703610299072,0.0,False,0.28970437897378837,0.250980406999588,0.12226582125001251,0.13725490868091583,0.7019608020782471,281.8823607414961,17.176236392054776,2.5585810349853344,0.42607978340459485,0.1298613665771244,0.7277251916867195,0.017146035097789756,8.209798145520596,26.142674638588954,6.908029023038056
0e4c2e2780de7ec4312f0efcd86b07c3738d21df30bb4643659962b4da5505a3,5,18.800531914893618,10.393617021276595,376.0,395.0,376.0,73.94112549695427,72.78209975608914,24.855299952419234,19.403679279244514,0.6249488928434745,-0.2646429123337322,0.9518987341772152,0.7833333333333333,1,21.880083839428522,7,1,31,21,0.8919665076047265,1.2809580902012816,-15.162921954773495,0.0,False,0.1558510679553481,0.1196078434586525,0.08648946976929935,0.07058823853731155,0.4745098054409027,58.60000155121088,23.625605754062416,2.904155489353898,0.4445279441773293,0.18358938622959314,0.6065729183905884,0.03401895507490131,12.192831623758925,35.058379884365905,6.148245818154447
0e4c2e2780de7ec4312f0efcd86b07c3738d21df30bb4643659962b4da5505a3,6,13.41304347826087,31.442028985507246,138.0,152.0,138.0,47.55634918610404,48.553161429064254,15.963152284077541,11.8034679875006,0.6732448487264466,0.9577228744881185,0.9078947368421053,0.6571428571428571,1,13.255453865237978,6,26,20,41,0.7356206700595713,1.3524120454244364,54.873478651306655,0.0,False,0.19289571484145912,0.18039216101169586,0.054681388784105604,0.12156862765550613,0.3843137323856354,26.619608648121357,35.53505832495206,4.1944111197798755,0.2686729341448879,0.11492995841015444,0.4708335060850907,0.01338395057493789,15.766338336460285,55.30377831344384,6.642298216666178
0e4c2e2780de7ec4312f0efcd86b07c3738d21df30bb4643659962b4da5505a3,7,42.99829351535836,306.8327645051194,586.0,618.0,586.0,95.08326112068522,93.21880028723994,31.76901770336907,23.98866494057277,0.6556139946396413,0.14363197968735858,0.948220064724919,0.7103030303030303,1,27.315167457198672,28,295,61,320,0.8474234182208537,1.3243345464230962,8.229506239194416,0.0,True,0.2677842534493668,0.21960784494876862,0.12245281007098759,0.125490203499794,0.6666666865348816,156.92157252132893,21.227969618776342,2.917497506406993,0.40284476692216775,0.1323258617554447,0.6900369037420742,0.017793685139389552,9.349231792959397,33.10670744459328,6.831375723655647
0e4c2e2780de7ec4312f0efcd86b07c3738d21df30bb4643659962b4da5505a3,8,45.01590909090909,243.32954545454547,440.0,468.0,440.0,82.42640687119285,80.8266509400926,28.644547449826593,20.058167081861917,0.7139037782554338,0.5024647393972997,0.9401709401709402,0.6832298136645962,1,23.66908109081279,31,233,59,256,0.8463565746492198,1.4280740275480663,28.789108921606054,0.0,False,0.46671124215830456,0.45098039507865906,0.10150986552560898,0.27843138575553894,0.7098039388656616,205.352946549654,38.85582829225206,4.5563046816815564,0.23492815677023227,0.07136336995261738,0.5772008690274343,0.005148032980476714,16.519196109549117,61.19246047495501,8.05694661371709
0e4c2e2780de7ec4312f0efcd86b07c3738d21df30bb4643659962b4da5505a3,9,42.995073891625616,67.9064039408867,203.0,225.0,203.0,56.970562748477136,56.692997388082205,19.4387950161932,13.856498429039242,0.7013398832509241,0.4374432764420715,0.9022222222222223,0.712280701754386,1,16.07692842495848,35,61,54,76,0.7936829740433878,1.4028648807446957,25.063653516505248,0.0,False,0.21300106884663916,0.20392157137393951,0.07179275789883133,0.10196078568696976,0.364705890417099,43.23921697586775,34.10093426863438,4.428024335824183,0.23307910713209673,0.09184677664111057,0.7038958049853612,0.008483072897846989,13.321525623451214,54.88034291381755,7.286777004817262
0e4c2e2780de7ec4312f0efcd86b07c3738d21df30bb4643659962b4da5505a3,10,50.31318681318681,172.61263736263737,364.0,424.0,364.0,85.87615433949868,86.97508322615903,29.078497558991398,16.691395243032886,0.8188471590564744,-1.0028394137426195,0.8584905660377359,0.5861513687600645,1,21.528102431092233,39,159,62,186,0.6046743433887237,1.7421250372181427,-57.45846593682587,0.0,False,0.5881814482611615,0.5921568870544434,0.056844143439864894,0.4470588266849518,0.729411780834198,214.09804716706276,19.835533835056573,3.4383072341031187,0.25494398909539917,0.08048474114447933,0.7105075858644694,0.006579953837325351,8.108408306734402,31.562659363378742,7.634580731906888
0e4c2e2780de7ec4312f0efcd86b07c3738d21df30bb4643659962b4da5505a3,11,58.615635179153095,55.03583061889251,614.0,638.0,614.0,93.84062043356595,91.64800396044504,29.73816102881996,26.404646162750453,0.46002787831718805,-1.350796774930784,0.9623824451410659,0.7561576354679803,1,27.96013377055607,46,41,74,70,0.918612210097024,1.1262472841151783,-77.3949541834169,0.0,False,0.16906815281908363,0.12156862765550613,0.10919424699988199,0.062745101749897,0.47843137383461,103.80784583091736,22.251836284200095,2.943854832248033,0.4272589694004428,0.1829888952645023,0.7740793029005197,0.03374068574389172,9.388124333898968,35.115548234501226,6.524764132553994
0e4c2e2780de7ec4312f0efcd86b07c3738d21df30bb4643659962b4da5505a3,12,66.24144144144144,229.54054054054055,555.0,579.0,555.0,89.25483399593904,87.30040579730118,29.602013589817062,24.13269600712588,0.5791256096169327,-1.4091392945019938,0.9585492227979274,0.7360742705570292,1,26.582850624566497,54,216,80,245,0.9151037230834413,1.2266351667081128,-80.73773432100661,0.0,False,0.2671824843362645,0.2078431397676468,0.13756770957656156,0.11764705926179886,0.6392157077789307,148.2862788066268,27.190084869093994,3.4338344792488913,0.3683485304007177,0.1413464526158365,0.7257233366758968,0.020228450798954935,11.182062001507362,43.19810773668063,6.970371731462099
0e4c2e2780de7ec4312f0efcd86b07c3738d21df30bb4643659962b4da5505a3,13,85.7752808988764,270.6597110754414,623.0,653.0,623.0,94.42640687119285,92.20336432771484,29.896357351270755,26.684706823402244,0.4509012306747144,-0.10068958147069597,0.9540581929555896,0.7691358024691358,1,28.16430784468183,72,258,102,285,0.920882828422075,1.1203554736097727,-5.769088059209536,0.0,False,0.32163158362883815,0.2823529541492462,0.16837657061319045,0.09803921729326248,0.7019608020782471,200.37647660076618,21.257665060883035,3.2505191635209147,0.3234164063255868,0.09531114821238454,0.8249129373805253,0.00923603594521345,8.489450318961316,34.02587980280475,7.679367144576171
0e4c2e2780de7ec4312f0efcd86b07c3738d21df30bb4643659962b4da5505a3,14,87.17547169811321,177.86037735849055,530.0,560.0,530.0,88.91168824543142,86.97508322615903,28.359577787259887,24.21479312405792,0.5205210146245607,-1.2218906624786776,0.9464285714285714,0.728021978021978,1,25.977239243415305,74,164,100,192,0.8804324230659989,1.1711674612278242,-70.00917798647241,0.0,False,0.2913651576863145,0.2568627595901489,0.15448033131597286,0.09019608050584793,0.6823529601097107,154.42353357374668,22.76044262516685,3.3563666771286775,0.32861375954577177,0.11011150307813766,0.7775762219977311,0.012267719732568003,8.552113108640595,36.9687721416931,7.3765772845142354
0e4c2e2780de7ec4312f0efcd86b07c3738d21df30bb4643659962b4da5505a3,15,84.03703703703704,29.712962962962962,108.0,118.0,108.0,38.970562748477136,39.62792730664885,14.916337656925847,9.36580132269715,0.7783030626207502,-0.002035550009415372,0.9152542372881356,0.72,1,11.726460285670077,77,25,92,35,0.8642331169054617,1.5926387014827539,-0.1166284245273158,0.0,False,0.5856935555736223,0.6000000238418579,0.07596206762921978,0.43529412150382996,0.7098039388656616,63.25490400195122,67.6568533008615,6.481373939362232,0.14654745853099632,0.09352449022937787,0.5267390696607532,0.008756690804303902,27.72492804102988,107.58877856069313,6.967283645571028
0e4c2e2780de7ec4312f0efcd86b07c3738d21df30bb4643659962b4da5505a3,16,88.61176470588235,1.9176470588235295,85.0,91.0,85.0,43.14213562373095,43.97552546979273,19.334298508600877,6.116039506297983,0.9486488541841738,0.04554390176593892,0.9340659340659341,0.7083333333333334,1,10.403141895720198,79,0,99,6,0.5523402784215888,3.1612448691169197,2.609473353746717,0.0,True,0.2816609079346937,0.2549019753932953,0.14914725444750834,0.07058823853731155,0.5843137502670288,23.941177174448967,83.7625485302131,7.261273963886907,0.12385462573260524,0.11523224551611336,0.38695462011984416,0.013485707854937131,31.52481971153846,136.00027734888772,6.402594411676385
0e4c2e2780de7ec4312f0efcd86b07c3738d21df30bb4643659962b4da5505a3,17,90.63025210084034,44.05882352941177,119.0,125.0,119.0,39.798989873223334,40.4133254700463,15.01491724771773,10.445870153727604,0.7183329524248763,0.36982153893878844,0.952,0.7083333333333334,1,12.309163489997376,84,39,98,51,0.9156039307568832,1.4374022486158957,21.18921335422561,0.0,False,0.46745758422282563,0.4627451002597809,0.09294260812294022,0.30980393290519714,0.658823549747467,55.62745252251625,65.24444235920213,6.15653477167667,0.16812876851641034,0.09022413045087446,0.44381094625192835,0.008145987021771153,27.914462950371664,102.5744217680326,7.088866065572845
0e4c2e2780de7ec4312f0efcd86b07c3738d21df30bb4643659962b4da5505a3,18,109.94141145139814,142.17310252996006,751.0,819.0,751.0,112.5685424949238,109.40318743026137,38.8667280991301,25.92217079538438,0.7451023250369929,0.6096971526044916,0.9169719169719169,0.6693404634581105,1,30.922530590107066,93,126,127,159,0.7884784908536162,1.4993623954538016,34.933073625381056,0.0,False,0.24882379717896685,0.2078431397676468,0.1287083064528446,0.08627451211214066,0.6117647290229797,186.8666716814041,19.533317513072458,3.004543531581332,0.35264576254883523,0.10910232632365469,0.773859466109208,0.012091765449521414,8.346420497138103,30.720214529006814,7.367771822525882
0e4c2e2780de7ec4312f0efcd86b07c3738d21df30bb4643659962b4da5505a3,19,109.84530386740332,52.13259668508287,362.0,374.0,362.0,68.52691193458118,67.64910342954782,22.70240788287083,20.333205216132004,0.44477788100709986,-0.8262565446939234,0.9679144385026738,0.7835497835497836,1,21.468877828012552,99,42,121,63,0.994018218408252,1.1165188981056042,-47.34101280602429,0.0,False,0.21745206893149002,0.16078431904315948,0.1367677296665103,0.0784313753247261,0.6000000238418579,78.71764895319939,36.105418126926885,3.8508613318829497,0.38222720819578593,0.17766287326074445,0.6260117526947151,0.03183054501381659,16.76343648936154,55.44739976449223,6.547642174368907
0e4c2e2780de7ec4312f0efcd86b07c3738d21df30bb4643659962b4da5505a3,20,108.60493827160494,110.3641975308642,324.0,343.0,324.0,68.42640687119285,67.55381865453333,22.088812752645715,18.85901546399155,0.5206318051883916,-0.9543038158505424,0.9446064139941691,0.7012987012987013,1,20.310825007719227,99,100,120,122,0.8921853072487856,1.1712601219730148,-54.67758102146579,0.0,False,0.18731542485823602,0.13921569287776947,0.11464129796739511,0.07058823853731155,0.5686274766921997,60.69019765406847,26.937051947320757,3.3192334850633882,0.391543543543698,0.17631047159684007,0.63307850594211,0.03135440438468851,12.71536597140635,41.158737923235165,6.322438145755137
0e4c2e2780de7ec4312f0efcd86b07c3738d21df30bb4643659962b4da5505a3,21,108.71604938271605,310.7818930041152,243.0,265.0,243.0,60.76955262170047,60.29466563392731,19.907379027472604,16.52230753276294,0.5578244614742488,-0.7998252669948466,0.9169811320754717,0.6731301939058172,1,17.58969042850512,100,301,119,320,0.8399595174940888,1.2048788577501799,-45.82661214672893,0.0,True,0.47062052350966527,0.46666666865348816,0.09457780396979167,0.2549019753932953,0.6941176652908325,114.36078721284866,28.080903592391856,3.8515721316915204,0.2642625139126338,0.08883847966551549,0.6205396808997581,0.007962543683876267,13.908272594085844,42.25353459069787,7.469869697267167
0e4c2e2780de7ec4312f0efcd86b07c3738d21df30bb4643659962b4da5505a3,22,114.36050156739812,169.6833855799373,319.0,335.0,319.0,67.87005768508881,67.41906563342016,21.61414925165695,19.040736427576025,0.4732307495719839,0.5007103276603485,0.9522388059701492,0.7994987468671679,1,20.153496341094687,104,161,125,180,0.881931974930171,1.135153009121745,28.688588533550533,0.0,False,0.31897474418986926,0.32156863808631897,0.11656920971764646,0.13333334028720856,0.5490196347236633,101.7529433965683,31.37034811215549,4.318445734350595,0.2245265680355256,0.08092763253776329,0.7486244731330519,0.006632667545057932,11.114384201410214,51.62631202290076,7.700635397310181
0e4c2e2780de7ec4312f0efcd86b07c3738d21df30bb4643659962b4da5505a3,23,126.23076923076923,13.177101967799642,559.0,595.0,559.0,91.70458146424488,95.34495698130463,32.26935494285762,22.344760173832046,0.7214704670635315,-0.8534713400916056,0.9394957983193277,0.6884236453201971,1,26.678472698169138,112,0,141,28,0.7727272319529241,1.4441575873635137,-48.900305722623536,0.0,True,0.24335473671902058,0.1882352977991104,0.14518052465694634,0.08627451211214066,0.6431372761726379,136.0352978259325,21.490917238568482,3.0618570007353965,0.38404730326410863,0.14883991903741883,0.7808309176545747,0.022425666009754232,8.084344277051848,34.897490200085116,6.909851288777796
0e4c2e2780de7ec4312f0efcd86b07c3738d21df30bb4643659962b4da5505a3,24,127.61495327102804,276.73457943925234,535.0,556.0,535.0,87.49747468305833,85.63432469549178,29.653247275555195,23.163550398743563,0.6243469290669978,-0.8291505138406998,0.9622302158273381,0.7076719576719577,1,26.099485750361293,114,264,141,292,0.9167858286501401,1.2801684873474166,-47.50682502417565,0.0,False,0.26679861478716416,0.21568627655506134,0.13142676716898352,0.12156862765550613,0.6549019813537598,142.7372589111328,27.6676559978137,3.4958007515609006,0.34896592033281937,0.13084460426626562,0.6729832857693729,0.017412609536635544,11.681812703018887,43.653499292608515,7.015011815543269
0e4c2e2780de7ec4312f0efcd86b07c3738d21df30bb4643659962b4da5505a3,25,131.72407407407408,114.96481481481482,540.0,602.0,540.0,99.66904755831214,98.35179661378127,28.320763447916093,25.018217416920837,0.4686426822189315,0.9956028395771139,0.8970099667774086,0.6650246305418719,1,26.221162334209897,117,101,145,130,0.7015183385201442,1.1320056491619426,57.04384077900899,0.0,False,0.2983950695229901,0.27843138575553894,0.1438570453378011,0.10588235408067703,0.6235294342041016,161.13333754241467,24.90684598841359,3.6322076873999087,0.2962911625569154,0.10491662384431696,0.7870136779868605,0.011182002590138225,9.144369183311719,40.66932279351546,7.60815594899986
0e4c2e2780de7ec4312f0efcd86b07c3738d21df30bb4643659962b4da5505a3,26,146.28817204301075,148.56774193548387,465.0,493.0,465.0,84.9116882454314,83.18284543028494,28.982774899459255,20.80609092986199,0.6961691260204902,1.3348721300417354,0.9432048681541582,0.697151424287856,1,24.33220886606579,136,134,159,163,0.8444914804051322,1.3929947243411138,76.48253924102983,0.0,False,0.24599621132496866,0.20392157137393951,0.13472502257086066,0.09019608050584793,0.6352941393852234,114.38823826611042,25.751612396940246,3.3526424634073413,0.3554938662364261,0.12742932045630126,0.7004523662881252,0.01639424920680548,11.777104059939264,39.72612073394123,7.048003881256616
0e4c2e2780de7ec4312f0efcd86b07c3738d21df30bb4643659962b4da5505a3,27,157.61489088575095,289.70860077021825,779.0,833.0,779.0,112.70458146424488,111.06926853207075,35.64433971898767,28.602334103184752,0.5967369544939359,0.9721258436801931,0.9351740696278511,0.6942959001782532,1,31.493707392885515,140,273,173,307,0.7935229617124823,1.2462038793896482,55.69870799846947,0.0,False,0.31575927807828735,0.2862745225429535,0.1522711771102358,0.11372549086809158,0.7098039388656616,245.97647762298584,15.122210576587328,2.770569022035048,0.3637890177673154,0.11461622005603399,0.8470031822404723,0.013367852739577815,5.292973026181032,24.951448126993622,7.273639383031664
0e4c2e2780de7ec4312f0efcd86b07c3738d21df30bb4643659962b4da5505a3,28,151.2780082987552,96.27385892116183,241.0,322.0,241.0,80.59797974644667,80.8266509400926,25.854263120720095,15.142755823582904,0.8105303266177059,-0.9270967618299998,0.7484472049689441,0.4762845849802372,1,17.517155313611116,143,87,166,109,0.46357257838741356,1.7073684223617598,-53.11873165310426,0.0,False,0.4786917378051647,0.47058823704719543,0.06448098859292505,0.37254902720451355,0.6235294342041016,115.3647088110447,59.467711258008876,5.904723665723228,0.16861342454068845,0.07439472589814479,0.4272663725569597,0.005545593079092168,29.69805146212297,89.23737105389478,7.7296020045414195
0e4c2e2780de7ec4312f0efcd86b07c3738d21df30bb4643659962b4da5505a3,29,152.72727272727272,317.3090909090909,55.0,66.0,55.0,37.10660171779821,43.97552546979273,16.522307431138035,5.009458999234388,0.9529289582586108,-0.06397184291508735,0.8333333333333334,0.6470588235294118,1,8.368283871884005,145,315,162,320,0.35739665074338106,3.2982219105223125,-3.6653166067083824,0.0,True,0.4402852166782726,0.4156862795352936,0.08946446325157174,0.2862745225429535,0.6431372761726379,24.215686917304993,72.47940972222221,6.736784255368813,0.14903925322124276,0.14761272621129498,0.2962574125598379,0.02212804699528232,32.49687499999999,112.46194444444446,5.630475957126611
0e4c2e2780de7ec4312f0efcd86b07c3738d21df30bb4643659962b4da5505a3,30,168.4956063268893,133.99297012302284,569.0,623.0,569.0,98.87615433949867,100.2479155117183,33.13184904936688,22.605387771990877,0.7310856204340954,0.6992244511999709,0.913322632423756,0.6322222222222222,1,26.916041702938184,153,121,183,151,0.7114943054670635,1.4656616105660782,40.06260998610952,0.0,False,0.35835143444512974,0.3490196168422699,0.08762789393169942,0.1764705926179886,0.6235294342041016,203.90196619927883,19.09700463421264,3.2103361787445484,0.29327829959707175,0.08128179334968522,0.6722964824076115,0.006696476737567695,8.450665873778423,29.74334339464686,7.712579620693875
0e4c2e2780de7ec4312f0efcd86b07c3738d21df30bb4643659962b4da5505a3,31,165.9031339031339,217.34757834757835,351.0,372.0,351.0,71.01219330881975,70.00529791974016,24.391303161803776,18.461510879131676,0.6535433640603674,-1.1823164825584813,0.9435483870967742,0.6964285714285714,1,21.14017691983778,156,206,177,230,0.9000262251101064,1.3211975618623368,-67.74174449935379,0.0,False,0.21936205269349607,0.16078431904315948,0.1409607139295189,0.07450980693101883,0.6313725709915161,76.99608049541712,32.684972810043575,3.671236487149476,0.371209562047774,0.15848368275547,0.6296790571733164,0.025395905066354585,14.957179025868047,50.41276659421911,6.562547809488594
0e4c2e2780de7ec4312f0efcd86b07c3738d21df30bb4643659962b4da5505a3,32,167.539641943734,75.98976982097187,391.0,408.0,391.0,73.80508652763321,75.13829424628148,23.344483051121752,21.445955538146713,0.3950179619276778,0.5061539501891337,0.9583333333333334,0.7727272727272727,1,22.312253628700276,157,66,180,88,0.8702899292777487,1.0885261330323128,29.000485129712256,0.0,False,0.24920516142912227,0.2078431397676468,0.14027691801685627,0.08235294371843338,0.5568627715110779,97.43921811878681,37.92485809713301,4.256508345015899,0.3074423029314991,0.12270316383956101,0.7047593522424707,0.015236825427276581,15.277224861122495,60.572491333143525,7.260910254628909
0e4c2e2780de7ec4312f0efcd86b07c3738d21df30bb4643659962b4da5505a3,33,169.06106870229007,29.005089058524174,393.0,409.0,393.0,72.2842712474619,71.21130342929425,23.41815709446065,21.407189148192963,0.40542608301999805,0.2521252774384314,0.960880195599022,0.8136645962732919,1,22.36924542940416,158,19,181,40,0.9738779756560302,1.0939389068011967,14.445714305787074,0.0,False,0.273332342846703,0.23137255012989044,0.12838528480008515,0.10588235408067703,0.6235294342041016,107.41961073875427,28.641045324577043,3.713783050421031,0.30880239263545367,0.10520329640585767,0.6715711688265857,0.011222523919829166,12.66055046982467,44.62154017932942,7.256524915362993
0e4c2e2780de7ec4312f0efcd86b07c3738d21df30bb4643659962b4da5505a3,34,171.11428571428573,107.95164835164834,455.0,491.0,455.0,83.76955262170048,82.49273204190199,28.151648807362005,21.375832049598802,0.6507289220877746,0.8949818545747729,0.9266802443991853,0.674074074074074,1,24.069150231250354,159,94,184,121,0.8402139475793194,1.316984936167216,51.27868300792569,0.0,False,0.27300151521032984,0.23529411852359772,0.13450964915498084,0.09803921729326248,0.5921568870544434,124.21568942070007,29.53597145739207,3.851491263878503,0.2905084081434215,0.10062597931694181,0.7280366998194944,0.010277018621659365,11.571170187315154,47.500772727468984,7.450860391305224
0e4c2e2780de7ec4312f0efcd86b07c3738d21df30bb4643659962b4da5505a3,35,173.21218487394958,192.46218487394958,476.0,499.0,476.0,85.59797974644665,83.83349057256923,28.810280988154254,21.3418970982449,0.6717547131779809,-1.4604458665264886,0.9539078156312625,0.7816091954022989,1,24.61832697999475,163,180,184,209,0.8511022100762199,1.3499400196491218,-83.67738435929414,0.0,False,0.23135607766316219,0.1980392187833786,0.11388021499202368,0.09019608050584793,0.5647059082984924,110.1254929676652,24.16303274921371,3.2916540042615483,0.35088676916635736,0.11114873664405506,0.7069425225486614,0.012539333260032147,10.329569215302122,37.9964962831253,7.146180484870196
0e4c2e2780de7ec4312f0efcd86b07c3738d21df30bb4643659962b4da5505a3,36,184.2770562770563,153.97402597402598,462.0,487.0,462.0,83.84062043356595,82.16740947075985,28.267456856428858,21.18047115810838,0.6622440870987262,-0.7767580022152996,0.9486652977412731,0.7392,1,24.253590861306396,172,141,197,166,0.8599093073023573,1.3346000023048314,-44.50495522995011,0.0,False,0.22588066087463202,0.1882352977991104,0.11380579822693215,0.0941176488995552,0.5607843399047852,104.35686532407999,25.55445420450842,3.299693394987784,0.3705791432861958,0.14111421304256264,0.6908833483965924,0.020152375652378353,11.571890586613568,39.53701782240327,6.930761947043278
0e4c2e2780de7ec4312f0efcd86b07c3738d21df30bb4643659962b4da5505a3,37,191.96341463414635,15.626829268292683,410.0,443.0,410.0,83.01219330881975,81.3820113073624,30.131259994941452,17.584474701686556,0.8120443478023791,0.15852402453650666,0.9255079006772009,0.7192982456140351,1,22.847936741452536,178,7,208,26,0.7779234850656622,1.7135149332639157,9.082757557370138,0.0,False,0.48072693798600175,0.48627451062202454,0.08653184146488135,0.30588236451148987,0.686274528503418,197.0980445742607,22.36575418480849,3.6002708324343953,0.2550653976263594,0.07432457373948942,0.7308775566593424,0.005591627718815372,8.77265821500671,35.958850154610275,7.8472308440148
0e4c2e2780de7ec4312f0efcd86b07c3738d21df30bb4643659962b4da5505a3,38,193.61979166666666,97.63020833333333,576.0,603.0,576.0,91.25483399593904,89.19652469523821,29.642283248434115,24.93660313202355,0.5406446164990469,-0.3471497346216249,0.9552238805970149,0.7384615384615385,1,27.081100010292303,179,86,209,112,0.9097801988632856,1.1887057387687074,-19.890214652905662,0.0,False,0.32445534658876973,0.3176470696926117,0.1477223541391594,0.10196078568696976,0.6431372761726379,186.88627963513136,18.405764335296755,3.1965545371256914,0.3039060019533111,0.08807217448281536,0.8441882268397763,0.007880603458826317,6.339023253079398,30.472505417514114,7.702760172437865
0e4c2e2780de7ec4312f0efcd86b07c3738d21df30bb4643659962b4da5505a3,39,202.0548589341693,298.6332288401254,638.0,658.0,638.0,95.94112549695427,93.63940763339659,35.26466766962498,23.108214094228995,0.7553865009906794,0.07073564617146721,0.9696048632218845,0.8158567774936062,1,28.501347854812654,186,288,220,311,0.9143515962456376,1.526066338394879,4.052853986755792,0.0,False,0.2874055032189176,0.25882354378700256,0.12413570910478053,0.11372549086809158,0.6549019813537598,183.36471105366945,19.971733406001405,3.0554656271644793,0.3437250643674621,0.09035441872938252,0.7353157787451383,0.008328860077667956,9.270588717329279,30.67287809467353,7.522551726187313
0e4c2e2780de7ec4312f0efcd86b07c3738d21df30bb4643659962b4da5505a3,40,201.37353433835847,218.06365159128978,597.0,630.0,597.0,93.49747468305833,91.32268138930291,30.22554750299218,25.414060108498106,0.5413243075941765,-0.8158447137856742,0.9476190476190476,0.7624521072796935,1,27.570346537664197,187,205,216,232,0.8995532684968139,1.1893238378264943,-46.744458837977746,0.0,False,0.29799981114502927,0.2666666805744171,0.1227185518219367,0.11764705926179886,0.6313725709915161,177.90588725358248,25.3259069755873,3.552371171671604,0.29851569872997474,0.08203273839552924,0.7018869954925124,0.006846561842307983,11.956655799490882,38.69515815168372,7.763454537133223
0e4c2e2780de7ec4312f0efcd86b07c3738d21df30bb4643659962b4da5505a3,41,200.07945205479453,125.22739726027397,365.0,409.0,365.0,76.73401871576773,78.47045644990027,25.15218652477132,18.98104988207091,0.6561297421602443,-1.1057026178404399,0.8924205378973105,0.6612318840579711,1,21.557653718072718,189,114,213,137,0.7448869586760476,1.325120932774616,-63.35209339882377,0.0,False,0.27577760654361283,0.22745098173618317,0.1479318897499315,0.0941176488995552,0.6000000238418579,100.65882638841867,24.62960794635299,3.518535755468264,0.30962724987575796,0.10851973525186139,0.8126530790526831,0.011924635778986921,8.849483589408742,40.40973230329724,7.267649366375278
0e4c2e2780de7ec4312f0efcd86b07c3738d21df30bb4643659962b4da5505a3,42,200.24334600760457,189.48669201520912,263.0,295.0,263.0,67.11269837220809,66.30834489888058,23.85836766814205,15.046791314755255,0.776049948818579,-0.03305817971511518,0.8915254237288136,0.6848958333333334,1,18.29923496393627,190,182,214,198,0.7516734954601682,1.58561165427648,-1.89409417606109,0.0,False,0.31363603387722044,0.2980392277240753,0.12854740821116103,0.125490203499794,0.6352941393852234,82.48627690970898,24.221994004555803,3.750226112131176,0.25009034302738553,0.08939907380166759,0.7564597418097043,0.00805717881845849,9.354599010577704,39.089388998533906,7.396978206655023
0e4c2e2780de7ec4312f0efcd86b07c3738d21df30bb4643659962b4da5505a3,43,210.77543859649123,138.459649122807,285.0,323.0,285.0,67.94112549695429,69.77526012361251,21.147418482495457,18.079632006654517,0.5187379625796036,-0.794999112884375,0.8823529411764706,0.6462585034013606,1,19.04923279949934,200,127,221,148,0.7356170650806634,1.1696819091622987,-45.55009388491919,0.0,False,0.3600137688088835,0.3529411852359772,0.08559667287139132,0.2235294133424759,0.5607843399047852,102.6039241105318,23.842310122276455,3.724376339150294,0.2528064585791001,0.0879417651038827,0.7622547219073781,0.0077958181377708845,8.950287467597436,38.734332776955476,7.425058260370121
0e4c2e2780de7ec4312f0efcd86b07c3738d21df30bb4643659962b4da5505a3,44,211.72131147540983,120.42622950819673,61.0,67.0,61.0,29.72792206135785,33.15417244944029,11.066302009254583,8.070021224238939,0.6842550090288644,1.178362384534678,0.9104477611940298,0.5648148148148148,1,8.812923024107548,209,114,218,126,0.6973700870428936,1.371285366142047,67.51519137080884,0.0,False,0.4509161153777701,0.4470588266849518,0.06417721754336574,0.3294117748737335,0.5843137502670288,27.505883038043976,52.33390388121876,5.805889523256675,0.14205517383708005,0.12275444187539875,0.4539220277457003,0.015170615188704013,19.622788605349392,85.04501915708813,6.11882215210192
0e4c2e2780de7ec4312f0efcd86b07c3738d21df30bb4643659962b4da5505a3,45,217.096,113.72,125.0,148.0,125.0,47.45584412271571,51.13939371538425,15.185842619285983,11.202335825276686,0.6751473891340672,0.2410252997853814,0.8445945945945946,0.5656108597285068,1,12.6156626101008,209,107,226,120,0.6006323605378104,1.3555960878284872,13.80973243357778,0.0,False,0.5904627687931061,0.5960784554481506,0.04309969347632967,0.4627451002597809,0.686274528503418,73.80784609913826,16.85715865113549,3.239455175578094,0.25901163632733304,0.10158031499591455,0.6998764874331467,0.010346744494737051,7.194825113380888,26.519492188890087,6.786360793585718
0e4c2e2780de7ec4312f0efcd86b07c3738d21df30bb4643659962b4da5505a3,46,218.13812154696132,166.95027624309392,362.0,419.0,362.0,89.84062043356595,87.85576616457097,26.774580698135054,18.340945665035605,0.7285304986698958,-1.4288607392025148,0.863961813842482,0.724,1,21.468877828012552,208,155,228,180,0.589356250202371,1.4598255284719026,-81.86768986824711,0.0,False,0.3720615412319563,0.3607843220233917,0.09157393327909795,0.20392157137393951,0.5803921818733215,134.68627792596817,28.536920651323587,3.959164114505615,0.24346566430511435,0.07298952051810059,0.6956056502928779,0.005372191393598038,14.075697039509395,42.99814426313779,7.87769095410947
0e4c2e2780de7ec4312f0efcd86b07c3738d21df30bb4643659962b4da5505a3,47,222.04347826086956,29.971014492753625,69.0,84.0,69.0,35.14213562373095,40.4133254700463,11.60235069140891,8.090594054936357,0.7167563493806302,0.868044402019584,0.8214285714285714,0.6272727272727273,1,9.373021315815206,218,25,228,36,0.5308963968254197,1.4340542378751417,49.735280665679475,0.0,False,0.5630008746748385,0.5607843399047852,0.05394976199192344,0.47058823704719543,0.6666666865348816,38.84706035256386,59.45135797198297,6.151070706695705,0.15101721881543512,0.11490920672248753,0.5306489764572819,0.013252128229906884,24.89535714285714,94.00735880110881,6.324987534313742
0e4c2e2780de7ec4312f0efcd86b07c3738d21df30bb4643659962b4da5505a3,48,236.3003355704698,201.89429530201343,1192.0,1566.0,1192.0,211.16652224137044,203.2726328597856,80.71181038084963,24.314669287218077,0.9535442688889126,-1.2969995910153327,0.7611749680715197,0.49378624689312345,1,38.95768906550174,221,172,255,243,0.3625169310513104,3.3194697993806903,-74.31260259537245,0.0,False,0.21035005184102978,0.1725490242242813,0.11101863563197459,0.07450980693101883,0.615686297416687,250.7372617945075,11.35932581212355,2.1802531865586565,0.44773502656374164,0.12792411855849364,0.8138317223647966,0.016736013414132004,5.365232853297034,17.353418770950068,6.865227875189291
0e4c2e2780de7ec4312f0efcd86b07c3738d21df30bb4643659962b4da5505a3,49,225.66666666666666,63.76315789473684,114.0,128.0,114.0,47.698484809834994,47.90251628677997,17.33014098830031,8.706201592342525,0.8646507861300721,1.0192547710788464,0.890625,0.5480769230769231,1,12.047792665040703,220,56,233,72,0.6243067936931821,1.9905513104064703,58.39899663139078,0.0,False,0.5611627324108492,0.5686274766921997,0.059006643099205947,0.3921568691730499,0.686274528503418,63.97255149483681,20.278467176168974,3.534193903786568,0.23675796766913737,0.11329234488038276,0.6731557794106418,0.012909081519693734,8.61669618108573,31.94023817125221,6.544121716916299
0e4c2e2780de7ec4312f0efcd86b07c3738d21df30bb4643659962b4da5505a3,50,235.08278145695365,313.29470198675494,302.0,317.0,302.0,72.66295090390226,72.55206195996149,26.70802369151583,15.243393518198165,0.8211293781919075,-0.08337343394401484,0.9526813880126183,0.745679012345679,1,19.60913925979463,222,305,249,320,0.7209701553535656,1.7521048485450919,-4.776945888504808,0.0,True,0.26208285331133974,0.22549019753932953,0.10844184553236655,0.125490203499794,0.6431372761726379,79.1490217000246,18.10355829403784,2.9965612693576293,0.3393980918225,0.11548160278518847,0.7103938734764554,0.013539077673347619,7.459156122272356,28.747960465803327,6.861824996183952
0e4c2e2780de7ec4312f0efcd86b07c3738d21df30bb4643659962b4da5505a3,51,231.76623376623377,57.112554112554115,231.0,254.0,231.0,63.941125496954285,63.301505266403936,24.275867508305343,12.780329305850193,0.850198468167556,0.9213492761684704,0.9094488188976378,0.5789473684210527,1,17.14987856615383,222,48,241,69,0.7244255666780318,1.8994712051115201,52.789424981886675,0.0,False,0.36628470553722214,0.35686275362968445,0.09633993485379425,0.20392157137393951,0.5921568870544434,84.61176697909832,35.35714937811928,4.547005959660021,0.20961970696792107,0.0767397620566301,0.6385841294248412,0.0059267517426387015,14.280776623657703,56.43352213258086,7.651851888937916
0e4c2e2780de7ec4312f0efcd86b07c3738d21df30bb4643659962b4da5505a3,52,237.37354085603113,15.931906614785992,514.0,542.0,514.0,87.42640687119285,85.95964726663394,26.685783391156466,24.861131748043377,0.36342212596448953,-1.3630060872381247,0.948339483394834,0.7614814814814815,1,25.582125126616702,226,4,251,31,0.874145514878858,1.0733937481851241,-78.09449624938465,0.0,False,0.3085984665364143,0.2862745225429535,0.12385076051770015,0.13725490868091583,0.5803921818733215,158.61961179971695,26.547523669721492,3.6818491313743937,0.29715250424106293,0.08879332119342007,0.7726892770481186,0.007990147861515499,10.31608763016825,42.77895970927474,7.7379015456406925
0e4c2e2780de7ec4312f0efcd86b07c3738d21df30bb4643659962b4da5505a3,53,239.61742424242425,132.98674242424244,528.0,555.0,528.0,86.18376618407356,84.38885093983903,29.29589555752817,23.0765481826468,0.6160515407116898,-0.46011992630763404,0.9513513513513514,0.7542857142857143,1,25.928179257714298,226,121,254,146,0.9316947314258878,1.269509431205063,-26.362929847297888,0.0,False,0.2125000052972499,0.18431372940540314,0.09380214976372488,0.09019608050584793,0.5098039507865906,112.20000279694796,25.204028994402726,3.1553110125613566,0.37978361772002434,0.11358147839644586,0.622065765736345,0.013128802481752865,13.154115474346455,37.253942514459,7.0286852809749805
0e4c2e2780de7ec4312f0efcd86b07c3738d21df30bb4643659962b4da5505a3,54,232.1320754716981,201.0943396226415,53.0,62.0,53.0,27.86396103067893,29.68725722470835,10.599802885981722,6.6938465865838435,0.7753704162815725,-1.3848180105850556,0.8548387096774194,0.7571428571428571,1,8.214724333230155,229,197,236,207,0.7556933191443563,1.5835144634516125,-79.34422740022664,0.0,False,0.23011469194349252,0.21960784494876862,0.0404308510552336,0.1764705926179886,0.364705890417099,12.196078673005104,49.294493919705744,4.8359302589167426,0.24374151248651518,0.1537068141478143,0.2950875389726004,0.02368162670934043,24.71681116551067,73.8721766739008,5.581403486599402
0e4c2e2780de7ec4312f0efcd86b07c3738d21df30bb4643659962b4da5505a3,55,244.4431818181818,104.2528409090909,352.0,385.0,352.0,74.18376618407356,73.0121375522168,22.653976863092595,20.283112216096498,0.44537437591586065,0.20363890935936435,0.9142857142857143,0.7287784679089027,1,21.17026971360491,233,94,256,115,0.8297789261014891,1.1168886027813127,11.667650050938697,0.0,True,0.3226047315719453,0.29411765933036804,0.11916622638015013,0.1764705926179886,0.6274510025978088,113.55686551332474,32.45698210829967,4.02427640291295,0.291044340308594,0.10924221264458459,0.6790281305366924,0.01206037736159056,13.55377081967519,51.360193396924146,7.287276294487647
0e4c2e2780de7ec4312f0efcd86b07c3738d21df30bb4643659962b4da5505a3,56,250.632183908046,44.701149425287355,87.0,91.0,87.0,33.69238815542512,36.716372449186714,11.499460947840207,9.811256108979318,0.521595840161057,-0.6561680835568169,0.9560439560439561,0.87,1,10.524820207108489,246,40,256,50,0.8109789530116279,1.1720681653917722,-37.59566183899316,0.0,True,0.3857110766158707,0.3686274588108063,0.07714055650619164,0.2862745225429535,0.5529412031173706,33.55686366558075,81.53185737804117,6.814992309159541,0.1671130070165096,0.11583733468234095,0.3847841338222519,0.013464949918356884,37.80067449258834,125.26304026349398,6.481039812683589
0e4c2e2780de7ec4312f0efcd86b07c3738d21df30bb4643659962b4da5505a3,57,251.91011235955057,75.75842696629213,178.0,203.0,178.0,69.21320343559643,69.64050710249934,28.0563943260801,9.518781487004064,0.9406878997299895,-1.5122219212121504,0.8768472906403941,0.6137931034482759,1,15.054455784347004,246,61,256,90,0.4612177540330666,2.947477506904148,-86.64393377262111,0.0,True,0.39198062275902606,0.3921568691730499,0.09275825003527366,0.22745098173618317,0.5921568870544434,69.77255085110664,25.087702676662047,3.8090004547954086,0.2501351479131523,0.09508823692212653,0.7653451321601294,0.009105891818739924,10.95605032407833,39.21935502924576,7.095146459140597
0e4c2e2780de7ec4312f0efcd86b07c3738d21df30bb4643659962b4da5505a3,58,250.04054054054055,60.986486486486484,74.0,96.0,74.0,44.45584412271571,50.58403334811446,16.31706137136681,6.4844902744762125,0.9176430961585595,-0.9792959938643883,0.7708333333333334,0.44047619047619047,1,9.706684619910241,244,55,256,69,0.36342489489997787,2.516321357685254,-56.10952734249881,0.0,True,0.4473767957171878,0.4529411792755127,0.05266767775155135,0.3019607961177826,0.5843137502670288,33.1058828830719,29.202681191225473,4.253893515103873,0.22533171770736882,0.14339250294431763,0.47587336213493014,0.02061667002247098,11.771641414141412,46.63372096830953,5.801831545328378
0e4c2e2780de7ec4312f0efcd86b07c3738d21df30bb4643659962b4da5505a3,59,252.52380952380952,153.3095238095238,42.0,48.0,42.0,24.86396103067893,28.346498694041106,7.952513895328222,7.545187760786246,0.31593689771398387,0.8611219976461321,0.875,0.75,1,7.312732791431452,249,150,256,158,0.6568410819669415,1.0539848904302853,49.338656110997775,0.0,True,0.29299720625082654,0.2921568751335144,0.08218062940179152,0.16078431904315948,0.43529412150382996,12.305882662534714,68.99747503728435,6.746152610111855,0.11088649833649915,0.15024323299066317,0.46674034836222034,0.022669503493919343,24.75484982394211,113.24010025062658,5.528132501498513
19f0653c33982a416feed56e5d1ce6849fd83314fd19dfa1c5b23c6b66e9868a,1,3.3421052631578947,103.13157894736842,76.0,79.0,76.0,31.071067811865476,32.13873648991519,11.672810661985437,8.34241612255733,0.6994435335337216,-1.3403106100902478,0.9620253164556962,0.8636363636363636,1,9.83698151873187,0,98,8,109,0.9246254832560518,1.399212229467066,-76.79414119477569,0.0,True,0.6199174546881726,0.6431372761726379,0.1726214357760251,0.27450981736183167,0.9137254953384399,47.11372655630112,59.0156502802202,6.137987116330054,0.13569131246697455,0.10667031664112248,0.49729687178312654,0.011403089295407794,25.402705350740554,92.62859520969984,6.541973042908932
19f0653c33982a416feed56e5d1ce6849fd83314fd19dfa1c5b23c6b66e9868a,2,8.39,275.71,200.0,228.0,200.0,60.698484809834994,63.85686563367374,18.335329190355914,15.09557893826143,0.5675983725644695,-0.9336636115365171,0.8771929824561403,0.7352941176470589,1,15.957691216057308,0,268,17,284,0.6163461170186445,1.2146158332412795,-53.49498442598443,0.0,True,0.6091176649928093,0.6196078658103943,0.10985918790380192,0.3294117748737335,0.8274509906768799,121.82353299856186,27.55160376589452,3.982906594256242,0.23705577807830921,0.08387056849033883,0.6550651440976554,0.0070531164256383335,16.01228235759471,39.09092517419434,7.409763716966467
19f0653c33982a416feed56e5d1ce6849fd83314fd19dfa1c5b23c6b66e9868a,3,8.371559633027523,225.1559633027523,218.0,237.0,218.0,59.59188309203678,61.27063334735374,22.3321072104927,12.662158816040565,0.8237222907458555,-1.3057393323351827,0.919831223628692,0.7414965986394558,1,16.66031874701878,2,215,16,236,0.7297290211995549,1.763688762314538,-74.81335288703595,0.0,False,0.5181867398253275,0.5333333611488342,0.09952034352659615,0.3176470696926117,0.6784313917160034,112.96470928192139,40.588446199959456,4.82779417628022,0.20446847077508057,0.07728750700229485,0.674456351856703,0.005979146682087193,19.46246100021895,61.71443139969996,7.659323688379471
19f0653c33982a416feed56e5d1ce6849fd83314fd19dfa1c5b23c6b66e9868a,4,14.951923076923077,53.22115384615385,312.0,329.0,312.0,66.5269119345812,65.75298453161078,23.942204204461028,16.6380024665362,0.7190835875641142,0.6612404444610585,0.9483282674772037,0.7074829931972789,1,19.931149940667517,5,43,26,64,0.9068459494824533,1.4390071315721749,37.886286710973366,0.0,False,0.2822901045378202,0.29411765933036804,0.04494636710456864,0.1725490242242813,0.364705890417099,88.0745126157999,30.033225679695374,4.113163948462267,0.23684338908669947,0.08624632927966178,0.6407992267651385,0.007468962460549037,16.377236998130847,43.6892143612599,7.592610734030382
19f0653c33982a416feed56e5d1ce6849fd83314fd19dfa1c5b23c6b66e9868a,5,14.508064516129032,300.1774193548387,124.0,132.0,124.0,40.14213562373095,40.73864804118844,13.30763239866776,11.992564036033718,0.4334463156786038,1.0298534215833668,0.9393939393939394,0.7948717948717948,1,12.565098628628435,9,294,21,307,0.9388978066286547,1.1096569806659105,59.006254573834,0.0,False,0.828621135603997,0.8627451062202454,0.16311387494965435,0.46666666865348816,1.0,102.74902081489563,69.08322735769613,5.911038497821547,0.2711547851321705,0.16236367549248343,0.542146696813758,0.026648663225780113,34.81177314314107,103.3546815722512,6.244668345300834
19f0653c33982a416feed56e5d1ce6849fd83314fd19dfa1c5b23c6b66e9868a,6,23.64353312302839,100.38485804416403,317.0,360.0,317.0,77.59797974644667,76.24901498082107,31.23490640949986,14.53950585036629,0.8850536571049545,0.7430896142864294,0.8805555555555555,0.551304347826087,1,20.090219901261573,10,91,35,114,0.685173647124969,2.1482784030595488,42.57589869861665,0.0,False,0.4519205918823507,0.43921568989753723,0.13487834738205717,0.1921568661928177,0.8117647171020508,143.25882762670517,24.0247393355561,3.6984014733938446,0.2537683050995241,0.07507523854235781,0.7165089416875952,0.005673866423180129,11.272685268527212,36.776793402584985,7.784550913014008
19f0653c33982a416feed56e5d1ce6849fd83314fd19dfa1c5b23c6b66e9868a,7,17.608695652173914,315.3333333333333,138.0,158.0,138.0,48.04163056034262,48.227838857922116,16.15575622618557,11.588791541153235,0.6967474057015597,0.37192268543990936,0.8734177215189873,0.7076923076923077,1,13.255453865237978,10,310,25,323,0.7455784522846726,1.3940846350384748,21.30960018087852,0.0,False,0.4524296757535658,0.4588235318660736,0.056322858112131065,0.2862745225429535,0.5568627715110779,62.43529525399208,39.101477566836216,4.680300709936363,0.21749903564913797,0.0941980879752943,0.4006262875445351,0.008892298149487082,26.03196717037791,52.17098796329452,7.017822882426677
19f0653c33982a416feed56e5d1ce6849fd83314fd19dfa1c5b23c6b66e9868a,8,22.67914438502674,22.887700534759357,187.0,197.0,187.0,51.4558441227157,51.464716286526404,18.880641375603467,12.833934021650553,0.7334528198577114,-0.8367742298679185,0.949238578680203,0.6875,1,15.430353037616328,15,14,31,31,0.8872220049047013,1.47114994854674,-47.943631776741526,0.0,False,0.8065429462149819,0.8980392217636108,0.20722940679397797,0.3529411852359772,1.0,150.82353094220161,82.28823420466264,6.053625757279102,0.3120435712655263,0.1882806239520661,0.47803917915738375,0.035606985745704575,41.72950098815198,122.84696742117329,6.292212993529402
19f0653c33982a416feed56e5d1ce6849fd83314fd19dfa1c5b23c6b66e9868a,9,22.886666666666667,329.37333333333333,150.0,174.0,150.0,59.14823227814083,59.73930526665752,23.17203670772217,8.61826505706072,0.9282626913179552,0.8557181902879357,0.8620689655172413,0.4166666666666667,1,13.81976597885342,15,320,33,340,0.528178583672084,2.688712467567695,49.02904075607139,0.0,False,0.4354771331946055,0.4470588266849518,0.06654866694963513,0.2666666805744171,0.5529412031173706,65.32156997919083,48.264703424018506,5.317064643533186,0.18686194887348706,0.09089659936034755,0.4131113076146697,0.008272181978745245,27.04517786139909,69.48422898663792,7.1390542177747225
19f0653c33982a416feed56e5d1ce6849fd83314fd19dfa1c5b23c6b66e9868a,10,24.68354430379747,245.72151898734177,158.0,192.0,158.0,57.62741699796952,58.493831511004764,23.75814512422752,8.932861452970029,0.9266230979428985,1.4861722685915348,0.8229166666666666,0.6245059288537549,1,14.183506197980657,20,235,31,258,0.5802923046568276,2.659634345535308,85.15139861967793,0.0,False,0.5294614196578159,0.5156862735748291,0.10403132174197248,0.30980393290519714,0.7490196228027344,83.6549043059349,51.20190741953239,5.451115173753291,0.17541798727489036,0.08363179528063802,0.46015546839517674,0.007010474563147979,27.80437017610339,74.59944466296139,7.33659762735588
19f0653c33982a416feed56e5d1ce6849fd83314fd19dfa1c5b23c6b66e9868a,11,24.46551724137931,298.94827586206895,58.0,60.0,58.0,27.071067811865476,28.346498694041102,10.12867399360851,7.600126649027506,0.6610322227728401,-0.43980861893652456,0.9666666666666667,0.8055555555555556,1,8.593479713983122,21,296,30,304,0.9070662560495861,1.3326980537757949,-25.199177658540354,0.0,False,0.539553769189736,0.5333333611488342,0.09982427990896503,0.35686275362968445,0.7921568751335144,31.294118613004684,39.11706982879642,4.897286859961174,0.20115112809823102,0.13628149777969384,0.5122698365771645,0.018639634326643385,20.783742390788465,57.45039726680438,5.898608240223966
19f0653c33982a416feed56e5d1ce6849fd83314fd19dfa1c5b23c6b66e9868a,12,32.50714285714286,252.62857142857143,140.0,165.0,140.0,52.798989873223334,54.47155591900303,20.686948884986897,9.424086753424007,0.890206557445428,1.3487846947691453,0.8484848484848485,0.5785123966942148,1,13.351162356249091,28,240,39,262,0.5929230562421188,2.19511443668224,77.27967048211299,0.0,False,0.8406442657113076,0.8784313797950745,0.16996873911322474,0.42352941632270813,1.0,117.69019719958305,85.32059416671264,5.955521258643733,0.3344701138897813,0.2043772495480952,0.36095787726128226,0.04207036996528278,50.19509773209255,120.44609060133271,5.945797751250172
19f0653c33982a416feed56e5d1ce6849fd83314fd19dfa1c5b23c6b66e9868a,13,37.41899441340782,150.56424581005587,179.0,186.0,179.0,47.798989873223334,47.99780106179446,16.162585566086516,14.102847221236066,0.48850457371189593,-0.1654881458085719,0.9623655913978495,0.7991071428571429,1,15.09668435477122,30,144,46,158,0.9763830068642682,1.1460512414648367,-9.481772314276755,0.0,False,0.4632489999246331,0.4627451002597809,0.07927363369457996,0.2862745225429535,0.6039215922355652,82.92157098650932,43.17440976261402,5.014210555167464,0.20012199124032565,0.07988549385194751,0.5634258431077339,0.0063868962450703785,24.947245773757185,61.40157375147084,7.503764583383117
19f0653c33982a416feed56e5d1ce6849fd83314fd19dfa1c5b23c6b66e9868a,14,36.196969696969695,238.12878787878788,132.0,143.0,132.0,44.62741699796952,44.99096142931783,17.724858009528944,9.72208990134544,0.8361503591012462,-1.1435822047866913,0.9230769230769231,0.6470588235294118,1,12.964089628857149,31,231,43,248,0.8194703554636245,1.823153065790515,-65.52243386054282,0.0,False,0.7944147437810898,0.8490196466445923,0.2042167934978591,0.3529411852359772,1.0,104.86274617910385,90.19384503445369,6.4371928025589185,0.287764687768766,0.16788020104505433,0.4357943430501978,0.02842037030825885,52.34962770908125,128.03806235982614,6.2684718588795025
19f0653c33982a416feed56e5d1ce6849fd83314fd19dfa1c5b23c6b66e9868a,15,36.92857142857143,16.357142857142858,42.0,45.0,42.0,24.48528137423857,25.89501942883427,10.523441709492442,5.07950708966821,0.8757940539243881,-1.4534350205522981,0.9333333333333333,0.84,1,7.312732791431452,35,12,40,22,0.7870941272716199,2.071744664142171,-83.27569247415674,0.0,False,0.31251168215558645,0.30588236451148987,0.04074054873752383,0.239215686917305,0.38823530077934265,13.12549065053463,100.43269203711795,8.12586325065034,0.13509676622346317,0.16054756842502682,0.2766585102282051,0.026217854227166118,39.82768566153751,161.03769841269838,5.3679098910024585
19f0653c33982a416feed56e5d1ce6849fd83314fd19dfa1c5b23c6b66e9868a,16,38.65972222222222,177.72916666666666,144.0,149.0,144.0,42.72792206135786,43.19012730639528,15.412313205032024,11.985682680778615,0.6286735830638108,-1.0691000115354488,0.9664429530201343,0.8571428571428571,1,13.540550005146152,33,171,45,185,0.9700707009433048,1.2858936462374966,-61.25491853836884,0.0,False,0.6059368345886469,0.6274510025978088,0.13209972545503545,0.3333333432674408,0.8392156958580017,87.25490418076515,56.049961517240945,5.7314491002659445,0.17685242869707737,0.08579248476793344,0.48905313227954794,0.007366052204018918,28.769040681540694,83.3308823529412,7.274015011813145
19f0653c33982a416feed56e5d1ce6849fd83314fd19dfa1c5b23c6b66e9868a,17,43.74863387978142,204.59016393442624,183.0,190.0,183.0,50.526911934581186,50.58403334811446,19.831679601862923,11.939307322579138,0.7984718996501382,-0.9501200376720329,0.9631578947368421,0.6354166666666666,1,15.26443044094783,37,196,53,214,0.8987399427931885,1.661041052554033,-54.43786818941827,0.0,False,0.47465982072340335,0.4745098054409027,0.07007368897882683,0.2980392277240753,0.6470588445663452,86.86274719238281,26.878912512696303,3.9916304111293694,0.22776329598556885,0.08632443505301161,0.5731266535124462,0.007472843963878644,16.622661200505892,37.13516382488672,7.327602410278637
19f0653c33982a416feed56e5d1ce6849fd83314fd19dfa1c5b23c6b66e9868a,18,48.49800796812749,70.2191235059761,251.0,262.0,251.0,57.45584412271572,57.15307298033751,20.090964277701154,15.919092890295271,0.6100656599102844,0.20264456066119999,0.9580152671755725,0.784375,1,17.876888032555495,39,63,59,79,0.9656159101679738,1.262067155217693,11.61067806716955,0.0,False,0.5468010483272522,0.5647059082984924,0.13392885095181256,0.23137255012989044,0.772549033164978,137.2470631301403,32.91757932625663,4.345205020643189,0.22175659896467093,0.07745573202735753,0.6449012787355648,0.006019801689998422,16.985839143988503,48.849319508524765,7.643770194139837
19f0653c33982a416feed56e5d1ce6849fd83314fd19dfa1c5b23c6b66e9868a,19,55.66326530612245,340.4591836734694,196.0,205.0,196.0,52.970562748477136,52.90075959220813,18.279728002190986,13.92437415330279,0.647884501456873,-0.07459532660071382,0.9560975609756097,0.8376068376068376,1,15.797308339337176,47,334,65,347,0.8801204645325469,1.312786327122295,-4.273997385620864,0.0,True,0.3714085710139907,0.37254902720451355,0.03789743251896723,0.239215686917305,0.45490196347236633,72.79607991874218,32.336862640952894,4.226273034331988,0.23278144664100864,0.09858743635716777,0.2733629899540582,0.009743123978903078,21.222799868059514,43.45092541384627,7.0467752335223155
19f0653c33982a416feed56e5d1ce6849fd83314fd19dfa1c5b23c6b66e9868a,20,56.40816326530612,163.6887755102041,196.0,206.0,196.0,52.2842712474619,52.250114449923856,20.211392471267178,12.385747309100527,0.7902301361527041,1.2096700768937791,0.9514563106796117,0.7,1,15.797308339337176,50,154,64,174,0.9021763605624165,1.6318266445187928,69.30899000927931,0.0,False,0.4327531088979877,0.4431372582912445,0.06642419442595474,0.25882354378700256,0.5843137502670288,84.81960934400558,36.97999057551049,4.583357119286205,0.2080825994852193,0.09372831737396607,0.39048746737114987,0.00879782294521014,21.95304419844862,52.00693695257236,7.170503401051351
19f0653c33982a416feed56e5d1ce6849fd83314fd19dfa1c5b23c6b66e9868a,21,57.11764705882353,222.09803921568627,102.0,111.0,102.0,37.798989873223334,38.51720657210926,13.17603257892199,10.34963595507964,0.6188749150006452,-0.19652379870647088,0.918918918918919,0.6623376623376623,1,11.396070970426017,51,217,65,228,0.8639735962385161,1.2730914049643596,-11.259984239759328,0.0,False,0.7754709834561628,0.8098039627075195,0.1753664288975784,0.4117647111415863,1.0,79.09804031252861,98.25628229311891,7.580249694004486,0.1442964263949444,0.10179954798376284,0.2975810595284742,0.01040889874482558,51.56754164952697,144.94502293671087,6.777927499802555
19f0653c33982a416feed56e5d1ce6849fd83314fd19dfa1c5b23c6b66e9868a,22,58.80612244897959,237.85714285714286,196.0,213.0,196.0,57.62741699796952,57.70843334760731,17.557688416651885,14.896364374947836,0.5293172044364235,-0.535731729854628,0.92018779342723,0.765625,1,15.797308339337176,52,231,68,247,0.7395837607265958,1.1786559441429727,-30.695167071912948,0.0,False,0.34171669610909056,0.3490196168422699,0.04124147199696558,0.25882354378700256,0.4470588266849518,66.97647243738174,29.297844043558683,4.19746847467966,0.2276981651976674,0.09242239425439396,0.6510138561259989,0.008588568135108533,14.546348846422948,44.04933924069442,7.208608310199612
19f0653c33982a416feed56e5d1ce6849fd83314fd19dfa1c5b23c6b66e9868a,23,62.0271186440678,147.20338983050848,295.0,308.0,295.0,62.52691193458118,61.9607467357367,21.47624360600455,17.53589132501991,0.5773099767048946,1.4823500193144834,0.9577922077922078,0.7449494949494949,1,19.38054864282415,53,137,71,159,0.965602971885214,1.2247021384856904,84.93239986785596,0.0,False,0.3303689020164942,0.34117648005485535,0.053871750309198885,0.1568627506494522,0.4431372582912445,97.4588260948658,19.086562951216727,3.30421990231216,0.2783413144800795,0.11177179388182354,0.6357901663457728,0.012622396932466357,10.257399000266835,27.91572690216662,7.0090320713813625
19f0653c33982a416feed56e5d1ce6849fd83314fd19dfa1c5b23c6b66e9868a,24,61.13157894736842,89.4298245614035,114.0,127.0,114.0,40.384776310850235,40.9686858373161,14.649466630261657,10.093534114810499,0.7247579910727618,-0.18797566494288384,0.8976377952755905,0.7402597402597403,1,12.047792665040703,55,84,69,95,0.8535139996147292,1.4513713892110516,-10.770212252392511,0.0,False,0.5677674748657042,0.5921568870544434,0.13655012152927387,0.23137255012989044,0.8235294222831726,64.72549213469028,46.374944598838056,5.205671303682498,0.1903003185453646,0.09627707933242333,0.43879175460427416,0.009279712424926242,27.003463622291,65.7464255753851,6.9437305406282395
19f0653c33982a416feed56e5d1ce6849fd83314fd19dfa1c5b23c6b66e9868a,25,62.36666666666667,104.23333333333333,90.0,95.0,90.0,34.970562748477136,35.83568951077478,13.664347115854351,8.419359708282032,0.7876246969552365,-0.2064161430437535,0.9473684210526315,0.7142857142857143,1,10.704744696916627,56,100,70,109,0.8806854944763998,1.6229674926957784,-11.826773819775761,0.0,False,0.750501098897722,0.7882353067398071,0.2141650232192932,0.3019607961177826,1.0,67.54509890079498,102.5300458393915,7.703799876943169,0.17003234146201282,0.1184992057190341,0.32143723282757886,0.01406144094183957,53.787179174788804,151.2729125039942,6.473870865715289
19f0653c33982a416feed56e5d1ce6849fd83314fd19dfa1c5b23c6b66e9868a,26,63.67672413793103,198.90086206896552,232.0,253.0,232.0,61.00609665440988,65.29290893935547,20.19986851708047,14.941197755557072,0.6729718765064068,-1.1869505989694573,0.9169960474308301,0.7631578947368421,1,17.186959427966244,56,190,72,209,0.6838578134492255,1.351957777920953,-68.00725981147502,0.0,False,0.5341616071246821,0.4941176474094391,0.16942095346072028,0.2666666805744171,1.0,123.92549285292625,29.791442357246567,3.352256520560566,0.3499576095370501,0.1180638144807686,0.689652509911707,0.014051849579608583,14.464588480694259,45.11829623379887,6.676136902763011
19f0653c33982a416feed56e5d1ce6849fd83314fd19dfa1c5b23c6b66e9868a,27,74.76702508960574,118.51254480286738,279.0,290.0,279.0,63.11269837220809,62.51610710300649,24.28550331955878,14.706056738747465,0.7958081951220296,0.32915226725199737,0.9620689655172414,0.7581521739130435,1,18.847647942942654,64,111,87,127,0.8970780166827388,1.651394643104526,18.85903573070159,0.0,False,0.3099023217475542,0.30980393290519714,0.048522931627407125,0.20000000298023224,0.43921568989753723,86.46274776756763,28.627543600593448,3.989546146347996,0.23814279586829804,0.079160626464806,0.57988858393644,0.006295713290434766,17.97529118139137,39.279796019795526,7.61965120502726
19f0653c33982a416feed56e5d1ce6849fd83314fd19dfa1c5b23c6b66e9868a,28,72.45098039215686,323.2091503267974,153.0,156.0,153.0,44.970562748477136,45.31628400045997,16.85966215355505,11.700247711511034,0.7199954568839765,-0.013082132206197488,0.9807692307692307,0.8693181818181818,1,13.957279475043833,65,318,81,329,0.9362519064921894,1.4409662572330018,-0.7495509624472845,0.0,False,0.5696783449525148,0.5764706134796143,0.12955809923353345,0.34117648005485535,0.7921568751335144,87.16078677773476,67.95467134045808,6.2830353212742684,0.16905480515759086,0.0803694957717361,0.49196583386375864,0.006472154489854567,34.50011412462878,101.40922855628736,7.437705753288326
19f0653c33982a416feed56e5d1ce6849fd83314fd19dfa1c5b23c6b66e9868a,29,84.02434782608695,236.66086956521738,575.0,648.0,575.0,106.32590180780451,103.4847929403226,35.50264806906459,22.488976920253222,0.7737876712002425,0.888805427706508,0.8873456790123457,0.5620723362658846,1,27.05758189903005,71,221,102,254,0.6747216390016656,1.5786688827579105,50.924799815902915,0.0,False,0.6393248189532239,0.5921568870544434,0.21325255021028444,0.2980392277240753,1.0,367.6117708981037,35.943747642360464,4.150828673413253,0.2832137884489263,0.0719158722313682,0.7811607011390362,0.0052623782422868744,17.015434731563985,54.872060553156956,8.202738823747294
19f0653c33982a416feed56e5d1ce6849fd83314fd19dfa1c5b23c6b66e9868a,30,81.92418772563177,57.35740072202166,277.0,288.0,277.0,59.698484809834994,59.27922967440221,20.241554784286468,17.453374165989075,0.50647504095924,-1.4048150374275596,0.9618055555555556,0.7694444444444445,1,18.77997214831907,73,48,91,68,0.9905685386181214,1.1597502346411988,-80.48997264111195,0.0,False,0.32042189431965135,0.3294117748737335,0.08152029925177708,0.16470588743686676,0.48627451062202454,88.75686472654343,35.118137399053666,4.570724277405949,0.21256869727220384,0.07286632431550263,0.660836762830949,0.005333542967444907,15.718335748662884,54.51793904944445,7.85613804511689
19f0653c33982a416feed56e5d1ce6849fd83314fd19dfa1c5b23c6b66e9868a,31,83.98611111111111,173.82407407407408,216.0,222.0,216.0,54.62741699796952,54.47155591900302,21.819826834637855,12.675019954355804,0.8139787735690782,-1.3331044160500154,0.972972972972973,0.7912087912087912,1,16.583719174624104,78,164,91,185,0.9147955724878406,1.7214826417010423,-76.38125668991805,0.0,False,0.39773058146238327,0.40392157435417175,0.07170337790485151,0.21960784494876862,0.5411764979362488,85.90980559587479,40.35535665362037,4.863188141405531,0.20020995560961163,0.0784206393212881,0.48154402480150266,0.006169224709050056,19.707254087033117,61.003459220207624,7.575266898244262
19f0653c33982a416feed56e5d1ce6849fd83314fd19dfa1c5b23c6b66e9868a,32,96.45167286245353,21.092936802973977,538.0,593.0,538.0,97.25483399593904,94.88488138904933,37.501476391750025,19.262010345336517,0.858009757240241,-0.07541768202689425,0.9072512647554806,0.7472222222222222,1,26.17255958188877,80,12,116,32,0.7509276599831128,1.9469139367807173,-4.3211148808006845,0.0,False,0.33198484692542524,0.3333333432674408,0.08518307705914362,0.13725490868091583,0.6000000238418579,178.6078476458788,13.483372924990611,2.7478906084571038,0.31781450366390773,0.08725393130949766,0.7571127104462754,0.0077078837827208105,6.820352199680636,20.14639365030059,7.564253228190829
19f0653c33982a416feed56e5d1ce6849fd83314fd19dfa1c5b23c6b66e9868a,33,104.8772504091653,221.3911620294599,611.0,697.0,611.0,114.5685424949238,111.29930632819838,36.518591901480804,22.514977052423202,0.7873277798442732,-0.7157652421495981,0.8766140602582496,0.5852490421455939,1,27.891743614073043,88,208,124,237,0.6198208182833284,1.6219688706078625,-41.01032749733135,0.0,False,0.7876833300251032,0.8549019694328308,0.2162828632530163,0.32156863808631897,1.0,481.27451464533806,64.202775885679,5.403986515073537,0.3040006272860354,0.1573620424971407,0.6258443433582065,0.02511701017437734,30.675076104634066,97.73047566672395,7.341472666513825
19f0653c33982a416feed56e5d1ce6849fd83314fd19dfa1c5b23c6b66e9868a,34,101.57992565055763,41.22304832713755,269.0,284.0,269.0,61.698484809834994,61.175348572339246,23.061858004821463,14.907760874638441,0.7629775605084442,-0.26390371949798624,0.9471830985915493,0.7309782608695652,1,18.5067943613625,91,34,114,50,0.9032526383902435,1.5469699439608688,-15.120569325038945,0.0,False,0.34409214146296774,0.3686274588108063,0.08510606352620857,0.14901961386203766,0.47843137383461,92.56078605353832,40.85006725300931,4.7783333976129105,0.22281985238914528,0.08336372972155026,0.579478515610137,0.006996766676478809,20.52086874469014,61.17926576132848,7.57944679411773
19f0653c33982a416feed56e5d1ce6849fd83314fd19dfa1c5b23c6b66e9868a,35,104.12571428571428,334.34285714285716,175.0,211.0,175.0,54.21320343559643,58.26379371487712,19.39555664735101,12.678389402822505,0.7567754407709039,-0.1360017330704625,0.8293838862559242,0.6076388888888888,1,14.927053303604616,96,328,114,344,0.6478140965198516,1.5298123469084415,-7.792325311402297,0.0,False,0.5040672419752393,0.501960813999176,0.0914579950834279,0.3019607961177826,0.8078431487083435,88.21176734566689,18.302783655163246,3.215644825428998,0.28559141240076935,0.10578303437274571,0.6202866691362744,0.01128650551058426,10.406429485501555,26.199137824824934,6.864991009471213
19f0653c33982a416feed56e5d1ce6849fd83314fd19dfa1c5b23c6b66e9868a,36,100.4920634920635,342.92063492063494,63.0,68.0,63.0,29.449747468305834,30.797977959247945,9.941606546484078,8.54023924045616,0.5119082047161007,-0.47606954045410593,0.9264705882352942,0.7875,1,8.95623198216277,96,339,106,347,0.8346530904978643,1.1640899354890983,-27.27677542275288,0.0,True,0.8196701010068258,0.8784313797950745,0.12968872824414868,0.5137255191802979,0.9882352948188782,51.63921636343002,79.45261212223724,6.510933800425191,0.18125616512145626,0.13331367059708815,0.30561250500776793,0.01792104103152594,40.98294739851342,117.92227684596105,6.013449883517768
19f0653c33982a416feed56e5d1ce6849fd83314fd19dfa1c5b23c6b66e9868a,37,115.98550724637681,2.2028985507246377,138.0,161.0,138.0,65.62741699796952,67.97442600068996,28.640805155019905,7.184841294587691,0.9680232973735539,-0.012761055088231906,0.8571428571428571,0.6359447004608295,1,13.255453865237978,101,0,132,7,0.3753166683977404,3.986282226803659,-0.7311545986896326,0.0,True,0.4772662791436997,0.3960784375667572,0.2100434240056148,0.20392157137393951,1.0,65.86274652183056,37.030301144694164,4.2655069711592315,0.2662519957769557,0.12473133162718088,0.6952405916509041,0.015671466366992945,14.6907970097901,59.36980527959823,6.508927031174318
19f0653c33982a416feed56e5d1ce6849fd83314fd19dfa1c5b23c6b66e9868a,38,116.52054794520548,236.3082191780822,146.0,168.0,146.0,49.62741699796952,50.12395775585915,15.8351002847,12.31313402248838,0.6287780265409586,0.6062060130816912,0.8690476190476191,0.6083333333333333,1,13.63425735166143,108,228,124,243,0.730250745857232,1.2860332922373128,34.73304606503328,0.0,False,0.7793983443550867,0.7960784435272217,0.2004165817014449,0.3529411852359772,1.0,113.79215827584267,79.60141540370482,6.295585676486425,0.2617104467572684,0.15236077480419405,0.48009035367611574,0.02341205046521129,37.784533900442995,121.41829690696665,6.598821823862194
19f0653c33982a416feed56e5d1ce6849fd83314fd19dfa1c5b23c6b66e9868a,39,122.57516339869281,155.77124183006535,153.0,160.0,153.0,45.798989873223334,46.101682163857426,17.30157735401892,11.368556792449171,0.753819018728554,-0.6212724986807147,0.95625,0.7285714285714285,1,13.957279475043833,116,149,131,163,0.904623260022969,1.5218798366306596,-35.59629210195195,0.0,False,0.7785979832699096,0.8235294222831726,0.2143804809360141,0.30980393290519714,1.0,119.12549144029617,77.82342031681195,6.22558610341079,0.2680024473254663,0.1525739878939989,0.47811352822694914,0.023706587841037175,44.91601873951606,110.73082189410785,6.559750791606457
19f0653c33982a416feed56e5d1ce6849fd83314fd19dfa1c5b23c6b66e9868a,40,127.15384615384616,178.35096153846155,208.0,222.0,208.0,56.76955262170047,56.50242783805323,23.059203748248855,11.688282506019986,0.8620157777986261,0.7192357417658907,0.9369369369369369,0.5761772853185596,1,16.273715780512877,118,169,137,188,0.818726750347674,1.972847912973727,41.209172478146684,0.0,False,0.36425340146972585,0.3686274588108063,0.06938668021166824,0.21176470816135406,0.5372549295425415,75.76470750570297,30.500087317972312,4.202745117835001,0.22985015689808902,0.09043598297179156,0.5787626635296279,0.008229020697749827,15.38484656835886,45.615328067585764,7.289315517496581
19f0653c33982a416feed56e5d1ce6849fd83314fd19dfa1c5b23c6b66e9868a,41,131.81124497991968,221.82329317269077,249.0,295.0,249.0,69.31980515339464,71.11601865427976,21.4610855415214,15.72577306135976,0.6804897735984671,0.20505720548424503,0.8440677966101695,0.6102941176470589,1,17.805522925178455,118,213,142,230,0.6186917725543001,1.364707824396502,11.748912432994118,0.0,False,0.38544768250610933,0.3843137323856354,0.08819501423013497,0.21176470816135406,0.729411780834198,95.97647294402122,15.796598668909352,2.98035785176213,0.2929359018741198,0.0917895403822589,0.6267866913973468,0.00850566684275072,8.196918823953935,23.396278513864768,7.17114110676806
19f0653c33982a416feed56e5d1ce6849fd83314fd19dfa1c5b23c6b66e9868a,42,126.60317460317461,235.71428571428572,63.0,71.0,63.0,29.106601717798213,30.4726553881058,10.657405165106512,7.720747333296456,0.6893283216841172,-1.4269781467707505,0.8873239436619719,0.7159090909090909,1,8.95623198216277,123,231,131,242,0.8525695408657418,1.380359271588314,-81.75982526736375,0.0,False,0.3683162248796887,0.35686275362968445,0.06831881833499896,0.2235294133424759,0.5568627715110779,23.203922167420387,35.703306865831536,4.531767013140367,0.20496230765586537,0.14340077709551619,0.44977854520670857,0.020682485312317145,18.05263111888112,53.35398261278195,5.848528224691947
19f0653c33982a416feed56e5d1ce6849fd83314fd19dfa1c5b23c6b66e9868a,43,130.0,57.336363636363636,110.0,119.0,110.0,39.21320343559643,39.857965102776504,13.81278820391096,10.588857673388883,0.6421271678835233,-0.6948181856173161,0.9243697478991597,0.7051282051282052,1,11.834540545406394,124,51,137,63,0.8701062816468155,1.3044644313828313,-39.81014956480965,0.0,False,0.5898752377791838,0.5882353186607361,0.15719695558652422,0.2823529541492462,0.886274516582489,64.88627615571022,57.296048317382905,6.057458000091926,0.1595839947220399,0.09071993644239684,0.5244541779153838,0.008237669328884853,27.743005579424747,86.84909105534106,7.043427024975011
19f0653c33982a416feed56e5d1ce6849fd83314fd19dfa1c5b23c6b66e9868a,44,131.13571428571427,124.10714285714286,140.0,152.0,140.0,48.2842712474619,48.45787665404977,20.79165968970044,8.888191524273957,0.9040208749178983,-1.0545716714567246,0.9210526315789473,0.5555555555555556,1,13.351162356249091,124,115,138,133,0.7492196158608648,2.339245237112376,-60.42250596852718,0.0,False,0.48845939923610004,0.5,0.11485699831438849,0.24705882370471954,0.6745098233222961,68.38431589305401,65.938011878022,6.1225905159337595,0.17615153003700823,0.08831110830213801,0.43248576114755577,0.007806930251028935,36.63581762496576,95.24020613107822,7.218953055751172
19f0653c33982a416feed56e5d1ce6849fd83314fd19dfa1c5b23c6b66e9868a,45,148.48858447488584,289.7671232876712,219.0,235.0,219.0,58.62741699796952,58.2637937148771,21.717128014537693,13.31421234095956,0.7900252799902994,1.3899370631309282,0.9319148936170213,0.7448979591836735,1,16.698486766680407,143,279,157,300,0.810693069359129,1.6311237539548307,79.63752750621084,0.0,False,0.36194825723563157,0.3686274588108063,0.05207520574143439,0.2235294133424759,0.4627451002597809,79.26666833460331,35.31869426046169,4.541828145717671,0.2078557803333055,0.08154737052704483,0.5190968493124961,0.006660230742087469,21.115348094920076,49.5220404260033,7.51179155683125
19f0653c33982a416feed56e5d1ce6849fd83314fd19dfa1c5b23c6b66e9868a,46,147.89705882352942,153.64705882352942,68.0,78.0,68.0,31.31370849898476,32.368774286042836,11.709494901034875,7.7775192244832025,0.7475494038095593,-0.6345699546936223,0.8717948717948718,0.68,1,9.304852983362556,143,149,153,159,0.8155794385443074,1.5055565358390923,-36.358180209752426,0.0,False,0.51107267903931,0.501960813999176,0.09604063003551146,0.27843138575553894,0.7137255072593689,34.75294217467308,63.87247618545025,6.23800405061381,0.15060875732738022,0.11706336560952939,0.2682610761854366,0.013759418370663686,35.03672014260248,92.70823222829802,6.278190693477194
19f0653c33982a416feed56e5d1ce6849fd83314fd19dfa1c5b23c6b66e9868a,47,150.13333333333333,306.67619047619047,105.0,111.0,105.0,37.21320343559643,37.96184620483947,14.939892358024947,9.04061769228549,0.7961246081732213,-0.6883078620907356,0.9459459459459459,0.6730769230769231,1,11.562445770562215,144,301,157,313,0.9155973189861835,1.65253004457576,-39.43713550347186,0.0,False,0.6634173796290443,0.658823549747467,0.1957909783135496,0.2980392277240753,1.0,69.65882486104965,83.73117136020488,7.144331284697797,0.14248808559292242,0.0928925871110952,0.3710689432829388,0.008639613208255544,40.544502310040436,126.91784041036934,6.9781351045692865
19f0653c33982a416feed56e5d1ce6849fd83314fd19dfa1c5b23c6b66e9868a,48,148.75524475524475,338.6363636363636,143.0,170.0,143.0,62.390872965260115,61.63542416459455,26.529981283797536,7.531419000494797,0.9588588343316897,-0.643867516558376,0.8411764705882353,0.3657289002557545,1,13.493452297211721,136,330,159,347,0.47302612072833294,3.522574070311926,-36.8908912643646,0.0,True,0.4635129716846493,0.48235294222831726,0.08202419939012767,0.25882354378700256,0.6078431606292725,66.28235495090485,52.966060267857145,5.431984016085092,0.1991946521392957,0.09516132521104409,0.33225589217485774,0.009071754377317743,32.542834821428585,73.38928571428569,7.02400453191547
19f0653c33982a416feed56e5d1ce6849fd83314fd19dfa1c5b23c6b66e9868a,49,156.12844036697248,108.68807339449542,218.0,223.0,218.0,52.62741699796952,52.575437021065994,18.995223089695298,14.667046243234546,0.6354476756394439,-0.4074690345805835,0.9775784753363229,0.8074074074074075,1,16.66031874701878,148,102,166,117,0.9910614306543154,1.2950953296719308,-23.346255963737626,0.0,False,0.3883072577348543,0.3921568691730499,0.07978943319923111,0.20000000298023224,0.5490196347236633,84.65098218619823,29.312109729803886,4.246582470804951,0.20303790282445983,0.07694987914528847,0.638659642731483,0.005935521096089003,15.575471608902186,43.04874785070558,7.61199456827537
19f0653c33982a416feed56e5d1ce6849fd83314fd19dfa1c5b23c6b66e9868a,50,158.372,243.12,250.0,255.0,250.0,58.384776310850235,58.033755918749456,23.332972366280213,13.675374091936341,0.8102412355955071,0.03850842253006635,0.9803921568627451,0.8741258741258742,1,17.841241161527712,148,237,170,250,0.9327999519769884,1.7062035897093635,2.2063700866792937,0.0,False,0.353709812104702,0.3686274588108063,0.05007792055055298,0.21176470816135406,0.4745098054409027,88.4274530261755,24.961683330867427,3.7585582413084206,0.24825231080371796,0.0949067547375953,0.5367944888992389,0.009039987664594056,14.036193753511883,35.88717290822297,7.230947510499603
19f0653c33982a416feed56e5d1ce6849fd83314fd19dfa1c5b23c6b66e9868a,51,160.04511278195488,260.5864661654135,266.0,297.0,266.0,65.76955262170047,65.42766196046864,23.354444584021575,15.41056139052323,0.7513924191445571,0.1332145155673923,0.8956228956228957,0.6157407407407407,1,18.403307281560924,148,251,172,269,0.7808519483869757,1.5154830503698238,7.632629511891382,0.0,False,0.34300457859845984,0.3490196168422699,0.058083801649473035,0.1921568661928177,0.43921568989753723,91.23921790719032,28.977811177939614,4.111484415742513,0.22946836156344816,0.08021632910657323,0.6582871190998534,0.006448762862461831,15.60814319667063,42.347479159208596,7.6310246054006745
19f0653c33982a416feed56e5d1ce6849fd83314fd19dfa1c5b23c6b66e9868a,52,158.77722772277227,5.99009900990099,202.0,213.0,202.0,53.79898987322333,53.68615775560558,20.56884446606409,12.559888193507279,0.7919184809031329,-0.2593926827111853,0.9483568075117371,0.7769230769230769,1,16.03728119216293,149,0,169,13,0.8807174211200433,1.637661430513129,-14.862105955926994,0.0,True,0.39363231163213747,0.3921568691730499,0.06396087498236586,0.23137255012989044,0.5411764979362488,79.51372694969177,36.257750431510544,4.541471889814423,0.21628570009940495,0.08312974155618977,0.4780413066203183,0.006925573908647757,19.679935406228502,52.83556545679258,7.467672971580091
19f0653c33982a416feed56e5d1ce6849fd83314fd19dfa1c5b23c6b66e9868a,53,156.5121951219512,152.1829268292683,82.0,88.0,82.0,33.656854249492376,34.59021575512202,12.241937704392061,8.908046007341381,0.6859312627497657,-0.7823103246839698,0.9318181818181818,0.82,1,10.217907939900583,152,148,162,158,0.8612260834443319,1.3742562279430441,-44.823079873900575,0.0,False,0.5334290004358059,0.5372549295425415,0.07251470268600192,0.3529411852359772,0.658823549747467,43.741178035736084,55.17806264092157,5.8990158013418075,0.1462830509016686,0.10430492012892564,0.3711533236464476,0.010919695608247017,27.93225094764273,82.4238743342004,6.620256428393931
19f0653c33982a416feed56e5d1ce6849fd83314fd19dfa1c5b23c6b66e9868a,54,163.81645569620252,155.84810126582278,158.0,206.0,158.0,63.73401871576773,68.66453938907293,22.161149656428915,10.381364383806819,0.8834906360543193,-0.7757129200817373,0.7669902912621359,0.4891640866873065,1,14.183506197980657,154,147,173,164,0.4211161806862761,2.134704922890153,-44.44507643445247,0.0,False,0.3690742197670514,0.37254902720451355,0.06037657546396134,0.2235294133424759,0.5176470875740051,58.31372672319412,20.430944682409155,3.563267709479073,0.2372191625670641,0.09397939436700481,0.6982275754629608,0.008856633942375042,10.262261647538963,30.599627717279347,7.038368994739157
19f0653c33982a416feed56e5d1ce6849fd83314fd19dfa1c5b23c6b66e9868a,55,167.41592920353983,36.95575221238938,226.0,240.0,226.0,57.52691193458118,57.61314857259282,19.739136831477367,14.940321795138058,0.6535442567637626,-0.7467870029575003,0.9416666666666667,0.6608187134502924,1,16.96325844612841,158,29,177,47,0.8556084850728869,1.3211989073689805,-42.787743464688496,0.0,False,0.37617560983759113,0.3843137323856354,0.0631104432349668,0.21176470816135406,0.49803921580314636,85.0156878232956,33.64168433907935,4.413523873889588,0.22189337756937472,0.08303103328251683,0.5513717847491411,0.00692961947569252,19.389663672061054,47.89370500609765,7.508987072555282
19f0653c33982a416feed56e5d1ce6849fd83314fd19dfa1c5b23c6b66e9868a,56,174.07883817427387,197.19917012448133,241.0,248.0,241.0,55.698484809834994,55.48699187852813,20.042383586004313,15.41111037565532,0.6393377554307516,0.3886061414786715,0.9717741935483871,0.753125,1,17.517155313611116,164,190,184,206,0.9836589426900136,1.300515219050338,22.265491799591636,0.0,False,0.36833456220468547,0.364705890417099,0.07677971921118155,0.1921568661928177,0.5686274766921997,88.7686294913292,24.14744913860536,3.6571372206161503,0.2597275679538966,0.08202030595363682,0.6433512887644395,0.006759551321252275,14.099044715529569,34.19585356168115,7.526555675200912
19f0653c33982a416feed56e5d1ce6849fd83314fd19dfa1c5b23c6b66e9868a,57,172.72843450479232,280.09584664536743,313.0,339.0,313.0,69.2842712474619,68.7598241640874,22.573663310321088,17.90935361520276,0.6087347312841963,1.390068679035251,0.9233038348082596,0.7488038277511961,1,19.963065333312567,164,270,183,292,0.83192597952924,1.260439868201548,79.64506854204534,0.0,False,0.32120529683634114,0.3137255012989044,0.07492123840968143,0.1725490242242813,0.7843137383460999,100.53725790977478,5.799181137075992,1.6458390324906385,0.46176207248351725,0.1566052731387942,0.7174203434091292,0.024816489436343167,3.313096927638342,8.285265346513642,5.917738206648543
19f0653c33982a416feed56e5d1ce6849fd83314fd19dfa1c5b23c6b66e9868a,58,179.2265372168285,165.9061488673139,309.0,334.0,309.0,67.94112549695429,67.09374306227802,21.59647377864202,19.06136898586019,0.4700967814807729,0.3968331001323762,0.9251497005988024,0.6688311688311688,1,19.83509564693766,170,155,192,176,0.8625897655568098,1.1329969948466125,22.736861808677546,0.0,False,0.5196142023049511,0.49803921580314636,0.12346775779553233,0.27843138575553894,0.8823529481887817,160.56078851222992,29.838260438482177,4.1216437223472795,0.23524274961701927,0.07821763123115046,0.5960683887110999,0.00619897181590102,13.443100580511206,46.233420296453154,7.708530693225637
19f0653c33982a416feed56e5d1ce6849fd83314fd19dfa1c5b23c6b66e9868a,59,181.14736842105262,18.526315789473685,190.0,207.0,190.0,52.62741699796952,52.57543702106599,19.44275262108573,12.683174532491272,0.7579313646842364,0.8140119100067671,0.9178743961352657,0.6985294117647058,1,15.553633450087505,174,10,190,27,0.8637691368088074,1.5329563250334552,46.63944691677074,0.0,False,0.47378742349775216,0.47058823704719543,0.09423477656064744,0.2862745225429535,0.8117647171020508,90.0196104645729,19.537197898265312,3.330341954206708,0.27190398139368743,0.10290822939278546,0.571813320850843,0.0106601961503495,9.226304764961078,29.848091031569542,6.893366478469183
19f0653c33982a416feed56e5d1ce6849fd83314fd19dfa1c5b23c6b66e9868a,60,185.0,288.3333333333333,105.0,110.0,105.0,36.384776310850235,37.17644804144202,12.440219041589838,10.942113099678439,0.4757591489801629,-0.6382808808418542,0.9545454545454546,0.7291666666666666,1,11.562445770562215,180,283,192,295,0.9546922038413131,1.1369119408896828,-36.570800616130846,0.0,False,0.6956489392689296,0.7215686440467834,0.1770324020086356,0.26274511218070984,0.9686274528503418,73.04313862323761,47.35215111146423,5.0593987702769185,0.2190195293903795,0.11485522276105622,0.5122161800519723,0.013204689629075094,23.5735879372142,71.13071428571426,6.590033783054788
19f0653c33982a416feed56e5d1ce6849fd83314fd19dfa1c5b23c6b66e9868a,61,184.42016806722688,312.12605042016804,119.0,127.0,119.0,39.79898987322333,40.4133254700463,13.832698530726999,11.200139238698906,0.5868636509163629,-1.0343928368206339,0.937007874015748,0.7041420118343196,1,12.309163489997376,179,306,192,319,0.9156039307568832,1.2350470146774633,-59.26634390838678,0.0,False,0.5959795841148922,0.6039215922355652,0.15047160048421715,0.2980392277240753,0.8745098114013672,70.92157050967216,59.41301253113776,6.048503278078985,0.1495755718007312,0.08711602091229728,0.4717273067747443,0.007604458924244367,28.947674908084355,89.87835015419118,7.171449814648158
19f0653c33982a416feed56e5d1ce6849fd83314fd19dfa1c5b23c6b66e9868a,62,195.5482456140351,280.5043859649123,228.0,250.0,228.0,61.01219330881976,60.52470343005497,19.23208562927094,15.411941111496272,0.5981742241577449,0.5004701539498343,0.912,0.6705882352941176,1,17.03815178355966,186,272,206,289,0.7821307680982565,1.2478691353761466,28.674827593588073,0.0,False,0.38766770803353245,0.38823530077934265,0.07940156126292582,0.21960784494876862,0.5411764979362488,88.3882374316454,36.77577874624232,4.643390510945634,0.20023112835012283,0.0770388200393577,0.6314016255219026,0.005961113446771058,17.32908595059914,56.22247154188549,7.666990667917203
19f0653c33982a416feed56e5d1ce6849fd83314fd19dfa1c5b23c6b66e9868a,63,192.55555555555554,15.88888888888889,54.0,56.0,54.0,27.071067811865476,28.346498694041102,12.008973868294829,5.759102593286093,0.8775054929053847,-1.3182837006186399,0.9642857142857143,0.8181818181818182,1,8.291859587312052,190,11,196,22,0.844509962528925,2.0852161727930976,-75.53209224633582,0.0,False,0.7552650802665286,0.7980391979217529,0.17198779118151564,0.4117647111415863,1.0,40.78431433439255,115.59325533431445,8.483299303248433,0.10521654570929735,0.12966839000772373,0.2005612383260351,0.01703718714301578,63.90476463688289,167.28174603174605,5.964068268012816
19f0653c33982a416feed56e5d1ce6849fd83314fd19dfa1c5b23c6b66e9868a,64,195.3986928104575,27.333333333333332,153.0,175.0,153.0,53.248737341529164,54.93163151125833,17.06532616387577,12.176640065840964,0.700623610245343,1.4664067447308353,0.8742857142857143,0.6428571428571429,1,13.957279475043833,188,19,202,36,0.6371714363627401,1.4014807099167694,84.01891752259473,0.0,False,0.6891708428563635,0.6745098233222961,0.2084980046738929,0.3137255012989044,1.0,105.44313895702362,76.1614723127347,6.604404074534254,0.18923264101775675,0.10073720728292243,0.5239323071373732,0.010192903437464483,35.38400824329905,116.93893638217034,7.143351301863847
19f0653c33982a416feed56e5d1ce6849fd83314fd19dfa1c5b23c6b66e9868a,65,198.88524590163934,201.89344262295083,122.0,128.0,122.0,39.55634918610404,40.18328767391865,14.051965035334325,11.11721790527894,0.6116216379846072,1.2159259718167683,0.953125,0.7922077922077922,1,12.463355264843006,194,196,205,210,0.9494645663374766,1.2639821540838774,69.6674263854439,0.0,False,0.5707489716224983,0.5960784554481506,0.12709928639906898,0.3176470696926117,0.7921568751335144,69.6313745379448,64.54955270784012,6.153474034817913,0.16196476447189595,0.09119805122437967,0.4344767056530991,0.00832474788534891,34.95626193420311,94.14284348147712,7.089764236921187
19f0653c33982a416feed56e5d1ce6849fd83314fd19dfa1c5b23c6b66e9868a,66,207.95287958115182,11.832460732984293,191.0,234.0,191.0,61.698484809834994,63.30150526640394,19.492129965783175,14.272276903474301,0.6810820005383703,-0.7706766199830508,0.8162393162393162,0.5584795321637427,1,15.594510349620345,198,3,217,21,0.5989839101104071,1.3657337296362435,-44.15651769443642,0.0,False,0.4103685512904721,0.40784314274787903,0.05986336644687845,0.2549019753932953,0.5215686559677124,78.38039329648018,26.114710860545618,3.9706535560579406,0.22818720222703043,0.0866808872313452,0.6803164096047529,0.00752838158327761,12.462963525739648,39.76645819535159,7.307337534948159
19f0653c33982a416feed56e5d1ce6849fd83314fd19dfa1c5b23c6b66e9868a,67,209.40277777777777,154.91666666666666,72.0,78.0,72.0,29.31370849898476,30.4726553881058,10.061545512016874,9.083113795973318,0.4301544163199132,0.2261129253668111,0.9230769230769231,0.8,1,9.574614729634384,205,151,215,160,0.9743651895608476,1.1077198566506246,12.955316316874848,0.0,False,0.8217865000996325,0.8960784673690796,0.19793660176906766,0.33725491166114807,1.0,59.16862800717354,98.22455678842606,6.903252578779734,0.27638901475544625,0.20284873947288684,0.27697919872012955,0.04154414953814694,60.189624273884554,136.25948930296755,5.448568203384587
19f0653c33982a416feed56e5d1ce6849fd83314fd19dfa1c5b23c6b66e9868a,68,217.38388625592418,110.98578199052133,211.0,225.0,211.0,55.45584412271571,55.256954082400476,20.721929086400863,13.252693572198357,0.7687501518258232,-0.3904539266081529,0.9377777777777778,0.7033333333333334,1,16.39065416446578,208,104,228,119,0.8683972428160361,1.5636013142167227,-22.37136208895796,0.0,False,0.39960971156850245,0.4000000059604645,0.08798140603624878,0.21960784494876862,0.6274510025978088,84.31764914095402,33.74241015440036,4.550794127345563,0.19341565300889932,0.07932913022869001,0.5682578595095008,0.006314305021944373,14.689705857357009,52.79511445144371,7.53943694340655
19f0653c33982a416feed56e5d1ce6849fd83314fd19dfa1c5b23c6b66e9868a,69,212.70247933884298,145.07438016528926,121.0,129.0,121.0,39.55634918610404,40.18328767391865,13.212998343850579,11.768193230791027,0.45468416476692053,-0.9361235230202924,0.937984496124031,0.7756410256410257,1,12.412170838050638,207,139,219,152,0.9416820698920875,1.1227720419545182,-53.63592697198052,0.0,False,0.5946200113158581,0.5843137502670288,0.15568928633337661,0.27843138575553894,0.9137254953384399,71.94902136921883,42.966507277126645,5.175937890303686,0.1713640012035714,0.0899399432307244,0.5809078247405962,0.008097128674352501,19.60982114736997,66.32319340688332,7.082451007852178
19f0653c33982a416feed56e5d1ce6849fd83314fd19dfa1c5b23c6b66e9868a,70,216.2608695652174,52.48913043478261,92.0,97.0,92.0,33.798989873223334,34.72496877623519,11.71646716047793,10.055442352623375,0.5132626242710303,-1.1026114190572742,0.9484536082474226,0.696969696969697,1,10.823032759612019,211,47,222,59,0.9587689560017848,1.1651866471514511,-63.1749807549124,0.0,False,0.7158567895707877,0.7196078300476074,0.19229809194225003,0.3490196168422699,1.0,65.85882464051247,90.91273316922324,7.434570901913325,0.13940042049842585,0.10086885454886037,0.3872933965662406,0.010184774302780869,44.36739656745138,137.4580697709951,6.748661825149117
19f0653c33982a416feed56e5d1ce6849fd83314fd19dfa1c5b23c6b66e9868a,71,223.01953125,202.74609375,256.0,279.0,256.0,64.18376618407356,63.5315430625316,24.705465354237155,13.655672227112715,0.8333544784809946,-0.9546041540348668,0.9175627240143369,0.5818181818181818,1,18.0540666735282,214,192,234,214,0.7970233079914046,1.80917240421058,-54.6947891318542,0.0,False,0.35068934690207243,0.3529411852359772,0.06213444968328771,0.21960784494876862,0.529411792755127,89.77647280693054,25.347385503092383,3.9077180424728803,0.2299424150501755,0.08265945797064236,0.6217766756491265,0.006867166017743459,14.132910734331158,36.561860271853604,7.497520577161481
19f0653c33982a416feed56e5d1ce6849fd83314fd19dfa1c5b23c6b66e9868a,72,224.84552845528455,79.52439024390245,246.0,256.0,246.0,57.87005768508881,57.938471143734965,20.2971754461949,15.482196487669283,0.6466629028334103,-1.4911498508411993,0.9609375,0.780952380952381,1,17.697935698969246,218,69,233,90,0.9208966837948396,1.311001023812124,-85.43659307476295,0.0,False,0.35533238541546874,0.35686275362968445,0.05603828159498477,0.239215686917305,0.5372549295425415,87.41176681220531,22.48161889686928,3.7124853512266354,0.23141215816025415,0.08916708027678533,0.6183491114274287,0.007997079508261007,11.512901884577946,33.450335909160614,7.321474260573872
19f0653c33982a416feed56e5d1ce6849fd83314fd19dfa1c5b23c6b66e9868a,73,224.33913043478262,263.6521739130435,115.0,135.0,115.0,41.42031021678297,49.01323702131956,13.762222514057742,11.156170268745662,0.5855486677535964,-0.5207319901430708,0.8518518518518519,0.5476190476190477,1,12.100518486599809,218,258,233,272,0.6015627451710621,1.2335973889366867,-29.835745292645942,0.0,False,0.46277921109095865,0.4588235318660736,0.11538895690829294,0.24705882370471954,0.8588235378265381,53.21960927546024,17.703461753912556,3.1959395284985934,0.2725745000220138,0.1113545095903617,0.6543569306734369,0.01247925950258006,8.714530279462462,26.69239322836265,6.591109813797361
19f0653c33982a416feed56e5d1ce6849fd83314fd19dfa1c5b23c6b66e9868a,74,230.8989898989899,271.2979797979798,198.0,215.0,198.0,55.94112549695427,55.71702967465578,21.099176112915018,12.365986213189863,0.8102469832328526,-0.40712208450770676,0.9209302325581395,0.6285714285714286,1,15.877702285203682,220,264,241,279,0.8014919094943674,1.7062267213600901,-23.326377188860036,0.0,False,0.8117647139411984,0.8980392217636108,0.19962527286973303,0.35686275362968445,1.0,160.72941336035728,55.8064253090711,5.098554472279442,0.29487566944075305,0.16098854518112637,0.605477938674754,0.026160538880730246,28.14547618719346,83.46737443094875,6.584283648181232
19f0653c33982a416feed56e5d1ce6849fd83314fd19dfa1c5b23c6b66e9868a,75,229.25757575757575,61.59090909090909,132.0,145.0,132.0,44.45584412271571,45.22099922544548,15.58131936220188,11.076795468930946,0.7032907986570107,-0.769581431280495,0.9103448275862069,0.7252747252747253,1,12.964089628857149,223,55,236,69,0.8111543214209034,1.40666309185771,-44.09376800400956,0.0,False,0.5491978763179346,0.5509804487228394,0.11946785587208224,0.32156863808631897,0.7686274647712708,72.49411967396736,66.36637500962257,6.340946291862008,0.1467624862947974,0.0859245775229511,0.4504086037837931,0.00738810302805101,32.020691250242585,100.71205876900257,7.250984150774153
19f0653c33982a416feed56e5d1ce6849fd83314fd19dfa1c5b23c6b66e9868a,76,235.89333333333335,180.4311111111111,225.0,238.0,225.0,56.526911934581186,56.27239004192558,19.636015777377523,14.776558694761,0.6585656659523704,-1.1682393525986081,0.9453781512605042,0.6965944272445821,1,16.925687506432688,228,172,245,191,0.892897608354466,1.3288625709813906,-66.93518436499589,0.0,False,0.4013769127925237,0.4117647111415863,0.062150372364679025,0.24705882370471954,0.6000000238418579,90.30980537831783,21.025220369064407,3.514130704141813,0.2587902157713218,0.09782595371360733,0.5279001204060075,0.009629695399627224,12.070550040033329,29.97989069809549,7.099462281285275
19f0653c33982a416feed56e5d1ce6849fd83314fd19dfa1c5b23c6b66e9868a,77,235.48245614035088,244.10526315789474,114.0,122.0,114.0,39.21320343559643,39.85796510277651,14.486491901047097,10.121786925258329,0.7154097231817355,0.8091054802457509,0.9344262295081968,0.6745562130177515,1,12.047792665040703,229,238,242,251,0.9017465100703357,1.431218816204963,46.35832919898713,0.0,False,0.6343309390440321,0.6490195989608765,0.17750532675587113,0.29411765933036804,0.9843137264251709,72.31372705101967,65.4385421340861,6.347154916082725,0.1455765134860861,0.08910401052751252,0.38811961218914814,0.007962489678087332,32.21619874753435,98.66088552063785,7.0979538327120295
19f0653c33982a416feed56e5d1ce6849fd83314fd19dfa1c5b23c6b66e9868a,78,239.04093567251462,3.9649122807017543,171.0,210.0,171.0,65.21320343559643,72.55206195996149,24.352143133368745,10.545487970171472,0.9013739963779851,-0.202978690961071,0.8142857142857143,0.5551948051948052,1,14.755472278097805,229,0,257,11,0.4082314455809924,2.3092476329450284,-11.6298223231596,0.0,True,0.7239536846938887,0.7098039388656616,0.22693850463042367,0.33725491166114807,1.0,123.79608008265495,61.90532223212181,5.478430229154129,0.2763327898386327,0.1450312436084325,0.6974912221640244,0.021516144627580742,26.874854951982613,96.93578951226101,6.619606205252691
19f0653c33982a416feed56e5d1ce6849fd83314fd19dfa1c5b23c6b66e9868a,79,240.45502645502646,25.714285714285715,189.0,198.0,189.0,50.04163056034261,50.12395775585915,15.67765078058679,15.472959127998418,0.1610654376412904,-0.518706257967157,0.9545454545454546,0.7875,1,15.512648837479231,233,18,248,34,0.9453245956644992,1.0132289920043789,-29.719679388542225,0.0,False,0.5070028178906315,0.5098039507865906,0.0851135155501997,0.3019607961177826,0.7137255072593689,95.82353258132935,35.028968962688324,4.240897043454485,0.2553833171672005,0.09576918602498113,0.4714068785257418,0.009200255378203893,22.5822510530576,47.475686872319045,7.171200593390514
19f0653c33982a416feed56e5d1ce6849fd83314fd19dfa1c5b23c6b66e9868a,80,242.02912621359224,326.8349514563107,103.0,114.0,103.0,38.384776310850235,39.07256693937906,14.0454859603645,9.533952676148006,0.7343313063658893,-0.18450604287619765,0.9035087719298246,0.7202797202797203,1,11.451797811161432,236,322,249,333,0.8478191091000162,1.473207014704764,-10.571417551465935,0.0,False,0.6714258668492141,0.6980392336845398,0.14758459143018182,0.364705890417099,0.9176470637321472,69.15686428546906,83.23298123271213,7.278080439478243,0.12920747323610313,0.09282266002469254,0.2962844107245598,0.008638457291164088,41.68652351220752,124.77943895321675,6.968545179347435
19f0653c33982a416feed56e5d1ce6849fd83314fd19dfa1c5b23c6b66e9868a,81,247.9063829787234,67.23829787234042,235.0,245.0,235.0,56.04163056034261,55.81231444967027,19.63756359325664,15.283082637595813,0.6279451772562622,-0.030356893843404363,0.9591836734693877,0.8245614035087719,1,17.297725082009,239,60,258,75,0.9480203534354558,1.2849216391036824,-1.7393218963537427,0.0,False,0.34893617902664426,0.3490196168422699,0.046439316975286186,0.24313725531101227,0.4431372582912445,82.0000020712614,39.22496107488593,4.874020478955792,0.19533937320997477,0.07765736389772479,0.5601155317459184,0.006058370635134873,19.72659103176859,58.72333111800327,7.641468151708828
19f0653c33982a416feed56e5d1ce6849fd83314fd19dfa1c5b23c6b66e9868a,82,247.7846153846154,283.0051282051282,195.0,200.0,195.0,50.04163056034261,50.12395775585916,18.70416380257959,13.319594106043771,0.7020585797398533,-0.5829208695395244,0.975,0.7647058823529411,1,15.756957549709801,240,276,257,291,0.9753349002887687,1.4042592930134836,-33.39890561471081,0.0,False,0.43967824180920917,0.43921568989753723,0.08527891118495469,0.2549019753932953,0.6117647290229797,85.73725715279579,40.502716954960185,4.946351599774969,0.19288058313249085,0.07640384449773402,0.5821710467636674,0.005847062740084607,20.617939712680954,60.38749419723942,7.635736033687204
19f0653c33982a416feed56e5d1ce6849fd83314fd19dfa1c5b23c6b66e9868a,83,249.4626168224299,198.1822429906542,214.0,236.0,214.0,57.66295090390226,62.51610710300649,18.197336646987193,15.273347420238766,0.5436411829318348,0.8662288704318419,0.9067796610169492,0.7039473684210527,1,16.50676414605009,242,190,258,209,0.6880813461294125,1.191443902001066,49.631258368129174,0.0,False,0.35530512118450946,0.35686275362968445,0.04171548380959719,0.239215686917305,0.45490196347236633,76.03529593348503,27.662603649492894,3.9695344421057315,0.24717499280604954,0.09264282861809414,0.5406747370732099,0.008612208443747703,17.143877037950872,38.181330261034915,7.230328174924104
19f0653c33982a416feed56e5d1ce6849fd83314fd19dfa1c5b23c6b66e9868a,84,248.87037037037038,168.7685185185185,108.0,119.0,108.0,41.45584412271571,41.984121796841194,17.191525738724543,8.077819534153319,0.8827344687031605,-0.7825122742128339,0.907563025210084,0.5510204081632653,1,11.726460285670077,242,162,256,176,0.7699516836565141,2.128238402212149,-44.834650729579145,0.0,False,0.6774873051930357,0.6882352828979492,0.17756368237757786,0.3333333432674408,0.9725490212440491,73.16862896084785,81.16710857880386,6.97045493064247,0.13318918615698644,0.08960555731746524,0.37967672716549306,0.008042195350302237,39.8874034321175,122.4468137254902,7.046355803627399
19f0653c33982a416feed56e5d1ce6849fd83314fd19dfa1c5b23c6b66e9868a,85,252.8125,220.05416666666667,240.0,250.0,240.0,59.94112549695428,59.50926747052986,21.866250755800642,14.158306164227533,0.7620689937216851,1.3144812748202128,0.96,0.7272727272727273,1,17.480774889473267,245,210,260,232,0.8516318536835785,1.5444114926012869,75.31422929617429,0.0,True,0.36109477952122687,0.3686274588108063,0.03946935354134923,0.25882354378700256,0.45490196347236633,86.66274708509445,25.66695372701995,3.93366389524612,0.2284067739146582,0.08236936434808367,0.5974560911097513,0.006797995426955326,15.555727319893958,35.77818013414594,7.516947906611487
19f0653c33982a416feed56e5d1ce6849fd83314fd19dfa1c5b23c6b66e9868a,86,257.6470588235294,146.7843137254902,51.0,58.0,51.0,31.071067811865476,33.479495020582426,15.173725437687478,4.494120407926944,0.9551328279279458,1.5272508304448253,0.8793103448275862,0.68,1,8.058239062071396,255,140,260,155,0.5717711555943913,3.3763504446661767,87.5050268423386,0.0,True,0.36209151090360153,0.35686275362968445,0.06010229264646117,0.24313725531101227,0.48235294222831726,18.46666705608368,96.85096533742129,7.987627356434564,0.10549650347163689,0.14799563259712203,0.15371730968561112,0.022866401007318744,40.77764837819184,152.92428229665074,5.648190130815921
94519eb45cbe1573252623b7ea06a8b43c19c930f5c9b685edb639d0db719ab0,1,6.421532846715328,34.527372262773724,548.0,641.0,548.0,122.76955262170047,119.07435146997554,47.601527082792416,17.78292139132486,0.9275984474918262,1.4536199790041286,0.8549141965678627,0.6765432098765433,1,26.414679072721462,0,10,18,55,0.48568419703746757,2.6768114212108105,83.28628981283191,0.0,True,0.4118434357436469,0.3901960849761963,0.14671758860583747,0.15294118225574493,0.729411780834198,225.6902027875185,21.101777061821558,3.4318784702056746,0.2707365434286557,0.06804669373758651,0.8052355592121725,0.004712668850771951,8.213550225159931,33.99000389848318,8.101989843861148
94519eb45cbe1573252623b7ea06a8b43c19c930f5c9b685edb639d0db719ab0,2,11.298876404494383,144.6314606741573,445.0,482.0,445.0,91.2193000900063,89.75188506250801,33.453336659066224,18.467219202476322,0.8338247686899456,0.5614549850181559,0.9232365145228216,0.5705128205128205,1,23.803184606416586,0,130,30,156,0.6941969756759568,1.8114983253450725,32.1690010281212,0.0,True,0.2855959533640508,0.2549019753932953,0.10774093522404452,0.1411764770746231,0.5921568870544434,127.0901992470026,18.91941828040133,2.9039806578895555,0.35932800076180194,0.10137819233930681,0.773002492824044,0.010456016714659584,9.377532134484603,28.46130442631806,7.246417988833123
94519eb45cbe1573252623b7ea06a8b43c19c930f5c9b685edb639d0db719ab0,3,3.202247191011236,176.02247191011236,89.0,118.0,89.0,49.2842712474619,49.798635184717014,17.251324507322277,8.252955992050087,0.8781444908217999,1.5366193939406196,0.7542372881355932,0.49444444444444446,1,10.645107772184812,0,168,10,186,0.45098800388856175,2.0903206710347355,88.04180599074793,0.0,True,0.249394145239605,0.22745098173618317,0.07018986207945208,0.16862745583057404,0.47843137383461,22.196078926324844,28.547611632315977,3.838027174352453,0.27156581436643534,0.13759873145672202,0.6084843797078332,0.019184240099170455,13.104199521453044,43.99102374317891,6.0349337401030665
94519eb45cbe1573252623b7ea06a8b43c19c930f5c9b685edb639d0db719ab0,4,6.836,225.98,250.0,277.0,250.0,68.5269119345812,67.64910342954781,21.304610838994474,16.0103972779878,0.6597340399463953,-1.0671152273642086,0.9025270758122743,0.7352941176470589,1,17.841241161527712,0,218,17,238,0.686476670171445,1.3306734660660497,-61.14119878211241,0.0,True,0.29432157677412035,0.25882354378700256,0.11829737644942011,0.1411764770746231,0.6313725709915161,73.58039419353008,28.36761465446545,3.6070766992635606,0.32339340548562223,0.10467091855502691,0.6802615840867261,0.011118194384455514,13.133203013112533,43.60202629581836,7.078912797247607
94519eb45cbe1573252623b7ea06a8b43c19c930f5c9b685edb639d0db719ab0,5,10.369444444444444,99.60555555555555,360.0,391.0,360.0,76.698484809835,75.78893938856578,22.995451945604547,20.15061019056147,0.4817898980196386,1.2984679017826926,0.9207161125319693,0.7453416149068323,1,21.409489393833255,0,88,21,111,0.7875909295367245,1.1411789384112845,74.39673060535578,0.0,True,0.25437909070816306,0.2294117659330368,0.07536817944684915,0.15294118225574493,0.46666666865348816,91.5764726549387,22.275314990590218,3.190727400391815,0.3442722248788165,0.1068388045922298,0.7291655358292382,0.011579724198484142,9.032122263827246,35.51850771735319,7.123445940345597
94519eb45cbe1573252623b7ea06a8b43c19c930f5c9b685edb639d0db719ab0,6,16.774789915966387,188.50924369747898,595.0,632.0,595.0,96.25483399593904,94.32952102177953,29.822770239427427,25.865870878681637,0.49775178940405174,-0.21954100973385718,0.9414556962025317,0.7628205128205128,1,27.524126309792685,2,177,32,203,0.8402945974255432,1.152977619787278,-12.578773287790542,0.0,False,0.1914516453232084,0.14901961386203766,0.09454149843090846,0.10588235408067703,0.5803921818733215,113.913728967309,13.950436181780324,2.1761332471204717,0.4972106896153576,0.21987546156775567,0.7428339092643764,0.04883039413693066,6.52014971561799,21.380722647942658,5.8073466735467925
94519eb45cbe1573252623b7ea06a8b43c19c930f5c9b685edb639d0db719ab0,7,15.931868131868132,77.88791208791208,455.0,479.0,455.0,81.11269837220809,79.58117718443985,25.483200090558036,23.164234763343057,0.4167956099108857,-1.0022926930427327,0.9498956158663883,0.7899305555555556,1,24.069150231250354,4,66,28,90,0.902818692891738,1.1001097317009019,-57.427141148149914,0.0,False,0.24966171757205502,0.21568627655506134,0.11292507024499375,0.11372549086809158,0.5607843399047852,113.59608149528503,24.44535588591549,3.3923777352748674,0.3325432662196812,0.11503981620029903,0.7335544717765965,0.013409582368616283,10.486347946924196,38.40436382490678,7.174814563350161
94519eb45cbe1573252623b7ea06a8b43c19c930f5c9b685edb639d0db719ab0,8,23.298440979955455,266.4320712694878,449.0,541.0,449.0,94.66904755831214,92.43340212384248,34.07260175709247,18.410074574717083,0.8414602566145288,0.11560758892647237,0.8299445471349353,0.658357771260997,1,23.90992587997897,8,257,39,279,0.6603867163896224,1.8507584865454616,6.623826925170218,0.0,False,0.24088388772677208,0.1921568661928177,0.13110628640147204,0.10196078568696976,0.6196078658103943,108.15686558932066,30.10457290539221,3.6420234918861074,0.3567629764946161,0.1444946490443625,0.6672123716379555,0.02123151607136963,13.528485612487101,46.68066019829732,6.750984149271686
94519eb45cbe1573252623b7ea06a8b43c19c930f5c9b685edb639d0db719ab0,9,29.909319899244334,6.267002518891688,397.0,432.0,397.0,91.90559159102153,91.74328873545953,32.08248988550737,17.345527487777673,0.8412450407217482,0.03824777011836282,0.9189814814814815,0.6892361111111112,1,22.48279562821002,13,0,49,16,0.5927229758213745,1.8496116597269199,2.191435803568775,0.0,True,0.43325926138261706,0.43529412150382996,0.15555004161588848,0.18431372940540314,0.6980392336845398,172.00392676889896,18.564662450266557,3.266373588997412,0.28856499982621414,0.0796985940090166,0.876553279307019,0.00643875411758618,6.03054601233683,31.098778888196286,7.71711922919963
94519eb45cbe1573252623b7ea06a8b43c19c930f5c9b685edb639d0db719ab0,10,29.805797101449276,236.95072463768116,345.0,373.0,345.0,72.5269119345812,71.4413412254219,24.82102302251583,18.424755963942093,0.6700627554835945,-0.35952572499220625,0.9249329758713136,0.75,1,20.958712816717327,18,227,41,247,0.8494342349206717,1.3471561344471243,-20.59930666843452,0.0,False,0.3396987879189892,0.29411765933036804,0.1492514097205825,0.13725490868091583,0.6941176652908325,117.19608183205128,37.968355931958236,4.384527286600231,0.26901636587178746,0.09200744032463641,0.6440764263940588,0.008584676071914554,16.261547720704232,59.67516414321224,7.517586905823256
94519eb45cbe1573252623b7ea06a8b43c19c930f5c9b685edb639d0db719ab0,11,35.80177890724269,117.61245235069886,787.0,967.0,787.0,149.7462120245875,149.0311147369102,39.81157266484562,27.344883079799228,0.7267919745573043,0.8930960869628437,0.8138572905894519,0.5935143288084465,1,31.655007845624887,19,96,53,135,0.44527744446807294,1.4559057557008186,51.17063648261969,0.0,False,0.43799985971732547,0.43529412150382996,0.0738141093314158,0.23529411852359772,0.6980392336845398,344.70588959753513,12.087622312258215,2.594506036499328,0.33145524041815133,0.08955910063131278,0.709631488805367,0.008184943825464794,5.471201532307209,18.704043092209222,7.439997267075641
94519eb45cbe1573252623b7ea06a8b43c19c930f5c9b685edb639d0db719ab0,12,44.80281690140845,28.291079812206572,213.0,247.0,213.0,63.73401871576773,64.6422637970712,20.22409364119662,14.09471108070771,0.7171423557181251,-0.4488466979476142,0.8623481781376519,0.5966386554621849,1,16.46815177937675,35,21,56,38,0.6405548931372238,1.4348711034508945,-25.717021440781565,0.0,False,0.4920924382870186,0.4941176474094391,0.10371082942449593,0.25882354378700256,0.7019608020782471,104.81568935513496,17.935674230527088,3.397257080698,0.2350599193404661,0.08313063331234805,0.7957232197322636,0.006976362831255171,6.373451740560992,29.49789672049318,7.404876038178232
94519eb45cbe1573252623b7ea06a8b43c19c930f5c9b685edb639d0db719ab0,13,47.43255813953488,164.68837209302325,215.0,251.0,215.0,70.24873734152916,74.12285828675638,24.084801857879892,12.089893349295124,0.8648839392090296,0.4136437231195931,0.8565737051792829,0.6515151515151515,1,16.545286401814263,37,157,59,172,0.49174959162063775,1.9921434509001774,23.700039556830678,0.0,False,0.36253534832666084,0.3607843220233917,0.06357248030693576,0.250980406999588,0.5215686559677124,77.94509989023209,33.46273683467145,4.469654298105857,0.21085428265581735,0.08321197642202359,0.6269673485088232,0.006956758043962409,14.120173579958506,52.8053000893844,7.4166339595346855
94519eb45cbe1573252623b7ea06a8b43c19c930f5c9b685edb639d0db719ab0,14,49.18726591760299,98.2059925093633,267.0,336.0,267.0,86.18376618407356,90.53728322590547,25.637151730909846,15.082736405727259,0.8086314055708871,0.3956783537687947,0.7946428571428571,0.5134615384615384,1,18.437867513470433,37,88,63,108,0.4093230566901574,1.6997679360871703,22.670699715636246,0.0,False,0.4777704448289193,0.4745098054409027,0.04169128696704407,0.3921568691730499,0.6039215922355652,127.56470876932144,18.21255123578715,3.1172802903589703,0.2950640307690863,0.08802188752572165,0.6982056731128949,0.007843451373691388,7.625734768926953,28.799367702647345,7.324384897978399
94519eb45cbe1573252623b7ea06a8b43c19c930f5c9b685edb639d0db719ab0,15,53.95925297113752,195.73514431239389,589.0,646.0,589.0,106.08326112068524,103.25475514419495,38.64095327572274,21.15965935073758,0.8367423916584268,-1.3720013093988772,0.9117647058823529,0.7316770186335404,1,27.384997568906428,41,177,64,212,0.6942326526616152,1.8261614062504175,-78.6098845149783,0.0,False,0.29001631950785633,0.250980406999588,0.1225060259611862,0.12941177189350128,0.6470588445663452,170.81961219012737,22.351543941903916,3.1836064639281947,0.3429340126472772,0.10066131865897167,0.7297258443041114,0.010290948094287905,10.510833709348125,34.19225417445971,7.422408362266635
94519eb45cbe1573252623b7ea06a8b43c19c930f5c9b685edb639d0db719ab0,16,57.146946564885496,72.9675572519084,524.0,547.0,524.0,85.59797974644667,83.83349057256923,27.111935749025193,24.803973377122098,0.4037421274680796,1.104652975453412,0.9579524680073126,0.7464387464387464,1,25.829779740470595,45,60,72,86,0.9369276430250826,1.0930480909978657,63.29195332004903,0.0,False,0.3153495075934716,0.2607843279838562,0.14532068594264655,0.12941177189350128,0.686274528503418,165.2431419789791,23.146917477423827,3.3056696184971917,0.3379019395159507,0.10798150469599907,0.7670285181852088,0.011831317700656274,9.070905912943068,37.222929041904585,7.3371084272135985
94519eb45cbe1573252623b7ea06a8b43c19c930f5c9b685edb639d0db719ab0,17,60.53734439834025,246.53734439834025,482.0,530.0,482.0,93.25483399593904,91.09264359317525,26.89724382682702,24.049306972584844,0.44783165785139223,-0.28876733905278684,0.909433962264151,0.7438271604938271,1,24.77299861870477,47,235,74,259,0.7299452561737582,1.1184207452417942,-16.54514978894796,0.0,False,0.35377919806855346,0.32549020648002625,0.1449544933862973,0.16470588743686676,0.6823529601097107,170.52157346904278,33.94984601813182,4.137952494198155,0.2831911616949119,0.09616138773993765,0.7068873405639187,0.009354149782833499,14.21244658255783,53.68724545370581,7.670183861807287
94519eb45cbe1573252623b7ea06a8b43c19c930f5c9b685edb639d0db719ab0,18,61.04950495049505,1.693069306930693,101.0,112.0,101.0,54.89949493661166,55.12220106128731,27.03080008578758,4.905767972235746,0.9833931448327189,0.018732456471342834,0.9017857142857143,0.7769230769230769,1,11.340070282773887,49,0,75,5,0.41771313901465196,5.51000378305063,1.073290695720471,0.0,True,0.46433703498084944,0.46666666865348816,0.11904966279898313,0.2549019753932953,0.7254902124404907,46.898040533065796,85.38754329472178,7.542586456296455,0.11886539700143725,0.117233987260009,0.32454928809124384,0.01412125313329761,28.738755334281652,142.0363312551619,6.391141180293626
94519eb45cbe1573252623b7ea06a8b43c19c930f5c9b685edb639d0db719ab0,19,65.38775510204081,156.1904761904762,441.0,467.0,441.0,82.76955262170047,81.15197351123474,31.79331476279724,17.760420414833924,0.8294228884290287,0.20987219575582108,0.9443254817987152,0.7487266553480475,1,23.695962509005764,50,148,81,167,0.8414925627184086,1.7901217437534707,12.024791053951976,0.0,False,0.2654217311821016,0.250980406999588,0.08644159946352574,0.11764705926179886,0.5254902243614197,117.05098345130682,26.075303413115876,3.621121222581906,0.28419450725013695,0.08539035727964585,0.6074444338390742,0.007399555025352236,12.67211867221754,39.47848815401422,7.542848532028444
94519eb45cbe1573252623b7ea06a8b43c19c930f5c9b685edb639d0db719ab0,20,62.97400346620451,31.102253032928942,577.0,658.0,577.0,109.84062043356595,106.81695514394137,42.24360648977058,18.32594703146768,0.9010015473142134,1.5131581143039867,0.8768996960486323,0.7045177045177046,1,27.104597715372734,53,12,74,51,0.635484978177585,2.305125427746442,86.69757368559264,0.0,False,0.3092194331529029,0.2666666805744171,0.15204246687920028,0.125490203499794,0.7058823704719543,178.41961292922497,22.6882641460189,3.2861133859992333,0.3488563776862622,0.11559244133521578,0.7723969626761563,0.01360848186729338,9.529692016380729,35.84683627565707,7.282732867148544
94519eb45cbe1573252623b7ea06a8b43c19c930f5c9b685edb639d0db719ab0,21,69.99373040752351,276.1818181818182,319.0,366.0,319.0,74.73401871576773,74.1228582867564,22.148704424191816,19.658271987500083,0.46069493156577584,1.3899050993540758,0.8715846994535519,0.660455486542443,1,20.153496341094687,59,266,80,289,0.729619161520853,1.126686233575123,79.6356961166999,0.0,False,0.3389145097575591,0.29019609093666077,0.13065983198783418,0.16470588743686676,0.6431372761726379,108.11372861266136,43.51093097751121,4.622728324162213,0.2632403266809568,0.08826923692871806,0.5985300324026553,0.007868964913459151,20.50254861703904,66.51931333798336,7.545550549172921
94519eb45cbe1573252623b7ea06a8b43c19c930f5c9b685edb639d0db719ab0,22,80.63203463203463,193.75324675324674,462.0,517.0,462.0,98.04772721475248,96.22563991971657,30.745087974951275,20.466355851893894,0.7462383154099231,-0.19014524332316818,0.8936170212765957,0.7586206896551724,1,24.253590861306396,67,183,96,204,0.6270038733778909,1.5022258089051168,-10.894519936905633,0.0,False,0.41823275954950423,0.41372549533843994,0.10721591852578014,0.22745098173618317,0.6666666865348816,193.22353491187096,23.16663849503943,3.487583909786202,0.2763568227882601,0.06969640026333228,0.7640415040768858,0.004910481883141124,10.496259258877469,35.83701773120138,8.010997206008607
94519eb45cbe1573252623b7ea06a8b43c19c930f5c9b685edb639d0db719ab0,23,93.10157367668097,128.88555078683834,699.0,776.0,699.0,114.5685424949238,111.2993063281984,42.13594596242739,22.036093287278124,0.8523473376409115,-0.15729013350556134,0.9007731958762887,0.6657142857142857,1,29.83277462405867,74,117,116,142,0.7090912471031856,1.9121332176767156,-9.012060808917925,0.0,False,0.30964123308445424,0.29019609093666077,0.1430338585990283,0.11764705926179886,0.6823529601097107,216.4392219260335,17.983035987593713,2.9798057097219184,0.3535484138370708,0.10870813712154273,0.8163943985857044,0.0120226989729165,7.382480569773386,28.58359140541404,7.513419833024647
94519eb45cbe1573252623b7ea06a8b43c19c930f5c9b685edb639d0db719ab0,24,85.97051597051598,171.93366093366095,407.0,487.0,407.0,91.97665940288701,95.44024175631914,25.80555030195462,21.182118058180272,0.5711643221099517,0.3882186596450198,0.8357289527720739,0.6020710059171598,1,22.764193258431348,74,157,100,183,0.5614889472621128,1.2182705351313456,22.243290725885405,0.0,False,0.32084598672331405,0.3137255012989044,0.09521989196937301,0.16862745583057404,0.5529412031173706,130.58431659638882,23.046923884439174,3.633463186422545,0.25888147852160864,0.07681531990653284,0.7719450440686311,0.005993923515188522,8.769418256362162,37.32442951251619,7.7877587370751655
94519eb45cbe1573252623b7ea06a8b43c19c930f5c9b685edb639d0db719ab0,25,89.75626043405676,224.56594323873122,599.0,672.0,599.0,105.32590180780451,102.9294325730528,31.0144519826099,25.708040530730877,0.5593891034229705,1.154351924996177,0.8913690476190477,0.6662958843159066,1,27.616489409343153,76,209,105,240,0.7104892793287648,1.2064105759260744,66.13949337508309,0.0,False,0.31359456220831416,0.26274511218070984,0.15296991268704271,0.12941177189350128,0.7058823704719543,187.8431427627802,24.63835678422017,3.3897147638227576,0.34885378801176525,0.12288620895572795,0.759335714236794,0.015310577266207496,9.763757906827454,39.51295566161289,7.28574022861502
94519eb45cbe1573252623b7ea06a8b43c19c930f5c9b685edb639d0db719ab0,26,91.07326732673268,85.13069306930693,505.0,530.0,505.0,86.91168824543142,85.07896432822199,30.535212343218088,21.422530079309283,0.7126024411152775,1.0514216267701566,0.9528301886792453,0.669761273209549,1,25.357168021907675,79,71,105,100,0.8767118021713098,1.4253784324340937,60.24202170270923,0.0,False,0.29118230345815715,0.21960784494876862,0.1583516137760463,0.13333334028720856,0.7137255072593689,147.04706324636936,33.53871496281911,3.713375317903405,0.37770540608045344,0.16253412519078608,0.6728692111755107,0.02664951427739587,14.250839604180431,52.82659032145778,6.724065860958447
94519eb45cbe1573252623b7ea06a8b43c19c930f5c9b685edb639d0db719ab0,27,101.1255060728745,156.92712550607288,494.0,546.0,494.0,92.35533905932738,90.63256800091995,26.534586901216308,24.68456372668868,0.3668533080970221,-0.20254056268292972,0.9047619047619048,0.7318518518518519,1,25.079480359432697,87,145,114,170,0.7557327480508848,1.074946561543942,-11.604719421936771,0.0,False,0.2578947440936015,0.21568627655506134,0.11710750709556093,0.12156862765550613,0.6274510025978088,127.40000358223915,18.18847550066231,2.877819528325527,0.3687429320912087,0.1254381606855257,0.7640928409539711,0.01596043893088636,7.197378733717125,29.179572267607497,6.9628938553947926
94519eb45cbe1573252623b7ea06a8b43c19c930f5c9b685edb639d0db719ab0,28,113.03518728717367,279.1577752553916,881.0,909.0,881.0,117.91168824543144,114.86150632794482,42.42506896467331,26.969770545406057,0.7719332152228751,-0.15326187857431947,0.9691969196919692,0.8264540337711069,1,33.49214891450948,95,267,136,293,0.8391445098744593,1.5730600634234857,-8.781258802555005,0.0,False,0.2923326950000174,0.23529411852359772,0.12987411039045277,0.13725490868091583,0.6745098233222961,257.54510429501534,17.846138945818005,2.7200765513027463,0.4171775299101543,0.1292288995811961,0.7831642008436646,0.016994072655746057,7.096241906411948,28.596035985224063,7.027607987343548
94519eb45cbe1573252623b7ea06a8b43c19c930f5c9b685edb639d0db719ab0,29,125.21428571428571,170.65037593984962,532.0,603.0,532.0,101.46194077712559,104.82555147098984,30.488645251931967,22.74986893077659,0.6657497057087555,0.11622400869066087,0.8822553897180763,0.7228260869565217,1,26.026206750102993,110,159,142,182,0.6083971691678588,1.3401679519430623,6.6591451760666684,0.0,False,0.31632021946230326,0.30980393290519714,0.10074220397333725,0.16862745583057404,0.6392157077789307,168.28235675394535,11.661346224236425,2.527567073781313,0.35342648417910105,0.10516968351886,0.8340239159871693,0.01123382740236131,4.198707587767389,19.12398486070546,7.123637334494948
94519eb45cbe1573252623b7ea06a8b43c19c930f5c9b685edb639d0db719ab0,30,137.5820170109356,224.87970838396112,823.0,874.0,823.0,117.98275605729688,114.53618375680267,41.33379542541226,25.641411283893575,0.7843252762039099,-0.17666903642225612,0.9416475972540046,0.6998299319727891,1,32.37091511398834,116,212,158,240,0.7883594571936471,1.61199377708885,-10.122390157638296,0.0,False,0.5129535797879299,0.501960813999176,0.09149309758098993,0.3333333432674408,0.7529411911964417,422.1607961654663,12.610276559981898,2.64870930930659,0.3313466523632213,0.07895584450723157,0.8304071750168729,0.006361467236396915,5.471421327005288,19.749131792958508,7.822087457299901
94519eb45cbe1573252623b7ea06a8b43c19c930f5c9b685edb639d0db719ab0,31,138.53908984830804,129.10618436406068,857.0,956.0,857.0,127.1543289325507,123.23138008309044,37.54447295988947,31.241073383585395,0.5546129455150047,-0.6855354377859147,0.8964435146443515,0.7238175675675675,1,33.032806266468405,121,113,158,145,0.709166254288534,1.2017664213680952,-39.278287291786135,0.0,False,0.3145354374843273,0.27450981736183167,0.13098488486686544,0.13725490868091583,0.6274510025978088,269.55686992406845,19.530159442425653,3.037932532752836,0.3581275928464225,0.09720698618553889,0.8177624785321461,0.009601786195839866,7.6451431882098575,31.415175696641448,7.663336112822371
94519eb45cbe1573252623b7ea06a8b43c19c930f5c9b685edb639d0db719ab0,32,147.92596063730085,82.82661668228678,1067.0,1146.0,1067.0,136.26093065034894,135.29820685909564,40.83223377207464,33.938898549959525,0.5560047976212503,0.14226650562060186,0.931064572425829,0.7258503401360544,1,36.85846706297507,128,65,170,100,0.7324706070729315,1.2031101631647776,8.151270338134692,0.0,False,0.3390852221424823,0.29019609093666077,0.1687462463266209,0.12941177189350128,0.7450980544090271,361.80393202602863,13.644655056998614,2.5267161998438885,0.40113374496939813,0.11824408649184467,0.880352791674023,0.01418539579348655,4.875029019736243,22.414281094260986,7.317606599061589
94519eb45cbe1573252623b7ea06a8b43c19c930f5c9b685edb639d0db719ab0,33,146.1625,162.15,400.0,486.0,400.0,99.91168824543142,99.92259294057615,32.863380578247344,16.612516876418074,0.8628252144002851,0.9007064354302048,0.823045267489712,0.5305039787798409,1,22.56758334191025,133,149,159,178,0.5034339096954518,1.9782300793263796,51.60667733042333,0.0,False,0.4570980489253998,0.45098039507865906,0.06379470743423184,0.32156863808631897,0.6431372761726379,182.8392195701599,25.5019142432485,3.80604993176352,0.23709634427183232,0.07482925585951483,0.5767824008964794,0.005652506908179817,11.89444845370009,39.109380032796906,7.7942743204411435
94519eb45cbe1573252623b7ea06a8b43c19c930f5c9b685edb639d0db719ab0,34,154.3659793814433,254.20103092783506,194.0,210.0,194.0,54.45584412271571,54.70159371513068,20.26302528237138,12.30461873018469,0.7945147155895795,0.5588214095110429,0.9238095238095239,0.6807017543859649,1,15.716503163191918,145,247,164,262,0.814726110389356,1.6467820520650327,32.0181082665346,0.0,False,0.518920572916257,0.5098039507865906,0.09264674925462218,0.37254902720451355,0.7176470756530762,100.67059114575386,25.75704729425952,3.9578925055549394,0.22377310455097496,0.08913790871946575,0.7762195232067555,0.007989809581993024,8.981554782014243,42.5325398065048,7.267236381911071
94519eb45cbe1573252623b7ea06a8b43c19c930f5c9b685edb639d0db719ab0,35,165.36125654450262,311.41623036649213,382.0,416.0,382.0,86.76955262170046,84.94421130710882,31.922153815294244,15.823331247067685,0.8685024061195141,0.31809140543530084,0.9182692307692307,0.6631944444444444,1,22.05396803500069,152,302,184,320,0.6652818115613397,2.0174104502305688,18.225295030827475,0.0,True,0.277332930157634,0.25882354378700256,0.10541957552646754,0.14509804546833038,0.5960784554481506,105.94117932021618,15.822516991675961,2.767289012987674,0.3683858754029141,0.11796367604799309,0.8060032947807326,0.014132927147243634,6.945041895235639,24.699992088116282,7.005773791565076
94519eb45cbe1573252623b7ea06a8b43c19c930f5c9b685edb639d0db719ab0,36,175.92006802721087,176.22448979591837,588.0,623.0,588.0,95.84062043356593,93.54412285838208,29.010677402787355,26.001620813123075,0.44349344198038987,0.12873949930346823,0.9438202247191011,0.7509578544061303,1,27.361740666563517,162,164,191,191,0.8444115712732356,1.1157257315338436,7.376229966716131,0.0,False,0.3682739866428635,0.3529411852359772,0.12810712102819102,0.1568627506494522,0.658823549747467,216.54510414600372,18.446913181196713,3.1705555819837006,0.30899051685404444,0.08130036107464785,0.8146907423660569,0.006731342299507134,6.663558897629304,30.230267464764122,7.766513321451299
94519eb45cbe1573252623b7ea06a8b43c19c930f5c9b685edb639d0db719ab0,37,179.75696594427245,261.3297213622291,646.0,725.0,646.0,111.74011537017762,108.61778926686391,36.83434436830167,23.086896102085078,0.7791992048310242,0.004593229153489455,0.8910344827586207,0.6983783783783784,1,28.679483013103898,162,249,199,274,0.6880824223985801,1.595465419232991,0.2631726448313936,0.0,False,0.33764342530039443,0.3117647171020508,0.1083881296432039,0.1568627506494522,0.6666666865348816,218.1176527440548,14.891632982206932,2.7584473405242496,0.3410254158000475,0.09176594814352082,0.7790099043426661,0.008568842583744449,6.6086538569503634,23.174612107463503,7.497253824306559
94519eb45cbe1573252623b7ea06a8b43c19c930f5c9b685edb639d0db719ab0,38,179.80616740088107,132.18832599118943,908.0,1001.0,908.0,124.88225099390857,126.04765016553807,38.91713349045325,31.236584962944335,0.5964590362047916,0.4594174407791046,0.9070929070929071,0.6005291005291006,1,34.00149271163735,160,114,202,150,0.7181682562650049,1.2458831058715376,26.322680391344132,0.0,False,0.3202556882972628,0.2980392277240753,0.1464290624443518,0.10980392247438431,0.7176470756530762,290.7921649739146,12.219379555767983,2.4971176403188755,0.37260529490532895,0.10073841847708845,0.8627139287330174,0.010302191545915319,4.6701142132641795,19.768644898271788,7.488736265258678
94519eb45cbe1573252623b7ea06a8b43c19c930f5c9b685edb639d0db719ab0,39,186.16904761904763,89.10238095238095,420.0,443.0,420.0,80.5269119345812,79.02581681717007,25.343760156386015,21.6439218723271,0.5202502907791299,-0.8129788349153041,0.9480812641083521,0.7608695652173914,1,23.12489154112443,174,77,198,100,0.845125425391803,1.1709412141608844,-46.58025607410982,0.0,False,0.5059477287388984,0.5215686559677124,0.12016431139756577,0.2549019753932953,0.7254902124404907,212.4980460703373,19.430275818865525,3.506561437476832,0.24410828847351507,0.07090097768418033,0.8283797378115079,0.005101908616160215,6.364868420082782,32.49568321764827,7.882611728869998
94519eb45cbe1573252623b7ea06a8b43c19c930f5c9b685edb639d0db719ab0,40,198.25315315315316,57.30450450450451,1110.0,1259.0,1110.0,154.98885271170678,151.1572714309749,44.38180264415064,33.794700427661134,0.6482189681664237,0.15515250404541828,0.8816521048451151,0.6702898550724637,1,37.59382787980004,175,41,221,77,0.610484659429025,1.3132769955795764,8.8895836626889,0.0,False,0.31810281777435595,0.27843138575553894,0.152790731157689,0.11764705926179886,0.7372549176216125,353.0941277295351,16.89892169174079,2.7862834117164104,0.3779037284562533,0.11217648685366037,0.813737716053248,0.012833927606872525,6.621894257447499,27.17594912603408,7.460324772939746
94519eb45cbe1573252623b7ea06a8b43c19c930f5c9b685edb639d0db719ab0,41,189.72357723577235,303.1382113821138,492.0,556.0,492.0,97.08326112068522,95.11491918517699,29.680854666384782,21.862615578519534,0.6763397282587064,-0.292004923388347,0.8848920863309353,0.6612903225806451,1,25.028660691489268,175,292,206,316,0.6834042578896015,1.3576076732349822,-16.730649707193226,0.0,False,0.3708512778204631,0.3490196168422699,0.11884227647337797,0.19607843458652496,0.6666666865348816,182.45882868766785,10.48626792673911,2.4232087669533406,0.3527028177647212,0.0928550710252228,0.8952153898061987,0.008785942816183386,3.8041967291077246,17.168339124370497,7.37288457524905
94519eb45cbe1573252623b7ea06a8b43c19c930f5c9b685edb639d0db719ab0,42,198.15065913370998,28.160075329566855,531.0,556.0,531.0,89.49747468305833,87.53044359342883,30.01012129597726,22.935877822268345,0.644894725131447,0.9462982574968445,0.9550359712230215,0.7042440318302388,1,26.001734523957655,186,13,212,42,0.8709357670545727,1.308435697492274,54.2188963151532,0.0,False,0.320940890344186,0.2666666805744171,0.17284899107436066,0.11764705926179886,0.7490196228027344,170.41961277276278,23.898133409103913,3.3416417671987793,0.3501337855716323,0.12258191017213733,0.7839905442531451,0.015237952566212822,9.079061473319475,38.717205344888356,7.188761962288996
94519eb45cbe1573252623b7ea06a8b43c19c930f5c9b685edb639d0db719ab0,43,199.53775743707095,216.19908466819223,437.0,459.0,437.0,80.18376618407356,78.70049424602792,27.412728664553633,20.526808636254056,0.6627895294071453,0.425406342505103,0.9520697167755992,0.763986013986014,1,23.58825303088947,187,205,213,227,0.8866176680517656,1.3354598442613137,24.373988003639163,0.0,False,0.39710146147817443,0.3686274588108063,0.1403151340922021,0.1921568661928177,0.7215686440467834,173.53333866596222,27.23528407241767,3.7816134775781594,0.28083951266308116,0.09172950626944269,0.7415359004730782,0.00854530972599464,10.380522467886347,44.09004567694899,7.590514984151935
94519eb45cbe1573252623b7ea06a8b43c19c930f5c9b685edb639d0db719ab0,44,210.2753623188406,118.6231884057971,138.0,147.0,138.0,42.04163056034261,42.53948216411099,14.346206984703098,12.32788405705897,0.5114498422004632,-1.035706711811799,0.9387755102040817,0.7040816326530612,1,13.255453865237978,204,112,218,126,0.9583067619773525,1.1637201419402086,-59.34162340018833,0.0,False,0.5665814364733903,0.5607843399047852,0.06319323300374745,0.4470588266849518,0.7176470756530762,78.18823823332787,62.332636702199096,5.940001542679265,0.17772734533580478,0.08978190586502527,0.2540563200420676,0.00806504964620745,33.705114511836406,90.96015889256176,7.17215569937829
94519eb45cbe1573252623b7ea06a8b43c19c930f5c9b685edb639d0db719ab0,45,229.7170263788969,160.03117505995203,834.0,874.0,834.0,115.05382386916237,111.7593819204537,34.55637198758237,31.085775007095666,0.4367826114783641,0.7887654028022412,0.954233409610984,0.7214532871972318,1,32.586527589007176,214,143,248,177,0.8390888152104331,1.1116458244870684,45.19292860650478,0.0,False,0.366450380685804,0.32549020648002625,0.10931600058293903,0.2235294133424759,0.6705882549285889,305.6196174919605,18.670649755256385,2.8437781980677412,0.3785097852786451,0.10672388046237648,0.7762459035514657,0.011586158686929615,7.576397465084215,29.764902045428553,7.33954010997917
94519eb45cbe1573252623b7ea06a8b43c19c930f5c9b685edb639d0db719ab0,46,222.62777777777777,112.38888888888889,180.0,188.0,180.0,48.384776310850235,48.55316142906426,15.867646316993355,14.631136184104761,0.3870148055145204,-0.5827485195332829,0.9574468085106383,0.8,1,15.138795132120961,215,105,230,120,0.9595052218168317,1.0845122427492635,-33.389030686754126,0.0,False,0.6011329202188386,0.5960784554481506,0.06014845988331533,0.4745098054409027,0.7254902124404907,108.20392563939095,37.633060895423256,4.68328822403032,0.19800202732061328,0.07963942335862116,0.574962902686283,0.006360348312260229,18.45472545742844,56.811396333418074,7.510241784677767
94519eb45cbe1573252623b7ea06a8b43c19c930f5c9b685edb639d0db719ab0,47,230.63988095238096,34.467261904761905,336.0,438.0,336.0,107.84062043356593,110.83923073594309,29.101578121249833,18.213190725012268,0.7799443258186763,1.559838730203896,0.7671232876712328,0.631578947368421,1,20.683531783305643,222,21,241,49,0.3436862325952065,1.597829757598952,89.37217596172873,0.0,False,0.5124533262458586,0.46666666865348816,0.13195684932363383,0.2980392277240753,0.7568627595901489,172.18431761860847,18.055667462076137,3.0790550369082035,0.3086209747843286,0.0859918757178794,0.8700505401098519,0.007447381606477231,8.208654240447942,27.902680683704332,7.487795989378602
94519eb45cbe1573252623b7ea06a8b43c19c930f5c9b685edb639d0db719ab0,48,237.55121951219513,309.3414634146341,410.0,449.0,410.0,83.97665940288701,84.38885093983905,32.795006298335636,16.32548602876344,0.8672895456105854,-0.1019165719451249,0.9131403118040089,0.7347670250896058,1,22.847936741452536,222,301,253,319,0.7234750755390413,2.008822661729947,-5.839389434897068,0.0,False,0.31806791879054974,0.2960784435272217,0.13677463394154016,0.12941177189350128,0.6392157077789307,130.4078467041254,25.53799423450536,3.7195162685410637,0.2944068432417538,0.09853763069779631,0.7714594058319871,0.0098716788871365,9.773984983314655,41.30200348569606,7.4110019375350324
94519eb45cbe1573252623b7ea06a8b43c19c930f5c9b685edb639d0db719ab0,49,238.38023952095807,87.18862275449102,668.0,703.0,668.0,100.08326112068524,97.56639845038382,30.497993923416573,29.06561810352085,0.30286405310207337,-0.6426492702280361,0.9502133712660028,0.767816091954023,1,29.163744887841286,223,72,253,101,0.8818318464517425,1.0492807624043685,-36.82109089122881,0.0,False,0.32694024635021557,0.2980392277240753,0.12708328604004354,0.14901961386203766,0.686274528503418,218.396084561944,19.382000307259506,3.085912851461205,0.3292862263272185,0.09409787480090215,0.7615777030473669,0.009019994511778803,8.116815107434897,30.647185507084117,7.489276487956368
94519eb45cbe1573252623b7ea06a8b43c19c930f5c9b685edb639d0db719ab0,50,245.6687898089172,244.51592356687897,471.0,544.0,471.0,109.29036790187178,109.95854779753115,27.155627469537787,24.63968593397067,0.42037382154962855,-1.3082481673432529,0.8658088235294118,0.6496551724137931,1,24.488687706168772,231,229,256,258,0.48952263738420393,1.1021093183699389,-74.95709854449305,0.0,True,0.3153407527034956,0.2980392277240753,0.1497984833092365,0.11372549086809158,0.6627451181411743,148.52549452334642,14.004435163181556,2.6811887812417803,0.35652151687639433,0.12185116874021802,0.8777742144458629,0.015020450490300086,5.154635158378479,22.854235167984633,7.319890284788606
94519eb45cbe1573252623b7ea06a8b43c19c930f5c9b685edb639d0db719ab0,51,244.90134529147983,201.34080717488789,446.0,488.0,446.0,87.2193000900063,87.85576616457097,26.49184962839734,22.508734373077516,0.5273510116065525,1.0339564546034055,0.9139344262295082,0.7181964573268921,1,23.829914749152643,233,188,256,215,0.7261129491443578,1.176958650331046,59.24134104908503,0.0,True,0.3481139639902008,0.33529412746429443,0.1254870700337409,0.14509804546833038,0.6549019813537598,155.25882793962955,20.571192079953953,3.4388688584506095,0.2702669222493763,0.07823865446270306,0.7859263456324663,0.006228935267769887,8.023097525825857,33.119286634082044,7.777248221959994
94519eb45cbe1573252623b7ea06a8b43c19c930f5c9b685edb639d0db719ab0,52,242.7391304347826,183.97826086956522,92.0,102.0,92.0,38.384776310850235,39.07256693937906,15.086403993385474,8.1186637991086,0.8428526600826954,0.240995264552758,0.9019607843137255,0.6388888888888888,1,10.823032759612019,236,180,252,189,0.7572753207495291,1.8582373117903845,13.808011541511766,0.0,False,0.5722932893296947,0.5607843399047852,0.05099941954837584,0.48627451062202454,0.686274528503418,52.65098261833191,62.25155936992075,6.114923919473849,0.15997359882365936,0.10835848822932936,0.3828639921516831,0.011784839359621789,36.671285420790014,87.83183331905148,6.574261050563196
94519eb45cbe1573252623b7ea06a8b43c19c930f5c9b685edb639d0db719ab0,53,248.70472440944883,36.12204724409449,254.0,274.0,254.0,64.21320343559643,63.95215040868823,20.88169168798202,16.296187145145005,0.6252737383781499,-1.386384413094106,0.927007299270073,0.7215909090909091,1,17.983404693292407,240,25,256,47,0.7804287789428387,1.2813851180030869,-79.43397565301395,0.0,True,0.28131851894179666,0.25294119119644165,0.11696610537943236,0.1411764770746231,0.6313725709915161,71.45490381121635,20.78321376021453,3.1733394166932745,0.34235255769102546,0.12933687868823748,0.7431839300579437,0.016956427265372314,8.046387013632122,33.52004050679694,6.821442462071905
94519eb45cbe1573252623b7ea06a8b43c19c930f5c9b685edb639d0db719ab0,54,249.7433962264151,123.99622641509434,265.0,271.0,265.0,65.4558441227157,64.73754857208567,25.12367155421846,14.131064874675458,0.8268243729319482,1.5348416833841865,0.977859778597786,0.7571428571428571,1,18.36868202552426,242,112,256,137,0.7945902618170642,1.7779036312573342,87.93995067866845,0.0,True,0.28651129243508827,0.23137255012989044,0.1536831015382193,0.10196078568696976,0.6549019813537598,75.92549249529839,29.996628866886823,3.6839061631902466,0.3521426468148009,0.1399568397784994,0.7339598801252201,0.019898503117411835,11.521804078014185,48.47145365575946,6.80562499636308
94519eb45cbe1573252623b7ea06a8b43c19c930f5c9b685edb639d0db719ab0,55,250.28571428571428,5.9714285714285715,140.0,148.0,140.0,44.970562748477136,45.31628400045997,15.894037218150078,11.642427217737074,0.6807639872357538,1.1584295047137763,0.9459459459459459,0.7777777777777778,1,13.351162356249091,244,0,256,15,0.8567010909078856,1.3651824418481857,66.37312148352969,0.0,True,0.4514565960637161,0.45098039507865906,0.16137043996349265,0.20000000298023224,0.729411780834198,63.20392344892025,26.2933964172201,4.056082227495223,0.2138500366434592,0.0932970694330498,0.8140783089617778,0.008764693247182044,8.196306049505257,44.39048678493494,7.056209912917071
4d09672bcf5a2661eea00891bbb8191225a06619a849aece37ad10d9dedbde3e,1,9.121212121212121,639.7373737373738,594.0,620.0,594.0,107.84062043356595,104.92083624600433,34.32907001159246,24.074545076328942,0.7128786355028858,1.3700292387430124,0.9580645161290322,0.6875,1,27.500987065425246,0,621,24,657,0.6780673333531909,1.4259488560532,78.49689318949567,0.0,True,0.49448077019416925,0.4941176474094391,0.09922253570583793,0.26274511218070984,0.7137255072593689,293.72157749533653,12.331447628822783,2.6070222901718356,0.3352083958734941,0.07661044960079003,0.8441214470341178,0.005957049533756928,5.831813170008061,18.831082087637505,7.8183544505296005
4d09672bcf5a2661eea00891bbb8191225a06619a849aece37ad10d9dedbde3e,2,2.2962962962962963,676.2098765432099,81.0,91.0,81.0,39.9350288425444,42.079406571855685,16.024472525241567,7.80444199710412,0.8733837396034808,-1.5475561042228165,0.8901098901098901,0.5625,1,10.155412503859614,0,668,8,686,0.5748515012364156,2.0532502555836194,-88.66843333167515,0.0,True,0.450593090167752,0.45098039507865906,0.11100530327227125,0.2235294133424759,0.7019608020782471,36.49804030358791,45.19785414465724,5.377867505344451,0.15233223267627544,0.11439659938518174,0.4355488427170781,0.013246654957286736,21.284776775904543,69.11093151340995,6.387186900418314
4d09672bcf5a2661eea00891bbb8191225a06619a849aece37ad10d9dedbde3e,3,31.332947083816144,423.8613364233295,2589.0,2624.0,2589.0,191.92388155425118,184.63676645155732,65.85874092413523,50.52450600542089,0.6414500850937751,-0.015822634850760985,0.9866615853658537,0.81287284144427,1,57.414433562644646,0,398,65,447,0.9543453087441222,1.303500937091183,-0.9065701977252136,0.0,True,0.32452988219668666,0.32549020648002625,0.07025829939882505,0.11372549086809158,0.4941176474094391,840.2078650072217,7.360825203015531,1.978153746961487,0.4070608311924744,0.09159522576256818,0.8594206963565416,0.008555525000658261,3.506233785946611,11.21541662008445,7.426039648676814
4d09672bcf5a2661eea00891bbb8191225a06619a849aece37ad10d9dedbde3e,4,39.52322738386308,309.64303178484107,2454.0,2511.0,2454.0,192.06601717798213,184.7715194726705,70.1968128592359,44.602233086714044,0.7721927980101768,-0.6551833040545422,0.977299880525687,0.6955782312925171,1,55.897494065298574,8,281,71,337,0.9032632935429649,1.573840769872706,-37.53923812976183,0.0,False,0.3389392345991918,0.3529411852359772,0.07742410936027014,0.11372549086809158,0.5254902243614197,831.7568817064166,9.198055560728788,2.141314529696162,0.4000388693838587,0.09825928711629707,0.8201324783292469,0.00985222777167619,4.185905516990236,14.21020560446734,7.365944425633071
4d09672bcf5a2661eea00891bbb8191225a06619a849aece37ad10d9dedbde3e,5,42.46502976190476,231.13095238095238,2688.0,2749.0,2688.0,205.7228714274745,197.7190291870876,77.27090501687792,44.31444953546982,0.8192093155208884,-0.6407596660079327,0.9778101127682793,0.6699900299102692,1,58.50186233145162,9,202,77,261,0.8640565955945172,1.7436954723995692,-36.71282454446678,0.0,False,0.3252757435686709,0.34117648005485535,0.07196670239663047,0.11764705926179886,0.4941176474094391,874.3411987125874,9.8622796575643,2.2116095434633163,0.3942774127086126,0.10307875382999032,0.8118446255286653,0.010803678235399548,4.480011545888136,15.244547769240464,7.338912360610255
4d09672bcf5a2661eea00891bbb8191225a06619a849aece37ad10d9dedbde3e,6,38.916325602546614,619.8863119599818,2199.0,2273.0,2199.0,187.3380951166243,180.28916828841346,70.26303855254093,40.23611369295168,0.81980011432635,1.098956747320169,0.9674439067311923,0.6799628942486086,1,52.91364435448217,14,589,63,655,0.8501505162885094,1.7462680190420374,62.96558348887052,0.0,False,0.35413067360976547,0.3607843220233917,0.09318767283788,0.11764705926179886,0.6078431606292725,778.7333512678742,7.475193762111378,1.9936854721507826,0.4059162765723746,0.0881620265512654,0.8699149391222776,0.007952376216785063,3.3907529127848,11.559634611437957,7.534682787542135
4d09672bcf5a2661eea00891bbb8191225a06619a849aece37ad10d9dedbde3e,7,45.61722956436613,138.08957415565345,2043.0,2098.0,2043.0,173.09545442950497,166.78629820672654,57.528283674078466,45.686202296708394,0.6077191620336035,-0.9671067030816918,0.9737845567206864,0.742909090909091,1,51.002239067456024,22,112,72,167,0.9229060463840352,1.2592047660355274,-55.41113242539259,0.0,False,0.3402666285655922,0.3490196168422699,0.08870841374675022,0.11764705926179886,0.6470588445663452,695.1647221595049,6.627913500809257,1.8428069803665532,0.43498525611721256,0.10521122275941636,0.8450098787333855,0.011321458710170044,2.8512566863660216,10.404570315252492,7.1397854945937915
4d09672bcf5a2661eea00891bbb8191225a06619a849aece37ad10d9dedbde3e,8,42.756410256410255,110.05128205128206,78.0,83.0,78.0,31.31370849898476,32.368774286042836,11.241040349465242,8.900093338518644,0.6108453060756578,-1.5402114517696786,0.9397590361445783,0.7878787878787878,1,9.965574970333758,39,105,48,116,0.9355175912714113,1.26302499557114,-88.24761574411993,0.0,False,0.19658120091144854,0.20196078717708588,0.04030346064166535,0.11764705926179886,0.29019609093666077,15.333333671092987,41.062687268288244,5.1059672625268995,0.181875486668247,0.11645994252789874,0.5046704723778834,0.013572138920435121,19.45589341079283,62.66948112578365,6.378683946423534
4d09672bcf5a2661eea00891bbb8191225a06619a849aece37ad10d9dedbde3e,9,96.03585817888799,529.602336825141,2482.0,2542.0,2482.0,194.50966799187808,187.08824571676416,71.92104930848927,44.19639333850818,0.7889069809362375,-1.242294062966727,0.97639653815893,0.7341023365868087,1,56.21548318775419,73,497,122,566,0.8910839795493922,1.6273058472810877,-71.1782067221528,0.0,False,0.3319002782549232,0.33725491166114807,0.08383317600383494,0.11372549086809158,0.529411792755127,823.7764906287193,8.136711143606174,2.034313489823259,0.4078542525116968,0.09171668328969104,0.8701098410512113,0.008572336148578864,3.807574793698603,12.465847493513746,7.547478377349414
4d09672bcf5a2661eea00891bbb8191225a06619a849aece37ad10d9dedbde3e,10,101.48831548198636,83.71226874391431,2054.0,2115.0,2054.0,179.4386001800126,172.7999774716798,65.11594561624351,40.27762295635584,0.7857435692552527,1.1129238143537605,0.9711583924349881,0.7201963534361852,1,51.13935886268055,79,52,125,114,0.8644162852866853,1.6166779674858682,63.765837482071625,0.0,False,0.3338221049275405,0.3490196168422699,0.08081038262733863,0.11372549086809158,0.4941176474094391,685.6706035211682,10.102987231038849,2.2830624461859537,0.37629622768496507,0.08454091726391713,0.8523766168579384,0.007286769536331319,4.610716089400865,15.595258372676833,7.731857896335152
4d09672bcf5a2661eea00891bbb8191225a06619a849aece37ad10d9dedbde3e,11,113.3866248693835,354.79780564263325,1914.0,1972.0,1914.0,165.53910524340094,159.62242996113503,52.942706134418806,46.33927233821501,0.4836308426408141,-0.06916883655692622,0.9705882352941176,0.7831423895253683,1,49.36578256872974,88,331,140,378,0.943982540248469,1.1425018879883895,-3.963082408542073,0.0,False,0.3551970078155414,0.364705890417099,0.0967904434863398,0.11372549086809158,0.545098066329956,679.8470729589462,10.317657473273172,2.3680028276380556,0.3594895318036814,0.07798807311827677,0.8655942314672935,0.006211796176375994,4.5362276078785655,16.099087338667776,7.85466057383967
4d09672bcf5a2661eea00891bbb8191225a06619a849aece37ad10d9dedbde3e,12,126.24090280976509,41.650852141870104,2171.0,2246.0,2171.0,203.1370849898476,195.2675499218808,85.52219278565526,32.61000917960634,0.924449441185311,0.520841977045416,0.9666073018699911,0.5535441101478837,1,52.57568878883127,90,16,164,69,0.7154998273829886,2.6225749374869594,29.842047077952042,0.0,False,0.32649091777714756,0.33725491166114807,0.07075685766700254,0.11372549086809158,0.48627451062202454,708.8117824941874,9.445345967975697,2.234144769844166,0.3816704480260628,0.08996870946054236,0.8265291920351912,0.008253806034592498,4.311542270498002,14.579149665453391,7.566896383515153
4d09672bcf5a2661eea00891bbb8191225a06619a849aece37ad10d9dedbde3e,13,147.46823069403715,198.16715542521993,1023.0,1070.0,1023.0,132.22539674441617,128.03905383848962,53.054915691853516,24.73944594289252,0.8846272585390662,-1.1325261736626464,0.9560747663551402,0.6595744680851063,1,36.09049811604256,131,175,164,222,0.7841525973670995,2.1445474492162524,-64.88896993896977,0.0,False,0.7376382520471501,0.8705882430076599,0.19082129550381263,0.3019607961177826,0.886274516582489,754.6039318442345,46.07349779084007,3.683253592115183,0.5676547160139966,0.47835095297178803,0.6862675506473894,0.22890522898293852,17.754563501603524,74.39243208007662,4.923892918947679
4d09672bcf5a2661eea00891bbb8191225a06619a849aece37ad10d9dedbde3e,14,164.16535044422508,252.92053307008885,2026.0,2138.0,2026.0,183.8233764908628,176.9570060847947,68.11399261190866,38.24388936865729,0.827497830884018,-0.6783478366408064,0.9476145930776426,0.6603650586701434,1,50.78959851813597,136,228,195,280,0.8130434983121457,1.781042507348412,-38.86646808134803,0.0,False,0.3371290939787416,0.3490196168422699,0.08544812882585845,0.10588235408067703,0.529411792755127,683.0235444009304,9.713163273682117,2.2787020235187208,0.37134398586651607,0.08587655555786726,0.842540940322855,0.007527857065268905,4.360324818582864,15.066001728781373,7.642192265387039
4d09672bcf5a2661eea00891bbb8191225a06619a849aece37ad10d9dedbde3e,15,184.8168582375479,14.529501915708812,1305.0,1334.0,1305.0,143.9827560572969,139.1857294299842,50.91616346201653,33.91423487584031,0.7458803654032944,0.3554597062176865,0.9782608695652174,0.7310924369747899,1,40.76245338395847,157,0,208,35,0.8465077842556555,1.501321307952844,20.366340953233586,0.0,True,0.3146059734611219,0.3294117748737335,0.07066459013691766,0.125490203499794,0.45490196347236633,410.56079536676407,11.612017853424168,2.4784584896547455,0.35362800882060297,0.08509388156987238,0.8284217689332676,0.007357979828116492,5.2000092578173165,18.02402644903102,7.649234201928946
4d09672bcf5a2661eea00891bbb8191225a06619a849aece37ad10d9dedbde3e,16,227.22105672105673,406.68298368298366,2574.0,2678.0,2574.0,216.45079348883235,207.8897370651558,88.18124783946372,37.728461571171145,0.9038491382017305,-0.8315291346646969,0.9611650485436893,0.5577464788732395,1,57.24786972585363,196,374,261,445,0.7484319288833431,2.3372606294353724,-47.64310995845261,0.0,False,0.2839892224756756,0.2823529541492462,0.06700091121995927,0.10980392247438431,0.5137255191802979,730.988258652389,7.185958315335993,1.9339586820789059,0.4211719814125072,0.10584447252824203,0.8346004342564928,0.01145989058974357,3.309035870294914,11.062880760377075,7.22841729320047
4d09672bcf5a2661eea00891bbb8191225a06619a849aece37ad10d9dedbde3e,17,242.47697111631538,321.38914910226384,2562.0,2636.0,2562.0,196.79393923933998,189.25387065692755,63.01120172992571,52.05077754076706,0.5635881317776267,-0.6353999182071708,0.9719271623672231,0.7124582869855395,1,57.11426891426946,212,293,274,351,0.8988753034094743,1.210571766782432,-36.4057336162286,0.0,False,0.5131637496840293,0.5058823823928833,0.1349508159341515,0.1568627506494522,0.8313725590705872,1314.725526690483,14.138861426879066,2.761406679794668,0.32565266124407255,0.07247673335298334,0.7850651219827229,0.005349058214247795,7.052655211756065,21.22506764200207,8.085102196340491
4d09672bcf5a2661eea00891bbb8191225a06619a849aece37ad10d9dedbde3e,18,255.518059490085,659.3271954674221,2824.0,2900.0,2824.0,205.82337649086287,197.81431396210212,75.12038490977375,48.1287521291826,0.7678010777386659,-0.9164600333982088,0.9737931034482759,0.7131313131313132,1,59.96355955354968,225,626,285,692,0.9068994280192499,1.5608213715606585,-52.50929200613584,0.0,False,0.4479961781142538,0.43529412150382996,0.12764191436623082,0.12941177189350128,0.7921568751335144,1265.1412069946527,6.881783967001168,1.8792853893811508,0.4273842819466958,0.09646207987780173,0.8867939665382665,0.00947634885221824,3.3328697055586476,10.430698228443688,7.473525391525224
4d09672bcf5a2661eea00891bbb8191225a06619a849aece37ad10d9dedbde3e,19,266.18872266973534,511.74223245109323,1738.0,1821.0,1738.0,175.82337649086284,169.37253049304653,70.77072529862687,32.63506610170598,0.8873284652128657,-0.8031562692806402,0.9544206479956068,0.5747354497354498,1,47.04136827038211,241,488,297,542,0.7613312981727786,2.1685485507543487,-46.01746451925334,0.0,False,0.36403800517972235,0.3686274588108063,0.0888731510249109,0.125490203499794,0.6352941393852234,632.6980530023575,8.758214046271842,2.165586349262472,0.3855907352371284,0.099288030455165,0.8117246607403997,0.01006625150165301,4.043246373090968,13.473181719452716,7.359637825189967
4d09672bcf5a2661eea00891bbb8191225a06619a849aece37ad10d9dedbde3e,20,322.2075825825826,64.88138138138139,2664.0,2721.0,2664.0,200.50966799187808,192.77660241057526,74.21129031291287,45.97444611398872,0.7849907884234502,1.3732856803469804,0.9790518191841234,0.7602739726027398,1,58.24010771946145,300,28,348,101,0.9008146508972584,1.6141856310549976,78.68347354963385,0.0,False,0.387639117810327,0.3960784375667572,0.08978409568166563,0.12941177189350128,0.6039215922355652,1032.6706098467112,7.185762330509515,1.9232405144148506,0.4197709935881635,0.08933324853362883,0.8722809732197017,0.008152177205079433,3.325976865770568,11.045547795248464,7.480362227835124
4d09672bcf5a2661eea00891bbb8191225a06619a849aece37ad10d9dedbde3e,21,346.7032258064516,613.4661290322581,1860.0,1974.0,1860.0,180.85891039679558,177.41708167705,66.2590582706848,35.97167295740674,0.8398009583159057,-0.9851410194051883,0.9422492401215805,0.6433759944655828,1,48.66441773213158,323,585,372,644,0.7425606746833213,1.84197878005676,-56.444422637132824,0.0,False,0.35049969102906925,0.3607843220233917,0.0877226439647655,0.12156862765550613,0.5764706134796143,651.9294253140688,9.090817346151429,2.1648192339425134,0.39194402213927115,0.09090420015378836,0.8387265740989986,0.008415642153594246,4.229413603445033,13.952221088857826,7.490893370912457
4d09672bcf5a2661eea00891bbb8191225a06619a849aece37ad10d9dedbde3e,22,352.7957906712173,23.757679180887372,1758.0,1809.0,1758.0,162.8111831820431,157.036197674815,55.9836449063693,40.66251082745627,0.6873478492181657,1.3774922913415033,0.9718076285240465,0.8090197883110907,1,47.311257853120075,332,0,373,53,0.8958374058049773,1.376787703639979,78.92449460567333,0.0,True,0.3803698587081945,0.3764705955982208,0.08982667405746171,0.1411764770746231,0.6274510025978088,668.6902116090059,7.996276875716659,2.04139505734088,0.4065554330462594,0.09401058045641468,0.854215661963572,0.0090640299208758,3.5373991430009006,12.455154608432416,7.46630093299377
4d09672bcf5a2661eea00891bbb8191225a06619a849aece37ad10d9dedbde3e,23,359.7622906537007,650.7325769854133,1851.0,1911.0,1851.0,176.06601717798213,169.6025682891742,69.91877087874617,34.034225291482976,0.8735312496767357,-0.8856671381053224,0.9686028257456829,0.5909961685823755,1,48.54653846882171,333,622,387,680,0.8086329498300064,2.05436645846742,-50.74498906686518,0.0,False,0.37740067141014844,0.3960784375667572,0.09968745843820327,0.10980392247438431,0.6235294342041016,698.5686427801847,6.921472199853474,1.8937970770168513,0.4260327248004827,0.09587286510671852,0.882746633435957,0.009353641203369682,3.221710137089866,10.62123426261708,7.419736538476788
4d09672bcf5a2661eea00891bbb8191225a06619a849aece37ad10d9dedbde3e,24,361.7179356157384,244.57332652018397,1957.0,1995.0,1957.0,170.95331880577402,164.75542628767636,64.33988479509925,38.79700055386872,0.7977405984208278,1.4020497006393973,0.9809523809523809,0.7765873015873016,1,49.91722938071296,342,213,382,276,0.9059854756975233,1.6583726544985053,80.33153051421799,0.0,False,0.3870670472518729,0.40392157435417175,0.10150315966193656,0.12941177189350128,0.658823549747467,757.4902114719152,9.67510752439767,2.2580712957244136,0.3782082126183083,0.09368162724084096,0.8220360960022493,0.008971328558959888,4.178375359193671,15.171839689601674,7.434855601124502
4d09672bcf5a2661eea00891bbb8191225a06619a849aece37ad10d9dedbde3e,25,415.06697638404955,377.5915602013163,2583.0,2640.0,2583.0,198.99494936611666,191.34055910489357,74.38797353235381,44.302812184877965,0.8033077317471786,0.2733797290306648,0.9784090909090909,0.7426682001150087,1,57.347866081057674,378,354,452,401,0.8865846195264209,1.6790801726519953,15.663504677887163,0.0,False,0.2686191094080884,0.2705882489681244,0.056624567660286146,0.10980392247438431,0.43921568989753723,693.8431596010923,7.364541251985982,1.9656232760387775,0.41352778004908686,0.09838291814719448,0.8394230360173969,0.00988540381347603,3.537309455948497,11.191773048023467,7.3192642586672925
4d09672bcf5a2661eea00891bbb8191225a06619a849aece37ad10d9dedbde3e,26,419.86076555023925,48.01531100478469,2090.0,2163.0,2090.0,184.50966799187808,177.60765122707897,65.61994843153636,40.71491875896881,0.7842336867673669,-1.473017411568174,0.9662505779010634,0.7496413199426112,1,51.585566280661205,400,16,441,84,0.832593101456423,1.6116929722985482,-84.39768083214133,0.0,False,0.3681133395568891,0.37254902720451355,0.10614901928203263,0.11764705926179886,0.6549019813537598,769.3568796738982,8.160234758284748,2.092793041701969,0.39344040106194333,0.0902628508830268,0.8647298367671302,0.008337612651046192,3.4962010200772315,12.824268496492264,7.528061021264479
4d09672bcf5a2661eea00891bbb8191225a06619a849aece37ad10d9dedbde3e,27,433.79589572934,491.1092623405435,1803.0,1854.0,1803.0,165.3380951166243,159.43186041110602,59.938777775174756,38.40835785727378,0.7677135837144299,0.6703905616108772,0.9724919093851133,0.6942626107046592,1,47.9129512674548,408,467,461,516,0.8913645601188683,1.5605660100832337,38.41054980570825,0.0,False,0.3516187698384556,0.35686275362968445,0.08856490713220734,0.12156862765550613,0.5960784554481506,633.9686420187354,9.145373371773914,2.2262155553818403,0.37650004315031976,0.09037654779891363,0.8310265836053536,0.008350272538295494,4.156900040109613,14.133846703438216,7.530390076553089
4d09672bcf5a2661eea00891bbb8191225a06619a849aece37ad10d9dedbde3e,28,444.43922538112895,426.6349402554594,2427.0,2490.0,2427.0,187.3380951166243,180.28916828841346,58.29292161821399,53.47922374170109,0.3979150683479319,0.04803346059722064,0.9746987951807229,0.774904214559387,1,55.58913900279658,415,401,473,455,0.9382970909650805,1.0900106160807894,2.7521145676286816,0.0,False,0.28553770912015297,0.2862745225429535,0.07278470209078733,0.11372549086809158,0.501960813999176,693.0000200346112,6.153630452632799,1.8162449607203413,0.4276894101802525,0.09200829921931271,0.8894852003319069,0.00865649056216295,2.832372714951145,9.474888190314452,7.397596865951252
4d09672bcf5a2661eea00891bbb8191225a06619a849aece37ad10d9dedbde3e,29,442.0854898336414,261.702865064695,2164.0,2224.0,2164.0,183.58073580374355,176.72696828866705,67.45304758720918,40.88442827749399,0.7953756170606856,-1.2369947969866313,0.9730215827338129,0.7237458193979933,1,52.49085991681687,420,230,466,295,0.870685808519787,1.649846908201494,-70.87458114697606,0.0,False,0.3506614555658122,0.35686275362968445,0.08075860702020071,0.13725490868091583,0.5607843399047852,758.8313898444176,9.887643878520674,2.2602972111672934,0.3805691233974241,0.09500378830227926,0.8183800107802359,0.009206883534300905,4.575020254031438,15.200267503009906,7.499043939350169
4d09672bcf5a2661eea00891bbb8191225a06619a849aece37ad10d9dedbde3e,30,441.7231075697211,688.410358565737,502.0,510.0,502.0,95.11269837220809,92.85400946999914,38.52385344803056,17.789149776826704,0.8869998351454239,-0.07482510536403075,0.984313725490196,0.7571644042232277,1,25.281737508665255,421,679,460,696,0.7316649623319501,2.16558148822909,-4.287162738980659,0.0,True,0.2834544262414672,0.2862745225429535,0.07421264752686056,0.12156862765550613,0.47058823704719543,142.29412197321653,13.647589853448215,2.7371219728448564,0.32752664832576417,0.08418211139944506,0.7973988689518788,0.007195026109897666,5.934772416708985,21.360407290187442,7.596816635787977
4d09672bcf5a2661eea00891bbb8191225a06619a849aece37ad10d9dedbde3e,31,467.84541984732823,600.1812977099237,2096.0,2151.0,2096.0,175.6812408671319,169.23777747193338,61.509244637981496,43.54249506795088,0.706311029274571,-1.488504595164491,0.9744304974430498,0.7512544802867384,1,51.65955948094119,445,570,490,632,0.919615993620172,1.4126256325456854,-85.28503108875455,0.0,False,0.3096542514448289,0.3137255012989044,0.08623439996079318,0.10980392247438431,0.545098066329956,649.0353110283613,8.076822173663025,2.1094056752016224,0.3867118866304834,0.08470190328654378,0.8679722783915202,0.007348666655081859,3.6187777368460328,12.53486661048002,7.608333440769683
4d09672bcf5a2661eea00891bbb8191225a06619a849aece37ad10d9dedbde3e,32,509.37535816618913,447.9212034383954,698.0,717.0,698.0,105.698484809835,102.88996432695413,37.31385400962372,25.226629351768924,0.7368410381904175,1.5305245283734363,0.9735006973500697,0.786036036036036,1,29.811427376513585,496,430,520,467,0.8285510143809047,1.4791454494100784,87.69259591704872,0.0,True,0.30097759160664156,0.30980393290519714,0.0712074531743132,0.12156862765550613,0.4901960790157318,210.0823589414358,12.17510007323843,2.560240718554545,0.3454497607429229,0.08946357138842931,0.7818195732488944,0.008140737853413004,5.54665385822817,18.80354628824869,7.536073593832557
dd54adb80393de7769b9853c0aa2ee9b240905d0e99c59d4ccd99401f327aa05,1,12.856481481481481,296.74305555555554,432.0,468.0,432.0,90.9827560572969,89.33127771635137,31.944370022869446,17.941908381767053,0.8273674309867717,0.8741271610171213,0.9230769230769231,0.5934065934065934,1,23.452920571340155,1,282,27,310,0.6802781456892112,1.78043323726544,50.08379708403359,0.0,False,0.06573166519713898,0.06666667014360428,0.013509086908397038,0.0313725508749485,0.09803921729326248,28.39607936516404,20.354280994497543,3.430192032010311,0.27835471932615297,0.11426513061907456,0.6966872679451482,0.01321098016199176,10.942309508307172,29.76625248068791,6.634225618390299
dd54adb80393de7769b9853c0aa2ee9b240905d0e99c59d4ccd99401f327aa05,2,19.682888540031396,37.57927786499215,637.0,676.0,637.0,108.5685424949238,110.18858559365881,42.390122625883585,19.431940930470535,0.8887422365772564,0.37399511811946023,0.9423076923076923,0.637,1,28.479002615897535,1,25,41,50,0.6592893792279347,2.181466214700825,21.42834182674177,0.0,False,0.06882137694692873,0.07058823853731155,0.014507443473019575,0.0313725508749485,0.09803921729326248,43.839217115193605,23.650792638648543,3.7250534305614202,0.2596960927114939,0.10795946484515637,0.6689068370687794,0.011785505431860428,12.676657015599865,34.62492826169723,6.777166768272689
dd54adb80393de7769b9853c0aa2ee9b240905d0e99c59d4ccd99401f327aa05,3,19.32846715328467,482.4160583941606,548.0,588.0,548.0,98.46194077712559,102.69939477692515,37.11007988042782,19.136354452627383,0.8567905354018243,-0.39188266158819846,0.9319727891156463,0.6715686274509803,1,26.414679072721462,3,471,37,495,0.6529120050517195,1.9392450099257375,-22.453222573357273,0.0,False,0.049212825042705466,0.05098039284348488,0.011279620600528825,0.01568627543747425,0.07450980693101883,26.968628123402596,20.11455607100124,3.3030566785644124,0.3069045918368338,0.14041816358545656,0.6798247422120587,0.01987592684060581,12.000763548112173,28.228348593890306,6.144574719749515
dd54adb80393de7769b9853c0aa2ee9b240905d0e99c59d4ccd99401f327aa05,4,22.72,158.80347826086955,575.0,611.0,575.0,91.29036790187178,91.3226813893029,30.635233368794342,24.112628214039006,0.6168405730708523,-0.8006294567796111,0.9410801963993454,0.708128078817734,1,27.05758189903005,9,145,38,173,0.8664039018185395,1.2705057738566095,-45.872688827323465,0.0,False,0.0797408376828484,0.08235294371843338,0.015823685097862264,0.03529411926865578,0.11764705926179886,45.850981667637825,18.820878095444023,3.1639843618872723,0.30182172867030427,0.10626949562979943,0.6639728694085878,0.01136375590632321,10.24309431819009,27.398661872697954,6.886312234762327
dd54adb80393de7769b9853c0aa2ee9b240905d0e99c59d4ccd99401f327aa05,5,24.116743471582183,540.8771121351766,651.0,682.0,651.0,102.08326112068522,99.46251734832086,38.368696833388015,22.026886368244977,0.8187958358782618,-1.1808769172404532,0.9545454545454546,0.6767151767151767,1,28.79025779013781,12,524,38,561,0.8269361141437592,1.7419028814123352,-67.65926348229736,0.0,False,0.0469383463240622,0.0470588244497776,0.010592245606018727,0.019607843831181526,0.07450980693101883,30.556863456964493,18.222297511072256,2.9972892567284406,0.3435804785912502,0.15164477915513416,0.6990367498205707,0.023158832289314688,11.00180803404817,25.442786988096344,5.95871986130941
dd54adb80393de7769b9853c0aa2ee9b240905d0e99c59d4ccd99401f327aa05,6,28.444444444444443,3.162962962962963,135.0,142.0,135.0,48.34924240491749,49.663882163603844,20.71983443093984,8.907305626706302,0.9028799831716523,0.13936553253293008,0.9507042253521126,0.7142857142857143,1,13.110581167104948,17,0,38,9,0.6878002081423258,2.3261618383023324,7.985056823730063,0.0,True,0.06570806321170596,0.06666667014360428,0.014025900131094317,0.0313725508749485,0.08627451211214066,8.870588533580303,49.00875113559495,5.338025280736975,0.19585272298100126,0.1349154117437568,0.5071677362814686,0.018254623380217855,23.8469894154346,74.1705128557553,6.096128776303377
dd54adb80393de7769b9853c0aa2ee9b240905d0e99c59d4ccd99401f327aa05,7,31.957210776545168,608.068145800317,631.0,673.0,631.0,108.8111831820431,105.84098743051493,45.02412415414451,18.151207335642514,0.9151365376460013,-1.0084250601518814,0.937592867756315,0.5535087719298246,1,28.34456125481373,18,590,48,628,0.7078340616603801,2.480502994736507,-57.778499901928974,0.0,False,0.05417482537791582,0.054901961237192154,0.014436482332884769,0.01568627543747425,0.08627451211214066,34.18431481346488,17.668242230489653,3.155355382637317,0.3021356851965324,0.11221145928030012,0.7479573544829082,0.01273715241627624,9.513104338322103,25.823380122657202,6.679422075538435
dd54adb80393de7769b9853c0aa2ee9b240905d0e99c59d4ccd99401f327aa05,8,39.27140783744557,85.32075471698113,689.0,708.0,689.0,99.84062043356595,97.33636065425617,37.94459372124755,23.148568508190678,0.7923534017507108,0.4120311528123967,0.9731638418079096,0.7571428571428571,1,29.618609797263055,22,73,57,99,0.9138583355446017,1.639176682040688,23.60764608406021,0.0,False,0.08037223820459687,0.08235294371843338,0.014771886483387762,0.03529411926865578,0.11372549086809158,55.37647212296724,17.84109646631687,3.1264349788776418,0.2998057567776067,0.11010561287824411,0.6653201434026947,0.01220449327638555,10.635034884712548,25.04715804792119,6.828959008156817
dd54adb80393de7769b9853c0aa2ee9b240905d0e99c59d4ccd99401f327aa05,9,48.155256723716384,316.1577017114914,818.0,850.0,818.0,115.88225099390857,112.54478008385115,46.358627105121855,22.493057196157082,0.87440498176077,0.7734777510428202,0.9623529411764706,0.5975164353542732,1,32.27243324562564,30,298,67,335,0.8115447151488372,2.061019393710615,44.31701068202421,0.0,False,0.1224747153959968,0.125490203499794,0.023895444431731402,0.05098039284348488,0.1725490242242813,100.18431719392538,18.093034952676536,3.1529531499205867,0.2875918285126617,0.07747073376522773,0.6965044633018046,0.006048546803922471,9.964727124975623,26.221342780377448,7.852413647738293
dd54adb80393de7769b9853c0aa2ee9b240905d0e99c59d4ccd99401f327aa05,10,49.031980319803196,135.58548585485855,813.0,838.0,813.0,107.39696961966999,104.50022889984768,37.018013567166065,28.20498328775143,0.6476642058600623,-0.958411434911928,0.9701670644391408,0.7038961038961039,1,32.173649930800316,33,118,66,153,0.9355476800219961,1.312463588065371,-54.912930257530675,0.0,False,0.07542628588711643,0.0784313753247261,0.01790582073307267,0.027450980618596077,0.11372549086809158,61.32157042622566,18.682084442554952,3.160405639619786,0.3086769212468532,0.09857989326776513,0.7061818428817794,0.009800518744508947,9.961636922197169,27.402531962912736,7.1963296103049945
dd54adb80393de7769b9853c0aa2ee9b240905d0e99c59d4ccd99401f327aa05,11,55.81269349845201,540.0139318885449,646.0,667.0,646.0,98.91168824543142,96.45567771584422,38.083658365786874,21.81527981993528,0.8196775415984275,-0.6390578194198961,0.9685157421289355,0.6750261233019854,1,28.679483013103898,40,526,73,555,0.8725428988693814,1.745733205355688,-36.61531591759355,0.0,False,0.07103138688040592,0.07450980693101883,0.01699227810203824,0.0235294122248888,0.10980392247438431,45.88627592474222,15.68958361131111,2.9048203986174874,0.32805008154395093,0.1066841512419376,0.7336053602281467,0.011471566035533431,9.025650727380391,22.353516495241827,7.0112817707671375
dd54adb80393de7769b9853c0aa2ee9b240905d0e99c59d4ccd99401f327aa05,12,59.93637846655791,561.0554649265905,613.0,635.0,613.0,107.63961030678928,104.73026669597533,47.1800529207796,16.62140785128066,0.9358881202803877,-0.5287026498090016,0.9653543307086614,0.5339721254355401,1,27.937355653723827,40,548,81,576,0.7023052575353549,2.838511234603056,-30.292430451438932,0.0,False,0.07346064244589934,0.07450980693101883,0.01818261662276126,0.027450980618596077,0.11372549086809158,45.031373819336295,16.981490832865497,3.0930777267566425,0.3006019051576836,0.09029985505363786,0.7679314782342165,0.008251226488807214,9.278733488733483,24.684248176997507,7.274400483980113
dd54adb80393de7769b9853c0aa2ee9b240905d0e99c59d4ccd99401f327aa05,13,68.19297036526534,620.2694693314955,1451.0,1638.0,1451.0,187.23759005323595,180.193883513399,62.46216071797829,33.32348772997113,0.845800822532994,-0.9000556666145342,0.8858363858363858,0.5182142857142857,1,42.982212360588434,44,589,94,645,0.5615613197065175,1.874418464961573,-51.56939102384668,0.0,False,0.10061215647181135,0.10196078568696976,0.028551380767330835,0.019607843831181526,0.18039216101169586,145.98823904059827,14.002652972924146,2.7940180978983475,0.31875101663831706,0.08335571245532171,0.7316612706431151,0.007049606320306215,7.146780039687873,20.858525906160423,7.746825370782941
dd54adb80393de7769b9853c0aa2ee9b240905d0e99c59d4ccd99401f327aa05,14,65.90416666666667,351.88055555555553,720.0,741.0,720.0,107.7401153701776,104.82555147098985,43.97819826254768,21.107359837470046,0.8772955504252073,0.48366020666616366,0.97165991902834,0.6593406593406593,1,30.277590264241923,46,339,85,367,0.8233946650392072,2.0835480420662105,27.711688560396343,0.0,False,0.08021242051488824,0.08235294371843338,0.016194442652649844,0.0313725508749485,0.12156862765550613,57.75294277071953,16.25268117566854,2.880405128691014,0.3386386686091053,0.11192614900134391,0.6503508064626782,0.012630504172083782,10.438671503359876,22.066690847977203,6.889850236292185
dd54adb80393de7769b9853c0aa2ee9b240905d0e99c59d4ccd99401f327aa05,15,77.22068965517241,435.5634482758621,1450.0,1500.0,1450.0,146.7462120245875,142.00199951243187,52.601947783248875,35.164534962585165,0.7437098713939511,0.5906992954468974,0.9666666666666667,0.7192460317460317,1,42.96739856991561,54,415,102,457,0.9036264755254179,1.4958806604215584,33.8445765904585,0.0,False,0.08331034682305723,0.08627451211214066,0.01913412195305783,0.0235294122248888,0.125490203499794,120.80000289343297,18.56520458221784,3.0025877889686456,0.32987471201266627,0.10468550775663649,0.6333907630719416,0.011022223498523904,10.509308286743876,26.621100877691806,7.264134834688733
dd54adb80393de7769b9853c0aa2ee9b240905d0e99c59d4ccd99401f327aa05,16,68.96825396825396,659.4186507936508,504.0,522.0,504.0,83.11269837220809,81.47729608237688,29.685270465973048,21.751756245777827,0.6805024926075223,-0.27334861157484663,0.9655172413793104,0.8181818181818182,1,25.332049473868512,56,649,84,671,0.9540413196387945,1.364729823677349,-15.661721778999596,0.0,False,0.09540149601294644,0.09803921729326248,0.02178328964787641,0.03529411926865578,0.14901961386203766,48.08235399052501,14.492933315987067,2.867438698746962,0.3046287550558486,0.08157245842562648,0.7251312317564036,0.006703924853701783,7.93740425735743,21.048462374616705,7.6080377622936455
dd54adb80393de7769b9853c0aa2ee9b240905d0e99c59d4ccd99401f327aa05,17,72.58292282430213,162.83908045977012,609.0,638.0,609.0,94.32590180780451,92.10807955270036,31.737286857283788,24.640407356487167,0.6302568481858655,-1.2050038416869013,0.9545454545454546,0.7275985663082437,1,27.846056861676377,60,148,87,179,0.9020522661272419,1.2880179454065803,-69.04163442570986,0.0,False,0.10538652532218615,0.11372549086809158,0.025920973407456506,0.027450980618596077,0.15294118225574493,64.18039392121136,19.9396335106027,3.353047454140904,0.2678684754784207,0.08052699808842106,0.6819232508739717,0.0065268082477259615,10.644922253379983,29.23434476782542,7.742903158765904
dd54adb80393de7769b9853c0aa2ee9b240905d0e99c59d4ccd99401f327aa05,18,89.92679002413516,496.1053901850362,1243.0,1341.0,1243.0,159.19595949289334,153.60875069618174,58.34803074639958,28.755244963002795,0.8701296466920362,0.3234051391759438,0.9269202087994034,0.6528361344537815,1,39.7823673768393,64,478,120,512,0.661986417214733,2.029126540965712,18.52974954762258,0.0,False,0.0898111798378698,0.09019608050584793,0.01970070141615441,0.0313725508749485,0.1411764770746231,111.63529653847218,14.24518570274164,2.8390581973271383,0.31212080434771844,0.08435740127610078,0.7191287119991016,0.007182818096321739,8.279047741551443,20.211323663931836,7.647568948866253
dd54adb80393de7769b9853c0aa2ee9b240905d0e99c59d4ccd99401f327aa05,19,86.71139971139971,295.94516594516597,693.0,725.0,693.0,105.49747468305833,102.69939477692515,38.98896855779274,22.878635478311086,0.8097336026982763,0.4765764464559765,0.9558620689655173,0.6875,1,29.70446102021492,68,283,104,311,0.8256715684321927,1.7041649443977647,27.305818997269913,0.0,False,0.0918824112346506,0.0941176488995552,0.017749003759219485,0.03529411926865578,0.12941177189350128,63.67451098561287,18.580642972051947,3.1343205269156993,0.30635231624503445,0.10234749777086063,0.6305991676223532,0.010527393022067668,11.346477459478903,25.81480848462499,7.073778833968131
dd54adb80393de7769b9853c0aa2ee9b240905d0e99c59d4ccd99401f327aa05,20,85.5583038869258,269.80035335689047,566.0,589.0,566.0,90.01219330881975,88.41112653184076,30.611315975119023,23.759559936265518,0.630524708651644,-1.0633698322525997,0.9609507640067911,0.7774725274725275,1,26.844991754889815,73,256,99,284,0.9099393502552512,1.2883789117825912,-60.92660344960829,0.0,False,0.1109540670017577,0.11764705926179886,0.02587204068319784,0.03529411926865578,0.16470588743686676,62.80000192299485,21.279828279364047,3.488446166060556,0.2653248334525053,0.08342150962539638,0.6404273277136674,0.0070183369830276125,11.936117945988137,30.623538612739956,7.750038495279535
dd54adb80393de7769b9853c0aa2ee9b240905d0e99c59d4ccd99401f327aa05,21,96.18264014466546,687.005424954792,553.0,582.0,553.0,100.42640687119285,97.89172102152595,41.01225744001587,17.324249703531205,0.906401894348192,0.014290821203220944,0.9501718213058419,0.8132352941176471,1,26.534910368014152,77,679,117,696,0.725175407434048,2.3673323890994444,0.818803740720629,0.0,True,0.17990994232472632,0.18431372940540314,0.03493561133718918,0.0784313753247261,0.24705882370471954,99.49019810557365,21.581886510367028,3.5448779941614164,0.25832324135468077,0.0867815312486258,0.6660111618318675,0.007576506546562917,10.494629364184576,32.66914365654947,7.613435189176196
dd54adb80393de7769b9853c0aa2ee9b240905d0e99c59d4ccd99401f327aa05,22,97.31687242798354,35.76680384087791,729.0,748.0,729.0,100.66904755831214,98.12175881765361,35.93820642756159,26.089094561850164,0.6877547177271477,-0.2741868541183646,0.9745989304812834,0.7714285714285715,1,30.46623751157884,81,24,116,51,0.9514955112381263,1.377518347459773,-15.709749538951485,0.0,False,0.08749025180394185,0.08627451211214066,0.01985106222911398,0.027450980618596077,0.13333334028720856,63.78039356507361,13.768907505559143,2.7615610796690913,0.3231734701405523,0.08546651149879901,0.7457976473221972,0.0073683022202812335,7.863805861003289,19.674009150114998,7.479602666904585
dd54adb80393de7769b9853c0aa2ee9b240905d0e99c59d4ccd99401f327aa05,23,108.99349593495936,568.3626016260163,615.0,642.0,615.0,98.66904755831214,96.22563991971657,38.218628114510324,20.76260503184798,0.8395653072192562,-0.3063919837889736,0.9579439252336449,0.7226792009400705,1,27.982893345973448,90,557,127,580,0.8346480132627768,1.8407433968852351,-17.554967547748923,0.0,False,0.09011318544910206,0.09019608050584793,0.015475003668100942,0.0470588244497776,0.12941177189350128,55.41960905119777,18.49839968910929,3.2667314715285465,0.29100552069514873,0.10226427630666438,0.6547610937862576,0.010542808514673806,10.436396691924848,26.560402686293735,7.002852911887288
dd54adb80393de7769b9853c0aa2ee9b240905d0e99c59d4ccd99401f327aa05,24,120.95693135935397,87.41453566621803,743.0,880.0,743.0,130.29646455628165,126.60301053280789,44.09658279201231,23.91137790238879,0.8402171105164803,0.3701752939702481,0.8443181818181819,0.5528273809523809,1,30.757389059187485,100,71,142,103,0.5825196926859063,1.844167365512089,21.209482024509768,0.0,False,0.09217006004694975,0.0941176488995552,0.02709380163679532,0.0235294122248888,0.14901961386203766,68.48235461488366,16.89565762207108,3.1279781026859013,0.28292712645102014,0.07581994223613565,0.7665029904418863,0.005831511301834505,8.281038597076545,25.510276647065616,7.95011524521149
dd54adb80393de7769b9853c0aa2ee9b240905d0e99c59d4ccd99401f327aa05,25,117.06003430531733,607.0943396226415,583.0,625.0,583.0,95.01219330881976,92.75872469498464,33.12346610134373,23.644477453572772,0.7003204473596746,-0.3270097247276483,0.9328,0.7233250620347395,1,27.245158369526866,104,596,135,622,0.8514690779026028,1.400896516591812,-18.73627708662908,0.0,False,0.094104196384268,0.0941176488995552,0.0229516816840359,0.03921568766236305,0.1568627506494522,54.862746492028236,13.99041792613904,2.8559395085348003,0.30512481583628076,0.07872721201622801,0.7838251851671882,0.006286744126574808,7.257314839238277,20.7235210130398,7.674135677946212
dd54adb80393de7769b9853c0aa2ee9b240905d0e99c59d4ccd99401f327aa05,26,124.36864406779661,664.2690677966102,472.0,488.0,472.0,80.76955262170047,79.25585461329771,28.095682376405293,21.41308562400317,0.6474020984509972,-0.47488623655777806,0.9672131147540983,0.7600644122383253,1,24.514670406003766,111,653,138,676,0.9442547018041153,1.3120800462737239,-27.208977103611907,0.0,False,0.11551180153580035,0.11764705926179886,0.02429991090038548,0.054901961237192154,0.16078431904315948,54.521570324897766,26.05922298105849,3.8681353138833168,0.24737756582889342,0.07287000878472447,0.6786467502458623,0.005342619263481155,13.187037702189283,38.9314082599277,7.867084604183219
dd54adb80393de7769b9853c0aa2ee9b240905d0e99c59d4ccd99401f327aa05,27,127.06529209621993,195.58591065292097,582.0,639.0,582.0,100.08326112068522,98.35179661378127,34.68908440474437,22.10844927825054,0.770589674143887,-0.5575997493408827,0.9107981220657277,0.6271551724137931,1,27.221781995965376,112,182,144,211,0.7560808759605998,1.569041951706228,-31.948112294785187,0.0,False,0.11551782579074815,0.11764705926179886,0.034099383456525065,0.0313725508749485,0.20000000298023224,67.23137461021543,14.878028498735484,2.99746406762969,0.2878299564340995,0.0779950317183733,0.7735636257012148,0.006146031149547206,7.928038138709148,21.82801885876182,7.788198465864324
dd54adb80393de7769b9853c0aa2ee9b240905d0e99c59d4ccd99401f327aa05,28,130.20042643923242,216.7590618336887,469.0,510.0,469.0,89.25483399593904,87.30040579730118,33.229356037333176,18.41512451335724,0.8323952545039653,-0.8801535327211053,0.9196078431372549,0.6012820512820513,1,24.436639426909572,118,202,144,232,0.773303866893935,1.8044600248687195,-50.429082748448934,0.0,False,0.1343868933062055,0.13333334028720856,0.03224880591706178,0.05098039284348488,0.20392157137393951,63.02745296061039,24.552380764971325,3.8036030790348203,0.24089748008369777,0.07525531218294876,0.6454126086842831,0.005696681349705754,13.649474848373846,35.455286681568815,7.900067427353027
dd54adb80393de7769b9853c0aa2ee9b240905d0e99c59d4ccd99401f327aa05,29,134.29944547134934,276.48428835489835,541.0,567.0,541.0,88.08326112068522,86.18968506276158,29.702206218472046,23.40387625319803,0.615738243449399,0.6340018269979438,0.9541446208112875,0.6909323116219668,1,26.245429958408437,120,264,149,291,0.9151589714451711,1.2691148208585052,36.325628890565554,0.0,False,0.11443587025548306,0.11764705926179886,0.025399145586464666,0.0470588244497776,0.18039216101169586,61.90980580821633,15.925010292097653,3.1014908098286327,0.272760387469296,0.07964299676324177,0.7145893700976587,0.006394050044186779,8.851826604240205,22.9981939799551,7.70177813305145
dd54adb80393de7769b9853c0aa2ee9b240905d0e99c59d4ccd99401f327aa05,30,131.66385135135135,375.4087837837838,592.0,628.0,592.0,95.1543289325507,92.89347771609779,31.518078098358465,24.520139876434595,0.62830061218497,1.214393570637652,0.9426751592356688,0.7308641975308642,1,27.45465007031079,120,360,147,390,0.8621069106758515,1.2853955261751722,69.57962626535968,0.0,False,0.10250397693567179,0.10588235408067703,0.021402163270784796,0.04313725605607033,0.14901961386203766,60.6823543459177,23.411296727454726,3.760738379980149,0.24200702462640963,0.07866135394263868,0.6292833970210466,0.006223445916400073,12.75389009969909,34.06870335521036,7.738583522151156
dd54adb80393de7769b9853c0aa2ee9b240905d0e99c59d4ccd99401f327aa05,31,137.2056856187291,67.11204013377926,598.0,625.0,598.0,93.49747468305833,91.32268138930291,30.84785281844538,24.889598021402417,0.5907560074374567,-0.6014442714752831,0.9568,0.7637292464878672,1,27.59342761875783,123,54,152,81,0.9010600578912811,1.23938734534481,-34.46021836785425,0.0,False,0.10916781749414362,0.10980392247438431,0.02894719961355033,0.03529411926865578,0.16862745583057404,65.28235486149788,18.472313014576592,3.2550597482523695,0.27678760532497093,0.07310423138572963,0.7505642551637329,0.005393011831070824,9.564034615522994,27.380591413630192,7.96362422079424
dd54adb80393de7769b9853c0aa2ee9b240905d0e99c59d4ccd99401f327aa05,32,148.59477866061295,113.49035187287174,881.0,902.0,881.0,110.32590180780451,107.27703073619668,37.33516007093168,30.53755383601257,0.5753175092663384,-0.08044904054730874,0.9767184035476718,0.7680906713164778,1,33.49214891450948,129,98,166,129,0.9619938234448319,1.2225982562788893,-4.609390489237621,0.0,False,0.08419131756116394,0.08627451211214066,0.01834883981240681,0.0313725508749485,0.125490203499794,74.17255077138543,15.636389789403037,2.8926886860819794,0.3256717191237392,0.09728604512200721,0.7249734113037871,0.009548474352937281,8.953725698947094,22.319053879858977,7.253231489844496
dd54adb80393de7769b9853c0aa2ee9b240905d0e99c59d4ccd99401f327aa05,33,144.0051724137931,620.0034482758621,580.0,604.0,580.0,90.42640687119285,88.41112653184076,30.889738433764883,24.183265654865124,0.6221602144357442,-1.0544998015057707,0.9602649006622517,0.7407407407407407,1,27.17496892263898,132,606,159,635,0.9324466840071477,1.2773187407611581,-60.41838812366371,0.0,False,0.09444219319727915,0.09019608050584793,0.024354493203032627,0.03921568766236305,0.16470588743686676,54.7764720544219,13.330428081161356,2.6318235002022545,0.3441302309284763,0.09164146773153092,0.7886641019540543,0.008487173144068,7.450814828380057,19.21004133394266,7.556520305492893
dd54adb80393de7769b9853c0aa2ee9b240905d0e99c59d4ccd99401f327aa05,34,156.638985005767,426.8800461361015,867.0,896.0,867.0,111.49747468305833,108.38775147073628,40.284416542785884,27.562640584430675,0.7292934297172716,-0.20527608063456335,0.9676339285714286,0.76657824933687,1,33.224970809398556,137,412,176,441,0.9274031097228976,1.4615586782908372,-11.76145305534765,0.0,False,0.08550557678494486,0.08627451211214066,0.015966838842179684,0.03529411926865578,0.12156862765550613,74.1333350725472,14.233558158202456,2.790846519730641,0.33009939451092196,0.10918066101706861,0.7209069376473415,0.011989767862485378,8.832996239510528,19.634120076894384,6.883124353604772
dd54adb80393de7769b9853c0aa2ee9b240905d0e99c59d4ccd99401f327aa05,35,143.16666666666666,357.06060606060606,66.0,74.0,66.0,31.349242404917497,32.5988120821705,9.98976720834635,8.797630752779881,0.4737409579563753,-0.5887342888040806,0.8918918918918919,0.7333333333333333,1,9.166995688475081,139,353,149,362,0.7804592831570711,1.1355065345507684,-33.731990003109935,0.0,False,0.0614973282949491,0.062745101749897,0.012955377272171654,0.03529411926865578,0.09019608050584793,4.0588236674666405,47.37663787343547,5.543481555352684,0.16485073481786938,0.1443595441212615,0.42135042968920433,0.02090257496740079,29.95758580085205,64.79568994601888,5.7730310161059535
dd54adb80393de7769b9853c0aa2ee9b240905d0e99c59d4ccd99401f327aa05,36,156.48608137044968,373.46466809421844,467.0,550.0,467.0,98.08326112068524,95.6702795524468,36.896804587974856,17.508852375164395,0.8802362375356524,0.5748179734147313,0.8490909090909091,0.566060606060606,1,24.384480051691096,140,360,173,385,0.641169209940129,2.107322844317969,32.93464386492726,0.0,False,0.09796364138768368,0.10196078568696976,0.01938643659247913,0.04313725605607033,0.1411764770746231,45.74902052804828,23.85908876255315,3.666515972200157,0.260364948897047,0.085583143213639,0.6018755919533402,0.007372409522895208,12.345651811316419,35.37252571378988,7.463616490069764
dd54adb80393de7769b9853c0aa2ee9b240905d0e99c59d4ccd99401f327aa05,37,169.79004149377593,567.4796680497925,1205.0,1291.0,1205.0,145.53910524340097,140.66124098176465,53.50462333940004,29.35685054138467,0.8360332620067541,-0.39628911597675803,0.9333849728892332,0.6620879120879121,1,39.16955005365611,143,550,195,585,0.7653287385124647,1.8225600618831368,-22.70569381243864,0.0,False,0.09472622449096307,0.09803921729326248,0.020232182259147826,0.03529411926865578,0.14509804546833038,114.14510051161051,15.56091888580657,2.9751318974849945,0.2993612517415818,0.08196286063731198,0.7042238648734924,0.006779860703606073,8.482955819716171,22.63888195189697,7.7014818632233215
dd54adb80393de7769b9853c0aa2ee9b240905d0e99c59d4ccd99401f327aa05,38,160.84547461368655,657.8035320088301,453.0,468.0,453.0,78.76955262170047,77.35973571536067,28.89199880197004,20.024626158659636,0.7208553634412667,1.075695723961095,0.967948717948718,0.7626262626262627,1,24.016192740836935,150,645,172,672,0.9512137319752015,1.4428233802245398,61.63282502324036,0.0,False,0.12041726520914116,0.11372549086809158,0.03215487480739161,0.0470588244497776,0.1921568661928177,54.549021139740944,19.950769777085537,3.369593484362513,0.2774172802001108,0.0806045164946479,0.7556624666022942,0.0065750148998018,10.0685878202855,29.832951733885576,7.794177168759308
dd54adb80393de7769b9853c0aa2ee9b240905d0e99c59d4ccd99401f327aa05,39,179.09398907103824,24.31584699453552,915.0,941.0,915.0,121.05382386916236,117.44773861426482,49.07296751920817,23.757318697286603,0.8750003331286772,-0.5558391491876779,0.9723698193411264,0.6448202959830867,1,34.13230410377644,158,8,201,41,0.8335691627447972,2.0655936869177474,-31.84723733659646,0.0,False,0.11576985228664237,0.11764705926179886,0.022288179091327055,0.0470588244497776,0.1882352977991104,105.92941484227777,12.33168872930332,2.6641172203339423,0.31939638682130217,0.08856600180235139,0.6923783921452251,0.007941507945937277,6.620724264467398,18.04265319413924,7.476051488710551
dd54adb80393de7769b9853c0aa2ee9b240905d0e99c59d4ccd99401f327aa05,40,181.84964028776977,302.38129496402877,1390.0,1504.0,1390.0,156.61017305526642,151.1572714309749,45.13746809685995,41.39066632192358,0.39890716252462094,1.0710203042581115,0.9242021276595744,0.7521645021645021,1,42.06902622098444,160,281,202,325,0.7644807897354455,1.0905228668172413,61.3649432068071,0.0,False,0.09612075279486908,0.09803921729326248,0.02603471091584137,0.0235294122248888,0.16862745583057404,133.60784638486803,10.87221307297368,2.433662335174131,0.3574662877090092,0.10176369942009587,0.77695121669074,0.010483330517474836,6.011134739799612,15.733291406147753,7.394731276427606
dd54adb80393de7769b9853c0aa2ee9b240905d0e99c59d4ccd99401f327aa05,41,188.54623655913977,160.5010752688172,930.0,965.0,930.0,124.8111831820431,121.00993861401128,50.19826534205787,23.958318144383632,0.878754627459353,0.33153124844350845,0.9637305699481865,0.6778425655976676,1,34.41093978088511,165,147,214,175,0.798087909002445,2.0952332730344625,18.995341312516178,0.0,False,0.09012439581014776,0.09019608050584793,0.02205316598597616,0.027450980618596077,0.13725490868091583,83.81568810343742,12.86281294991332,2.6724509767791256,0.3263760056281976,0.0822066875563909,0.7893498965663914,0.00683549610251767,7.0685716573228845,18.657054242503754,7.614618438820502
dd54adb80393de7769b9853c0aa2ee9b240905d0e99c59d4ccd99401f327aa05,42,180.74119241192412,482.47831978319783,738.0,759.0,738.0,100.91168824543142,98.35179661378126,34.54566727011726,27.43289486969822,0.6077802992164532,0.595100971099824,0.9723320158102767,0.7439516129032258,1,30.653723819701746,166,467,198,498,0.9587417293108641,1.2592789581341506,34.09677402815669,0.0,False,0.09893193373552506,0.09803921729326248,0.028561768509981,0.03921568766236305,0.1725490242242813,73.0117670968175,11.208299759175624,2.4545166904293962,0.36240576667870844,0.09757320767360375,0.8590839680143416,0.009635503710958095,5.65255181775534,16.76404770059591,7.560895434896922
dd54adb80393de7769b9853c0aa2ee9b240905d0e99c59d4ccd99401f327aa05,43,181.3001508295626,523.3815987933635,663.0,691.0,663.0,96.66904755831213,94.32952102177954,32.47105300965978,26.432439643902274,0.580821605176462,-0.3988654833787007,0.959479015918958,0.7399553571428571,1,29.054394128245264,166,511,198,539,0.9363282657027479,1.228454635558037,-22.853308791045038,0.0,False,0.08551149167468824,0.08627451211214066,0.016295435446824207,0.03529411926865578,0.12156862765550613,56.69411898031831,17.549534517425656,3.1872101792782717,0.28713721685545135,0.1021573059282866,0.6665159058120045,0.010489982053883193,9.981457335856131,25.117611698995177,7.058706087161306
dd54adb80393de7769b9853c0aa2ee9b240905d0e99c59d4ccd99401f327aa05,44,179.5440414507772,376.6062176165803,193.0,209.0,193.0,51.798989873223334,51.79003885766855,17.32479775338677,14.4807336475888,0.5489753512197856,-0.11620089102559486,0.9234449760765551,0.7658730158730159,1,15.67594437773643,171,370,189,384,0.9042212295441822,1.196403315951574,-6.65782063142619,0.0,False,0.06987707230016357,0.07058823853731155,0.013598351725919434,0.03529411926865578,0.09803921729326248,13.48627495393157,30.424277434036746,4.311643311874408,0.22891583571712,0.1162194246827726,0.5931250265028267,0.013640614727912921,17.591737463224362,43.25681740484914,6.535889395278856
dd54adb80393de7769b9853c0aa2ee9b240905d0e99c59d4ccd99401f327aa05,45,196.00631313131314,236.4090909090909,792.0,824.0,792.0,111.05382386916237,107.96714412457962,41.98155244208851,24.451605917031873,0.812875906476972,-0.45432506194467825,0.9611650485436893,0.6387096774193548,1,31.755404570407364,176,221,216,252,0.8537914824484772,1.7169241392380723,-26.030908576449754,0.0,False,0.10032184848166777,0.10196078568696976,0.025432491063186857,0.03529411926865578,0.16078431904315948,79.45490399748087,16.151318516989015,2.966215642177592,0.307868830164137,0.0810202304848207,0.7346463300979069,0.006634170899322499,8.8418607299804,23.460776303997626,7.766617625161327
dd54adb80393de7769b9853c0aa2ee9b240905d0e99c59d4ccd99401f327aa05,46,194.65797101449274,689.5797101449275,345.0,361.0,345.0,82.66295090390227,81.24725828624923,32.60574227013489,14.490956581307815,0.8958137875231084,0.13641139637605573,0.9556786703601108,0.7247899159663865,1,20.958712816717327,180,682,214,696,0.6567673131266553,2.250075216717833,7.815797289834166,0.0,True,0.1458141559060069,0.14901961386203766,0.03385825865395632,0.06666667014360428,0.20392157137393951,50.305883787572384,22.065120395466227,3.6734639735610957,0.24278936090345082,0.07486126698372719,0.765456898700762,0.0056359262033496265,10.859274702532382,33.27096608840007,7.8061146741894145
dd54adb80393de7769b9853c0aa2ee9b240905d0e99c59d4ccd99401f327aa05,47,203.4593837535014,200.78991596638656,714.0,743.0,714.0,106.32590180780451,103.48479294032258,41.46302199137886,22.095947726114755,0.8461736190011219,-0.35740758130123235,0.9609690444145357,0.7226720647773279,1,30.15116971098976,185,188,223,214,0.8378282612994601,1.8764989175990197,-20.477945974539452,0.0,False,0.1076673841787403,0.11372549086809158,0.029938193718545367,0.03529411926865578,0.16862745583057404,76.87451230362058,18.444723925945567,3.234533009568134,0.2859956517298988,0.0850593368768829,0.7585815394965013,0.007299711385348889,9.274145407819688,27.615302444071446,7.817925291545385
dd54adb80393de7769b9853c0aa2ee9b240905d0e99c59d4ccd99401f327aa05,48,198.11470113085622,631.7819063004847,619.0,638.0,619.0,92.08326112068524,89.98192285863566,30.424461874622473,26.02219070364165,0.5181250454857947,0.4622715599760603,0.9702194357366771,0.7641975308641975,1,28.07374713484229,183,619,213,646,0.9607048296060294,1.16917373410705,26.48620937555696,0.0,False,0.09059520598398657,0.0941176488995552,0.01816722260595667,0.03529411926865578,0.13725490868091583,56.07843250408769,16.76386728793088,3.0854410667431615,0.29494105193216774,0.09648887360069788,0.6436672021457696,0.00935402171531895,9.873351347975102,23.65438322788666,7.264326124768102
dd54adb80393de7769b9853c0aa2ee9b240905d0e99c59d4ccd99401f327aa05,49,200.67980884109917,105.389486260454,837.0,868.0,837.0,113.1543289325507,109.95854779753117,41.88015330870095,25.511110310082802,0.793058422453832,-1.400350293303885,0.9642857142857143,0.7664835164835165,1,32.64508384034771,188,85,214,127,0.8699160243961328,1.641643691695715,-80.23416164621955,0.0,False,0.08711786020053117,0.08627451211214066,0.023635097090939788,0.027450980618596077,0.1411764770746231,72.91764898784459,12.803189517764071,2.6851999209155206,0.3230836395855941,0.07518268536014061,0.7993858647411822,0.005733105364841078,6.819192019540047,18.787187015988096,7.856772520904354
dd54adb80393de7769b9853c0aa2ee9b240905d0e99c59d4ccd99401f327aa05,50,214.61166253101737,370.4032258064516,806.0,849.0,806.0,118.81118318204308,115.32158192020013,49.332378940019815,21.177538565276713,0.9031701574230172,0.42435810835657206,0.9493521790341578,0.6106060606060606,1,32.03484154879717,194,355,238,385,0.7615943674669484,2.3294670807922206,24.31392861098685,0.0,False,0.11536515689924101,0.11764705926179886,0.031170620872498597,0.03529411926865578,0.18431372940540314,92.98431646078825,14.743798339359323,2.928509920670326,0.3009273756532102,0.0782808025617957,0.7895949715144993,0.006231727689986583,7.607601553531472,21.879995125187172,7.810204436639202
dd54adb80393de7769b9853c0aa2ee9b240905d0e99c59d4ccd99401f327aa05,51,210.06765676567656,536.3250825082508,606.0,637.0,606.0,94.32590180780451,92.10807955270036,34.40619451107353,22.938737011041678,0.7453228717059907,0.795691990231635,0.9513343799058085,0.6733333333333333,1,27.777385840094972,196,521,226,551,0.8976086589049401,1.499916690902029,45.58979283263741,0.0,False,0.09199508380378434,0.0941176488995552,0.017629051091745396,0.04313725605607033,0.13333334028720856,55.74902078509331,17.169354240588955,3.1028238562698767,0.29894160529826297,0.0930221610193517,0.7131058564181015,0.008719502894655388,10.156594304758016,24.182114176419894,7.25253401687214
dd54adb80393de7769b9853c0aa2ee9b240905d0e99c59d4ccd99401f327aa05,52,214.95219638242895,437.2622739018088,774.0,814.0,774.0,114.81118318204308,111.52934412432606,46.22487888022508,21.491766278295415,0.8853425201193128,0.8063528534530859,0.9508599508599509,0.5976833976833977,1,31.39247374172695,198,420,233,457,0.7819383764795519,2.1508180519768487,46.20061530119279,0.0,False,0.1205451725825706,0.12156862765550613,0.030195034114144946,0.0470588244497776,0.20392157137393951,93.30196357890964,14.581670427637201,2.9664238581665807,0.28967350565676536,0.08159609453776269,0.7552389269586883,0.006771344025045277,6.736789005061471,22.42655185021293,7.6764275483105635
dd54adb80393de7769b9853c0aa2ee9b240905d0e99c59d4ccd99401f327aa05,53,230.52083333333334,599.8729166666667,960.0,996.0,960.0,120.91168824543142,117.31298559315167,45.46805324183854,26.97265505115221,0.8050388272302544,-0.03475227601297474,0.963855421686747,0.7901234567901234,1,34.961549778946534,208,587,253,614,0.876574679885452,1.6857092175616673,-1.9911587440171803,0.0,False,0.08570261643423388,0.09019608050584793,0.01608738724617517,0.0313725508749485,0.12156862765550613,82.27451177686453,13.311449020122627,2.720085418849538,0.3302079818926762,0.1102102121138234,0.7175781439721294,0.012212477006087939,8.325018377918669,18.29787966232659,6.913472430416649
dd54adb80393de7769b9853c0aa2ee9b240905d0e99c59d4ccd99401f327aa05,54,227.65616797900262,563.005249343832,381.0,396.0,381.0,73.94112549695429,72.78209975608914,28.245922067290092,17.18886327545828,0.7935207599126614,-0.38633455548991674,0.9621212121212122,0.7426900584795322,1,22.025082668269306,214,554,241,573,0.9038277643547893,1.6432687615602093,-22.13533950963494,0.0,False,0.14026041261441125,0.14901961386203766,0.03314813012350105,0.05882352963089943,0.21960784494876862,53.43921720609069,19.642762075592668,3.2399280404538633,0.2965302211186859,0.10042512476962086,0.6993447593401597,0.010133356285370817,10.879845275228384,28.40567887595695,7.354355689681291
dd54adb80393de7769b9853c0aa2ee9b240905d0e99c59d4ccd99401f327aa05,55,233.0023419203747,495.5327868852459,854.0,885.0,854.0,112.5685424949238,109.40318743026137,40.58400071532216,27.01953160158639,0.746158752835929,0.42235035800905146,0.9649717514124294,0.7491228070175439,1,32.97493853222215,215,480,253,510,0.8966186833408633,1.502024584058273,24.198892989757994,0.0,False,0.08621022380905911,0.09019608050584793,0.016357152328643477,0.03529411926865578,0.12941177189350128,73.62353113293648,12.546180194594863,2.598961267163081,0.3473479787754865,0.10359902848133823,0.7260013612377696,0.010811566081307209,7.422597627366964,17.66976276182276,7.020072923694327
dd54adb80393de7769b9853c0aa2ee9b240905d0e99c59d4ccd99401f327aa05,56,229.98324742268042,85.64432989690722,776.0,807.0,776.0,110.42640687119285,107.37231551121116,42.60606727165423,23.748547129838173,0.8302452627428624,1.3808618896001033,0.9615861214374225,0.7886178861788617,1,31.433006326383836,219,64,243,105,0.8458375232539028,1.7940494228433486,79.11755836454574,0.0,False,0.09458257722879578,0.09803921729326248,0.022021943415402593,0.027450980618596077,0.1411764770746231,73.39607992954552,13.90946959089407,2.76604616243775,0.3207133983242828,0.08569077676448786,0.7330109593649368,0.007403738389868577,7.936307432153775,19.882631749634367,7.5921059874365575
dd54adb80393de7769b9853c0aa2ee9b240905d0e99c59d4ccd99401f327aa05,57,236.50982658959538,292.0393063583815,865.0,892.0,865.0,113.7401153701776,110.51390816480097,42.13282605698149,26.412268970694246,0.7791150023357297,1.1571116788545692,0.9697309417040358,0.7393162393162394,1,33.186626918021,221,274,251,313,0.8900042832178569,1.5951990381337553,66.29761562366392,0.0,False,0.09852884710696391,0.10196078568696976,0.022913281389437785,0.0313725508749485,0.1411764770746231,85.22745274752378,17.12838771326455,2.9800291780036154,0.3153984533633985,0.08507294376576685,0.7202166510532354,0.007294561182830353,9.944872547348432,24.311902879180668,7.598546932197052
dd54adb80393de7769b9853c0aa2ee9b240905d0e99c59d4ccd99401f327aa05,58,243.04251968503937,132.33070866141733,635.0,668.0,635.0,108.22539674441617,105.28562706324514,46.04885581066576,17.606851666473712,0.9240169304202847,-0.5284043487055557,0.9505988023952096,0.5531358885017421,1,28.43425945768288,223,119,264,147,0.7198556425492535,2.6153940910600286,-30.275339057187388,0.0,False,0.1021151793460677,0.10588235408067703,0.025509793002331017,0.04313725605607033,0.1568627506494522,64.84313888475299,18.8503059322245,3.268457591677001,0.27716079012759387,0.0711269476760683,0.7448630746152413,0.005100233644793171,10.332561725699918,27.368050138749087,8.030146213845144
dd54adb80393de7769b9853c0aa2ee9b240905d0e99c59d4ccd99401f327aa05,59,258.5964125560538,73.8542600896861,892.0,923.0,892.0,112.32590180780451,109.1731496341337,37.81084328875584,30.240359859713312,0.6002930939987143,1.1050533317465205,0.9664138678223185,0.7776809067131648,1,33.70058862844632,243,56,274,93,0.9404658685383172,1.2503436951201115,63.314892045945655,0.0,False,0.08195287302854751,0.08235294371843338,0.015019066809847915,0.03529411926865578,0.11764705926179886,73.10196274146438,16.529055442060915,3.006506650411489,0.3136861346242868,0.1144864896008507,0.6655227817869604,0.013200822771164019,10.032481066759303,23.025629817362532,6.826827546781596
dd54adb80393de7769b9853c0aa2ee9b240905d0e99c59d4ccd99401f327aa05,60,262.2280701754386,643.3489278752437,513.0,537.0,513.0,87.59797974644667,85.72960947050629,33.22330267551687,19.726520128039578,0.8046454839754575,-0.2821223280713949,0.9553072625698324,0.7286931818181818,1,25.557227675339483,247,633,279,655,0.8771331773637366,1.684194802726141,-16.164418704896118,0.0,False,0.11017085518869507,0.11372549086809158,0.02320064308896843,0.04313725605607033,0.1568627506494522,56.517648711800575,19.545456362864172,3.32951382369404,0.27287668689247857,0.07978660732666823,0.6526529976936115,0.006409758746520441,10.786859369596515,28.304053356131828,7.6836713534326
dd54adb80393de7769b9853c0aa2ee9b240905d0e99c59d4ccd99401f327aa05,61,266.4498480243161,23.15045592705167,658.0,683.0,658.0,101.9827560572969,99.36723257330637,39.73648923124444,21.680770207246656,0.838036851646133,-1.0181312540793068,0.9633967789165446,0.6302681992337165,1,28.944630252185586,252,5,281,41,0.8374316454591791,1.8327987821190401,-58.33462384910596,0.0,False,0.09337862983549801,0.09607843309640884,0.01767229159434741,0.0470588244497776,0.12941177189350128,61.44313843175769,22.285661594699313,3.564203469932626,0.2670571897367126,0.0940154526881575,0.6822575347055593,0.008908051533786742,13.233766607467029,31.337556581931597,7.254394666878781
dd54adb80393de7769b9853c0aa2ee9b240905d0e99c59d4ccd99401f327aa05,62,273.0140692640693,209.41666666666666,924.0,1049.0,924.0,135.7462120245875,134.4175239206837,46.353095853698605,28.137326223231554,0.7946854011441487,-0.9640707675951404,0.880838894184938,0.55,1,34.29975713230766,252,189,292,231,0.6426434020933353,1.6473880810830994,-55.2371861351392,0.0,False,0.07125880901028454,0.07450980693101883,0.015892343515203973,0.0235294122248888,0.1411764770746231,65.84313952550292,9.247217640369042,2.188744628393489,0.3896128475727557,0.1299543262748616,0.662017723393601,0.01699378412542771,5.537403949392788,12.957031331345297,6.466884122779476
dd54adb80393de7769b9853c0aa2ee9b240905d0e99c59d4ccd99401f327aa05,63,276.80865603644645,232.03416856492026,878.0,942.0,878.0,134.36753236814712,130.06992575753983,56.9578551534822,20.228086345974184,0.9348126345710364,-0.501247707515083,0.9320594479830149,0.5270108043217286,1,33.43507619667515,252,214,301,248,0.6521546499740808,2.8157807011150124,-28.71937813122217,0.0,False,0.12371700792944648,0.12941177189350128,0.028975578522924324,0.03921568766236305,0.18431372940540314,108.62353296205401,14.149155036524744,2.789236710323549,0.32029713996496373,0.08979291935056886,0.7585444649566869,0.00815769894245346,7.5650149957338995,20.73329507731559,7.586663883620984
dd54adb80393de7769b9853c0aa2ee9b240905d0e99c59d4ccd99401f327aa05,64,272.68767507002804,602.358543417367,714.0,734.0,714.0,100.91168824543142,98.35179661378126,36.669122013940274,24.92866942079663,0.7333722598487982,-0.326742376104105,0.9727520435967303,0.7628205128205128,1,30.15116971098976,255,589,291,615,0.9275631364877466,1.4709618630246355,-18.72095913884142,0.0,False,0.10521777588821926,0.10588235408067703,0.021099159477994758,0.04313725605607033,0.15294118225574493,75.12549198418856,15.754119950661803,2.9734368174407315,0.30297910007265855,0.08327068157486396,0.7149104464221019,0.006989933436813403,8.72848416119789,22.779755740125715,7.59742497542303
dd54adb80393de7769b9853c0aa2ee9b240905d0e99c59d4ccd99401f327aa05,65,273.84749034749035,669.5366795366796,518.0,540.0,518.0,89.01219330881975,87.07036800117352,34.527877918556015,19.132628040770047,0.8324360222713874,-0.17444724362457878,0.9592592592592593,0.7617647058823529,1,25.68147355921802,257,660,291,680,0.8586157758564977,1.8046594458942056,-9.995090807378821,0.0,False,0.10894087679022528,0.10980392247438431,0.02620996393968206,0.03529411926865578,0.16078431904315948,56.43137417733669,23.431455318981776,3.707319359241658,0.25137717120301917,0.07374359334958475,0.6457311695009783,0.005494249400314682,12.405401351470449,34.45750928649309,7.8805410266937805
dd54adb80393de7769b9853c0aa2ee9b240905d0e99c59d4ccd99401f327aa05,66,277.9447513812155,690.2734806629834,362.0,375.0,362.0,88.66295090390226,86.93561498006036,38.064621481664496,12.71030264444835,0.9426036123205991,0.05768591065920992,0.9653333333333334,0.793859649122807,1,21.468877828012552,261,684,299,696,0.601898101171598,2.994784825071848,3.305159218141457,0.0,True,0.09321850463130527,0.09803921729326248,0.016166373599655767,0.03921568766236305,0.125490203499794,33.74509867653251,14.99376195377109,2.8178915376110103,0.3428053255607264,0.11846662386393161,0.7075778780379298,0.014094714704035732,9.374712226931276,20.612811680610907,6.661674822406447
dd54adb80393de7769b9853c0aa2ee9b240905d0e99c59d4ccd99401f327aa05,67,274.0041067761807,552.7638603696098,487.0,505.0,487.0,81.35533905932738,79.81121498056751,28.74785477764663,21.650267745499328,0.6578957790047558,1.192806585384933,0.9643564356435643,0.784219001610306,1,24.901157769991823,263,540,286,567,0.9607513001065922,1.3278290650064941,68.34278311796773,0.0,False,0.11288803318626338,0.11764705926179886,0.021229247516246108,0.05098039284348488,0.16078431904315948,54.97647216171026,20.02188581232683,3.4059262922978166,0.2680909483495707,0.08419971567707382,0.6396552661492648,0.007139611785717216,11.790997480150036,28.252774144503622,7.552054764659237
dd54adb80393de7769b9853c0aa2ee9b240905d0e99c59d4ccd99401f327aa05,68,282.57209302325583,455.0220930232558,860.0,896.0,860.0,113.1543289325507,109.95854779753115,40.820585189896676,27.10269910034781,0.7477797640675699,-1.2893254745320488,0.9598214285714286,0.7413793103448276,1,33.090572803628525,269,436,298,476,0.8938205268586313,1.506144647762142,-73.8729081093885,0.0,False,0.13158231167512577,0.13333334028720856,0.030972293974293016,0.03529411926865578,0.21960784494876862,113.16078804060817,10.111144548286763,2.3592588018347436,0.35770159491712156,0.099757895581345,0.7598382814855417,0.010074180836643293,5.672486733516147,14.549802363057378,7.218637039145268
dd54adb80393de7769b9853c0aa2ee9b240905d0e99c59d4ccd99401f327aa05,69,286.7386877828054,398.1289592760181,884.0,910.0,884.0,112.32590180780453,109.17314963413371,39.698248825968804,28.474532556670965,0.696790942557491,0.9769035728818616,0.9714285714285714,0.7673611111111112,1,33.549124542167775,271,381,303,417,0.9320311970716055,1.394166831253859,55.97245171738149,0.0,False,0.12161299283721598,0.12156862765550613,0.030267873939176692,0.04313725605607033,0.1921568661928177,107.50588566809893,12.618577048727168,2.6863035166155997,0.32182461840263527,0.08045209510640261,0.7999706921904162,0.0065629526208638555,6.741668849416626,18.49548524803771,7.725049632039312
dd54adb80393de7769b9853c0aa2ee9b240905d0e99c59d4ccd99401f327aa05,70,298.96236162361623,34.19409594095941,1355.0,1447.0,1355.0,150.12489168102783,145.0088391449085,44.303884192423645,40.47008144578392,0.40691558955037005,0.9475189774754649,0.9364201796821009,0.7685762904140669,1,41.53600345623234,279,12,320,55,0.8097672485457349,1.0947317773940166,54.28883841789545,0.0,False,0.09392952951310525,0.0941176488995552,0.020365056934074702,0.027450980618596077,0.1568627506494522,127.27451249025762,10.068122925174274,2.3258229331497278,0.36670724905318525,0.10192687022429625,0.7331346508242473,0.010495026455813003,5.803967331789559,14.33227851855899,7.260094268540879
dd54adb80393de7769b9853c0aa2ee9b240905d0e99c59d4ccd99401f327aa05,71,303.4661835748792,261.78743961352654,828.0,851.0,828.0,111.1543289325507,108.06242889959412,40.48545309923841,26.48221389537015,0.7563935804536532,-0.9096772844322663,0.972972972972973,0.696969696969697,1,32.46909827883606,288,245,321,281,0.8910267677278038,1.5287790235059022,-52.1206691168906,0.0,False,0.10795207226262,0.11372549086809158,0.023258825817814067,0.03529411926865578,0.1568627506494522,89.38431583344936,19.39139020324855,3.1970891202747556,0.29231617676382715,0.0848287128560119,0.6449084506796736,0.007248133302729602,11.23348234762715,27.549298058869947,7.69166997199973
dd54adb80393de7769b9853c0aa2ee9b240905d0e99c59d4ccd99401f327aa05,72,302.1262254901961,88.2279411764706,816.0,874.0,816.0,121.49747468305833,117.86834596042146,50.66945025470394,20.982975859003886,0.9102246011442234,-1.3866957037801402,0.9336384439359268,0.723404255319149,1,32.23295624828558,291,66,315,113,0.7380837511643822,2.4147885693230426,-79.45181129552543,0.0,False,0.13946559407529147,0.13725490868091583,0.03593356012018499,0.05882352963089943,0.23137255012989044,113.80392476543784,12.663177117270632,2.5846926713746656,0.3382269823714339,0.08438481884253367,0.8199293913249045,0.007227429722601083,7.244101119200672,18.082253115340592,7.64057682379541
dd54adb80393de7769b9853c0aa2ee9b240905d0e99c59d4ccd99401f327aa05,73,307.3978873239437,151.3362676056338,568.0,585.0,568.0,89.35533905932738,87.39569057231567,32.76361586601897,22.156431507208072,0.736671188476109,-0.09279275253016753,0.9709401709401709,0.8068181818181818,1,26.89237924411993,292,141,324,163,0.9344975411384782,1.4787406471732643,-5.31663308938049,0.0,False,0.10713891525634787,0.10980392247438431,0.027305452220716734,0.03529411926865578,0.16470588743686676,60.85490386560559,15.300976642318853,2.9274446228580917,0.30664232139673553,0.08365050296632667,0.7798693246157641,0.007063581643208401,8.613579009111607,21.9883742755261,7.683080600952428
dd54adb80393de7769b9853c0aa2ee9b240905d0e99c59d4ccd99401f327aa05,74,304.962962962963,472.56481481481484,864.0,915.0,864.0,116.49747468305833,116.20226485861207,39.86360719374395,27.80534106244531,0.7165731825751408,-1.404911546638619,0.9442622950819672,0.7639257294429708,1,33.16743834924821,291,454,320,493,0.804071040594412,1.4336672621356505,-80.4955022115898,0.0,False,0.13604303271319992,0.1411764770746231,0.03139254007619267,0.05098039284348488,0.2078431397676468,117.54118026420474,16.55758917629845,3.042103755765923,0.2934003381112023,0.08104672524242329,0.7271317634260754,0.006642853403534043,9.012731479713699,24.102446872883196,7.803228614914526
dd54adb80393de7769b9853c0aa2ee9b240905d0e99c59d4ccd99401f327aa05,75,316.4365325077399,346.89164086687305,646.0,757.0,646.0,119.15432893255071,121.56529898128105,46.578201895955765,18.760728157021227,0.9152971995129179,1.1835723647760767,0.8533685601056803,0.5493197278911565,1,28.679483013103898,303,327,331,369,0.5493171231631735,2.4827502166286552,67.81370124998753,0.0,False,0.11239604553317323,0.11764705926179886,0.03023051940413283,0.0313725508749485,0.16862745583057404,72.6078454144299,20.833566567765494,3.4712969902331343,0.26784933953237133,0.08153472208207393,0.7194573110829502,0.006719058364145863,10.06241848964882,31.60471464588216,7.815581863521688
dd54adb80393de7769b9853c0aa2ee9b240905d0e99c59d4ccd99401f327aa05,76,325.7347294938918,527.933682373473,573.0,599.0,573.0,91.49747468305833,89.42656249136586,33.34779111282382,22.164208187997783,0.7471655565419552,0.9180079963499735,0.9565943238731218,0.6821428571428572,1,27.010484244701136,311,514,339,544,0.9003915528080666,1.5045785001641565,52.597983750114565,0.0,False,0.09938062704696497,0.10196078568696976,0.022695033415214807,0.03921568766236305,0.1568627506494522,56.94509929791093,16.947616834602215,3.132242080636062,0.2864977737493682,0.08175715721100835,0.7150754067736023,0.006743119535311295,9.258323036518282,24.636910632686146,7.612485574721497
dd54adb80393de7769b9853c0aa2ee9b240905d0e99c59d4ccd99401f327aa05,77,333.9288888888889,618.4918518518518,675.0,702.0,675.0,103.59797974644667,100.8985606540026,41.77850430384708,20.603860115493124,0.8699335664297569,0.10544477463078433,0.9615384615384616,0.7839721254355401,1,29.316150714175198,314,609,355,630,0.8331893210024595,2.0277027736385973,6.041540558052076,0.0,False,0.08370661063602677,0.08627451211214066,0.017158621990193336,0.027450980618596077,0.12156862765550613,56.50196217931807,16.418754086929802,2.920455587636992,0.32528295874376484,0.10811874663526118,0.652178245906192,0.011781086879282466,9.91380728143902,22.923700892420584,6.933767716549276
dd54adb80393de7769b9853c0aa2ee9b240905d0e99c59d4ccd99401f327aa05,78,330.10923276983095,221.97139141742522,769.0,808.0,769.0,108.32590180780451,105.38091183825964,40.205640821272354,25.14125446824459,0.780371164548896,-1.2246091944256823,0.9517326732673267,0.6978221415607986,1,31.29091257699814,316,204,345,242,0.8701864162539975,1.5991899239576643,-70.16493839350726,0.0,False,0.14666871120002706,0.14901961386203766,0.02732233062111845,0.07058823853731155,0.21176470816135406,112.78823891282082,17.088363182610273,3.1315989105641684,0.2880731746798323,0.08304376630783225,0.6983775389562383,0.006981633848695527,9.32268681526065,24.8540395499599,7.757786019941413
dd54adb80393de7769b9853c0aa2ee9b240905d0e99c59d4ccd99401f327aa05,79,338.20221169036336,645.7693522906793,633.0,658.0,633.0,95.49747468305833,93.21880028723996,34.02209140799529,24.039326189921557,0.7076332628817393,-0.7457640943405538,0.9620060790273556,0.7041156840934372,1,28.38944578214513,323,632,354,661,0.9153908254843006,1.4152680960857793,-42.729135118109895,0.0,False,0.08861630167782683,0.09019608050584793,0.023198886202449115,0.027450980618596077,0.1411764770746231,56.094118962064385,16.350260679014895,2.9989512682203676,0.29825310206777317,0.078357259534691,0.7230102389794864,0.006200599138695396,8.761499285877019,23.93902207215277,7.771230504837671
dd54adb80393de7769b9853c0aa2ee9b240905d0e99c59d4ccd99401f327aa05,80,338.012987012987,437.9119769119769,693.0,713.0,693.0,98.08326112068522,95.67027955244677,35.733747776660884,24.77104432278773,0.7207342357220263,-1.20476984232917,0.9719495091164095,0.7615384615384615,1,29.70446102021492,326,421,352,456,0.9514566648576225,1.4425612142556374,-69.02822725010307,0.0,False,0.08716860679105935,0.09019608050584793,0.016452696878186256,0.03529411926865578,0.12156862765550613,60.40784450620413,17.93015171731971,3.0814777659213792,0.30873159005102147,0.10430110527256904,0.6618948943725103,0.0109458712577146,11.804569412419447,24.055734022219973,7.0378098029838885
dd54adb80393de7769b9853c0aa2ee9b240905d0e99c59d4ccd99401f327aa05,81,343.2906976744186,367.79598308668074,946.0,973.0,946.0,116.5685424949238,113.19542522613546,42.00058633903606,28.914474981585204,0.7253025325611777,1.20840345213726,0.9722507708119219,0.7442958300550747,1,34.70568554746418,328,347,359,388,0.9277762478578007,1.4525799401782333,69.23641775650397,0.0,False,0.10082494074293662,0.10588235408067703,0.022409994968414438,0.027450980618596077,0.14509804546833038,95.38039394281805,16.636785116831774,2.966667794414507,0.33023040001807985,0.16201461472147755,0.6819405163475921,0.02644024990421507,9.415874008573681,23.857696225089867,6.233233326899797
dd54adb80393de7769b9853c0aa2ee9b240905d0e99c59d4ccd99401f327aa05,82,344.7685512367491,595.1802120141343,566.0,581.0,566.0,89.84062043356595,87.85576616457097,34.348477576405436,21.021436110380712,0.7908539810003724,-0.42180454045172255,0.9741824440619621,0.7369791666666666,1,26.844991754889815,329,583,361,607,0.9214796619186244,1.6339738824715035,-24.16761994733891,0.0,False,0.10249428655096583,0.10588235408067703,0.022837065817620628,0.03921568766236305,0.16470588743686676,58.01176618784666,13.94780180997899,2.885874562441338,0.2918502108554028,0.08687129732926308,0.7218025861507265,0.007645163408826319,7.324900556751898,20.570703063206082,7.529912745099791
dd54adb80393de7769b9853c0aa2ee9b240905d0e99c59d4ccd99401f327aa05,83,348.5668604651163,148.3997093023256,688.0,726.0,688.0,110.42640687119285,107.37231551121116,45.62179430468912,19.472124017008994,0.9043383618778859,1.4402202067721708,0.9476584022038568,0.7445887445887446,1,29.597108081327676,339,126,360,170,0.7499178041220169,2.3429284994712574,82.51853941750413,0.0,False,0.08889649063890237,0.09019608050584793,0.019454738184992566,0.0313725508749485,0.13333334028720856,61.16078555956483,18.370722748872595,3.1944687188809713,0.2921147778331187,0.0921861915371012,0.6565381276185549,0.008557156803652946,10.99671964183354,25.744725855911646,7.352779583886244
dd54adb80393de7769b9853c0aa2ee9b240905d0e99c59d4ccd99401f327aa05,84,365.7454268292683,530.3993902439024,656.0,696.0,656.0,100.08326112068522,97.56639845038382,34.95470032130441,24.933458752538087,0.7008509464357693,1.0255859329553236,0.9425287356321839,0.7068965517241379,1,28.900607975374268,351,515,380,547,0.8659905557969206,1.4019194315648733,58.76174548632705,0.0,False,0.08477403358102026,0.08627451211214066,0.01738942708930434,0.03529411926865578,0.125490203499794,55.611766029149294,17.88791430107578,3.2005069167856703,0.2871678057246202,0.09466807354022684,0.6850423476322173,0.009024354779087938,10.5321936437734,25.243634958378163,7.238057295973865
dd54adb80393de7769b9853c0aa2ee9b240905d0e99c59d4ccd99401f327aa05,85,378.60454002389486,290.94504181600956,837.0,863.0,837.0,111.1543289325507,108.06242889959412,41.78554906343217,25.637588104347095,0.7896546739188646,-0.13770449109309021,0.9698725376593279,0.7380952380952381,1,32.64508384034771,358,278,400,305,0.9007118412900625,1.6298549182302775,-7.889886159630906,0.0,False,0.10156722395739817,0.10588235408067703,0.020760538346784294,0.03529411926865578,0.14509804546833038,85.01176645234227,15.47748138405344,2.9025454170213405,0.3114455531663772,0.08755814271847737,0.7019864306506709,0.0077242199553519695,9.466067797390524,21.488894970716363,7.501321862687227
dd54adb80393de7769b9853c0aa2ee9b240905d0e99c59d4ccd99401f327aa05,86,375.88042328042326,150.58624338624338,945.0,979.0,945.0,122.32590180780451,118.65374412381891,48.2508222582574,25.015831960319982,0.8551055177608056,1.2943783443585675,0.965270684371808,0.7336956521739131,1,34.68733731168665,363,128,391,174,0.8434877479283202,1.9288114156983733,74.16241622487702,0.0,False,0.12093371048806206,0.12156862765550613,0.028827755545530378,0.04313725605607033,0.19607843458652496,114.28235641121864,12.546178857954425,2.7141403577204457,0.3097941930838086,0.08151547634808,0.773475910207732,0.006730221664422408,6.820789519661739,18.27156819624711,7.677662689718613
dd54adb80393de7769b9853c0aa2ee9b240905d0e99c59d4ccd99401f327aa05,87,389.770796460177,61.24159292035398,1130.0,1162.0,1130.0,135.4386001800126,131.08536171706493,54.634629488044055,26.4525892011154,0.874972524349921,0.6545461186430954,0.9724612736660929,0.5991516436903499,1,37.930999005440576,367,42,413,83,0.8263802208053546,2.06537927431846,37.50273009491862,0.0,False,0.13145931354863982,0.13333334028720856,0.032441437236133394,0.03529411926865578,0.2078431397676468,148.549024309963,11.137407075293746,2.5128870402682395,0.3380809841163742,0.09224498163037247,0.7939918647274753,0.008645767903066986,5.6283882431333225,16.64642590745417,7.4404023544245455
dd54adb80393de7769b9853c0aa2ee9b240905d0e99c59d4ccd99401f327aa05,88,382.3082549634274,220.49007314524556,957.0,982.0,957.0,117.1543289325507,113.75078559340524,42.996377343171716,28.36117017881783,0.7516013114333667,-1.3865074718818182,0.9745417515274949,0.7857142857142857,1,34.906879612929465,368,200,397,242,0.9294220944313503,1.5160297361525836,-79.44102640218185,0.0,False,0.10979572917911824,0.11372549086809158,0.026509621293165208,0.0313725508749485,0.18431372940540314,105.07451282441616,10.813122955802228,2.4161107529341876,0.35717482404611767,0.09831350243819427,0.7623654672563351,0.009766724133820948,6.124440860738832,15.501805050865626,7.321631710129982
dd54adb80393de7769b9853c0aa2ee9b240905d0e99c59d4ccd99401f327aa05,89,385.6030150753769,429.57621440536013,597.0,619.0,597.0,91.25483399593904,89.19652469523822,30.33062783226587,25.105299153429808,0.5611397877270051,0.409908321753926,0.9644588045234249,0.7653846153846153,1,27.570346537664197,371,417,401,443,0.9429492686135091,1.2081364833337265,23.48601682379055,0.0,False,0.11113082081503804,0.10980392247438431,0.02403934701770715,0.0470588244497776,0.16078431904315948,66.34510002657771,15.757652500401019,3.0275409136587395,0.2882853959326329,0.07188875610554829,0.7683836486516252,0.005213038035898468,8.500627578467281,23.014677422334756,7.916080856020325
dd54adb80393de7769b9853c0aa2ee9b240905d0e99c59d4ccd99401f327aa05,90,383.2969798657718,492.67785234899327,596.0,655.0,596.0,102.1543289325507,99.92259294057617,34.38781657331876,22.866781024025347,0.7468722785562016,-1.4151066035686803,0.9099236641221374,0.7224242424242424,1,27.547246117573295,371,476,396,509,0.7501165254462231,1.5038328541821717,-81.0796359455779,0.0,False,0.08903145349440758,0.09019608050584793,0.014257935350255194,0.04313725605607033,0.12156862765550613,53.06274628266692,16.796514544237404,3.113040615144282,0.30026024372337434,0.11346588054815818,0.6733447119005608,0.012927623957751686,10.10852839077837,23.484500697696433,6.769124966005331
dd54adb80393de7769b9853c0aa2ee9b240905d0e99c59d4ccd99401f327aa05,91,388.78534031413614,593.7371727748691,955.0,991.0,955.0,126.12489168102785,122.25541236966401,50.005701877016364,24.408131890800924,0.8727838109556559,-1.0853013576430384,0.963673057517659,0.6291172595520421,1,34.870385217575105,373,571,406,617,0.8029288186589244,2.048731222067134,-62.18318729276443,0.0,False,0.10435479150704688,0.10588235408067703,0.02106412138708402,0.03921568766236305,0.1725490242242813,99.65882588922977,10.625262473757083,2.4688444114120993,0.34101745980124515,0.09511421159866731,0.720822265646201,0.00913826797541939,5.968731958433731,15.281792989080433,7.343088117970881
dd54adb80393de7769b9853c0aa2ee9b240905d0e99c59d4ccd99401f327aa05,92,410.1795977011494,22.397988505747126,696.0,724.0,696.0,106.8111831820431,103.94486853257789,43.41087415479414,20.449761088921488,0.8820933632375043,0.5878898423947002,0.9613259668508287,0.6105263157894737,1,29.768686956862464,391,8,429,38,0.8094928088621708,2.12280593235447,33.68360678782746,0.0,False,0.08344602429618438,0.08627451211214066,0.013233666346411698,0.03529411926865578,0.11372549086809158,58.07843291014433,18.34675564400809,3.2095093636544982,0.2939118595442319,0.12026597077591725,0.5662689324815531,0.01452772717453062,11.935147266572766,24.758364021443416,6.658411086777929
dd54adb80393de7769b9853c0aa2ee9b240905d0e99c59d4ccd99401f327aa05,93,401.77103448275864,657.7393103448276,725.0,760.0,725.0,115.49747468305833,112.17998926661033,48.95628651167578,18.899042122573377,0.9224824075101598,-1.2972708391490309,0.9539473684210527,0.6706753006475485,1,30.38253889873249,391,635,414,682,0.7239641857788267,2.59041099512665,-74.32814396863415,0.0,False,0.12465179583121991,0.12941177189350128,0.026094919049498053,0.054901961237192154,0.18431372940540314,90.37255197763443,19.35766214693482,3.336436232399235,0.2719459940264795,0.08308827360216245,0.6860046378447068,0.00699816139821076,10.169573851260324,28.54575044260931,7.760615391915377
dd54adb80393de7769b9853c0aa2ee9b240905d0e99c59d4ccd99401f327aa05,94,406.675567423231,396.0026702269693,749.0,772.0,749.0,105.15432893255071,102.374072205783,39.266234240295034,24.457109245316843,0.7823385372042417,1.0881734540935157,0.9702072538860104,0.7174329501915708,1,30.881327999401787,392,379,421,415,0.8980731740937967,1.6055141205134007,62.347746297731284,0.0,False,0.111976756491712,0.11372549086809158,0.025632298205299085,0.04313725605607033,0.16862745583057404,83.87059061229229,15.8018128060546,2.9627486696226377,0.30057040527812406,0.07902784691154634,0.750879024151216,0.00633287912896709,8.935415248246496,22.668210363862705,7.795516572457093
dd54adb80393de7769b9853c0aa2ee9b240905d0e99c59d4ccd99401f327aa05,95,406.44369063772047,490.753052917232,737.0,782.0,737.0,112.49747468305833,109.7285100014035,44.73186310059114,21.14789405859706,0.8811857304858782,-1.393458063607941,0.9424552429667519,0.7141472868217055,1,30.632948674096244,395,470,419,513,0.7691984278707292,2.115192320173682,-79.83926597320723,0.0,False,0.14486392048595717,0.14901961386203766,0.02620590060085955,0.06666667014360428,0.2078431397676468,106.76470939815044,16.667340524012864,2.9557191354569867,0.3091874686525371,0.08736081759066668,0.677705102100034,0.007684830618196532,10.496448533330463,22.83823251469526,7.55260294442977
dd54adb80393de7769b9853c0aa2ee9b240905d0e99c59d4ccd99401f327aa05,96,420.6153191489362,290.8246808510638,1175.0,1208.0,1175.0,139.4386001800126,134.877599512939,56.773333422447365,26.639895779490192,0.8830746389144565,-0.6891032950723345,0.972682119205298,0.5970528455284553,1,38.678889139475245,397,270,445,311,0.8116486575265209,2.13113947188024,-39.48271045620299,0.0,False,0.09738172912534247,0.10196078568696976,0.021926181553219452,0.0313725508749485,0.14901961386203766,114.4235317222774,14.307711618123673,2.8442248930745806,0.30640423422933116,0.08093558006737289,0.7394181556390241,0.0065951455325953855,8.32461068913331,20.290812547114037,7.746576325619435
dd54adb80393de7769b9853c0aa2ee9b240905d0e99c59d4ccd99401f327aa05,97,409.2396449704142,345.0177514792899,676.0,699.0,676.0,98.66904755831213,96.22563991971658,36.61073160127526,23.534620102811918,0.7660055819155803,-1.199606103392087,0.9670958512160229,0.7428571428571429,1,29.33785834448333,397,328,423,363,0.9174342389685155,1.5556117515957273,-68.73236680250086,0.0,False,0.12760761565909054,0.13333334028720856,0.024106285007531685,0.0470588244497776,0.1764705926179886,86.2627481855452,16.482888913228138,2.989091496586763,0.30745254201192973,0.09580207512989992,0.6737169488499051,0.009253305172110864,9.136502138059459,23.829275688396812,7.50292648908928
dd54adb80393de7769b9853c0aa2ee9b240905d0e99c59d4ccd99401f327aa05,98,413.57708049113234,126.44884038199181,733.0,772.0,733.0,107.74011537017762,104.82555147098984,37.12214803706799,25.86907251767381,0.717203714552076,1.165577247513658,0.9494818652849741,0.6831314072693383,1,30.549706811864404,400,109,429,146,0.8382615131579708,1.4350011200326587,66.78265697900794,0.0,False,0.09129283545439679,0.0941176488995552,0.021828924394875163,0.0235294122248888,0.12941177189350128,66.91764838807285,14.68418681631318,2.8726606131973353,0.308588389757616,0.0855982070000274,0.7716294093323317,0.007386657073895441,8.079770830895187,21.288602801731173,7.520792736323274
dd54adb80393de7769b9853c0aa2ee9b240905d0e99c59d4ccd99401f327aa05,99,425.2599418040737,185.4325897187197,1031.0,1063.0,1031.0,122.12489168102785,118.46317457378993,39.57007612291754,33.771468600690305,0.5211587070740208,0.2768525277511213,0.9698965192850423,0.7184668989547038,1,36.23133961947795,407,168,448,203,0.9232127548703531,1.1717013728597137,15.862481387667751,0.0,False,0.10957190198381182,0.10980392247438431,0.0312886129903888,0.027450980618596077,0.1764705926179886,112.96863094531,12.56243685362938,2.695479009770721,0.3194934779244951,0.07839851659477905,0.8177750793179953,0.006227901303238673,6.586482404131938,18.538391303126822,7.818568071675912
dd54adb80393de7769b9853c0aa2ee9b240905d0e99c59d4ccd99401f327aa05,100,421.7351598173516,689.1324200913242,219.0,226.0,219.0,56.384776310850235,56.13763702081242,18.925489679190374,15.763758857476992,0.5533663765399149,-0.32588848829626815,0.9690265486725663,0.7684210526315789,1,16.698486766680407,412,681,431,696,0.8732643333330354,1.2005696008356361,-18.67203497127469,0.0,True,0.12522159979495828,0.12941177189350128,0.0206117328340426,0.07058823853731155,0.16862745583057404,27.423530355095863,25.91399565014419,3.8319149634776535,0.24567055269525673,0.09558157769544992,0.608378486797661,0.00915950573174577,13.946310032946082,37.8816812673423,7.117155239756429
dd54adb80393de7769b9853c0aa2ee9b240905d0e99c59d4ccd99401f327aa05,101,431.4058524173028,371.206106870229,786.0,809.0,786.0,105.9827560572969,103.15947036918044,39.1860255756346,25.640503609616072,0.756211086156114,-0.9101443881832776,0.9715698393077874,0.7017857142857142,1,31.634890266315733,416,354,448,389,0.9281415231227486,1.5282861121705305,-52.14743219041828,0.0,False,0.13319363737000156,0.12941177189350128,0.034066760498299604,0.04313725605607033,0.21960784494876862,104.69019897282124,11.284094473925432,2.5108840365546907,0.3419198248311328,0.08617304030979403,0.8188072862583121,0.007550730187318078,5.790741163981745,16.77744778386912,7.589537439063147
dd54adb80393de7769b9853c0aa2ee9b240905d0e99c59d4ccd99401f327aa05,102,433.27900912646675,149.1968709256845,767.0,800.0,767.0,105.66904755831214,103.25475514419495,33.46782526098182,29.374352138522408,0.4792301033949947,-0.07112517096452874,0.95875,0.7747474747474747,1,31.25019569237719,417,134,450,164,0.904034710681594,1.1393553499718247,-4.075172113413923,0.0,False,0.09220543718196189,0.0941176488995552,0.024690215484168682,0.0235294122248888,0.14901961386203766,70.72157031856477,13.002308707433997,2.675825652113602,0.3271035605937036,0.0896372253276651,0.7773914936926396,0.008165406911137964,7.404030583850041,18.600586831017953,7.602548335194265
dd54adb80393de7769b9853c0aa2ee9b240905d0e99c59d4ccd99401f327aa05,103,425.1641791044776,497.42910447761193,268.0,280.0,268.0,60.87005768508881,60.38995040894179,21.646037376843793,16.074826816870463,0.66971064069045,-1.1184059421191774,0.9571428571428572,0.7507002801120448,1,18.47236308621676,418,488,435,509,0.9234540963052515,1.3465798184603996,-64.0799402657815,0.0,False,0.19749781105722955,0.20392157137393951,0.061335450151534555,0.0784313753247261,0.30588236451148987,52.92941336333752,40.295790692711016,4.848804225300471,0.19697929126023828,0.07122234397537858,0.6512388486644172,0.005091288618189003,16.51044010238108,64.08114128304095,7.879837043726879
dd54adb80393de7769b9853c0aa2ee9b240905d0e99c59d4ccd99401f327aa05,104,428.7748917748918,476.5887445887446,231.0,245.0,231.0,56.526911934581186,56.27239004192558,18.718258095081577,16.10724283043112,0.5094340392482344,1.2763285935956425,0.9428571428571428,0.6754385964912281,1,17.14987856615383,420,467,438,486,0.9167082112439184,1.1621019371308858,73.12824168489838,0.0,False,0.22731517532687168,0.2235294133424759,0.08028856663945753,0.07450980693101883,0.3686274588108063,52.509805500507355,49.497683266169965,5.32510707128781,0.191946545311008,0.07460786285208768,0.6064469836059008,0.005578464237660938,20.695464723589186,78.29990180875075,7.76232979990986
dd54adb80393de7769b9853c0aa2ee9b240905d0e99c59d4ccd99401f327aa05,105,442.98552821997106,17.083936324167873,691.0,746.0,691.0,105.39696961966999,105.28562706324513,34.361548388815976,26.264077757755246,0.6448075050355178,0.6628446805258835,0.9262734584450402,0.6543560606060606,1,29.661566469288122,428,2,461,34,0.7833389748055659,1.3083097265301735,37.97820266683051,0.0,False,0.08837433873140692,0.09019608050584793,0.016821311971414128,0.03529411926865578,0.13333334028720856,61.066668063402176,14.660918085660395,2.8178622504140556,0.32631024140077125,0.10006837522790644,0.6693749025028918,0.01008448890468477,8.975449396499986,20.346386774820804,7.110838891622118
dd54adb80393de7769b9853c0aa2ee9b240905d0e99c59d4ccd99401f327aa05,106,439.9949494949495,580.969696969697,792.0,823.0,792.0,110.32590180780451,107.27703073619666,41.21449632572364,24.574288324637582,0.8027962040449121,-1.5661990461709216,0.9623329283110571,0.7726829268292683,1,31.755404570407364,428,562,453,603,0.8648117005315631,1.6771389584618404,-89.73659522300896,0.0,False,0.08100614187100695,0.08235294371843338,0.019367002614133516,0.0235294122248888,0.12156862765550613,64.1568643618375,16.545986046051446,2.9450152173620294,0.32413933235821857,0.09773885235092158,0.7085592080788516,0.009655349945706724,9.552194503840488,23.539777588262403,7.212310169939334
dd54adb80393de7769b9853c0aa2ee9b240905d0e99c59d4ccd99401f327aa05,107,444.0789844851904,463.2905500705219,709.0,752.0,709.0,110.36143571373725,107.50706853232433,40.08978779386349,22.868024416029446,0.8213530334410929,-1.5675437511086991,0.9428191489361702,0.7385416666666667,1,30.045412914740087,432,445,456,485,0.7708716241774908,1.7530936238533301,-89.81364114063402,0.0,False,0.09043391877509475,0.0941176488995552,0.015230520358806562,0.03921568766236305,0.13725490868091583,64.11764841154218,12.672359957454395,2.6300965728355967,0.340548691217691,0.11001031614332837,0.6369599481372425,0.012166258531714443,8.044736124574046,17.29998379033475,6.87524536575398
dd54adb80393de7769b9853c0aa2ee9b240905d0e99c59d4ccd99401f327aa05,108,445.57563025210084,660.6302521008404,238.0,253.0,238.0,57.698484809834994,57.38311077646517,20.35602491277695,15.193719523746603,0.6654985508911778,-0.5556496998404731,0.9407114624505929,0.695906432748538,1,17.407785949022028,436,652,455,670,0.9082776867436789,1.3397657420858706,-31.83638268857012,0.0,False,0.21515901092471196,0.21568627655506134,0.0679015363495088,0.08627451211214066,0.37254902720451355,51.207844600081444,39.128326373008775,4.868916916482987,0.18091734248195432,0.07507614585415517,0.5737293617955646,0.0056672648924386065,16.6239125945203,61.63274015149726,7.737270096219717
dd54adb80393de7769b9853c0aa2ee9b240905d0e99c59d4ccd99401f327aa05,109,446.67857142857144,685.0918367346939,196.0,207.0,196.0,50.62741699796952,50.67931812312895,17.027339730190338,14.872110001557868,0.48695808298248844,1.0516645654082093,0.9468599033816425,0.765625,1,15.797308339337176,439,678,455,694,0.9589686495409685,1.144917548915837,60.255941061350306,0.0,False,0.27122849765784884,0.2705882489681244,0.11253421770985352,0.08627451211214066,0.49803921580314636,53.16078554093838,52.69100067006079,5.623237778333559,0.17026602991115763,0.0735734101035555,0.5777488165855655,0.005426031554559285,20.491042947518487,84.8909583926031,7.702567662359188
dd54adb80393de7769b9853c0aa2ee9b240905d0e99c59d4ccd99401f327aa05,110,468.03756476683935,33.369170984455955,772.0,799.0,772.0,103.1543289325507,100.47795330784598,32.196808477325234,30.685462091933854,0.30278425591694064,-0.11813956631865347,0.9662077596996246,0.7324478178368121,1,31.35188875547286,451,18,485,49,0.9609163969061307,1.049252847516631,-6.7688985435647355,0.0,False,0.12105557619270729,0.12156862765550613,0.02412211524993854,0.05098039284348488,0.18431372940540314,93.45490482077003,12.234616234026948,2.626221876450772,0.3246374141051912,0.08394089989159714,0.7606904349477142,0.00711531910898529,6.820999530822631,17.648232937231263,7.590503827795772
dd54adb80393de7769b9853c0aa2ee9b240905d0e99c59d4ccd99401f327aa05,111,468.7,3.8333333333333335,210.0,221.0,210.0,65.42031021678298,65.84826930662527,27.839432983196673,10.346179560183623,0.9283778905113286,0.1364482625158053,0.9502262443438914,0.6818181818181818,1,16.351767622932517,453,0,481,11,0.6086118850012491,2.69079352636932,7.817909564048756,0.0,True,0.06985994646591799,0.07058823853731155,0.013179085986937773,0.03529411926865578,0.10588235408067703,14.67058875784278,25.048382173382173,3.8161844665750912,0.2543443620575832,0.12336051718126412,0.5375238684272463,0.015346635369560596,14.557137307137314,35.539627039627035,6.40826372899302
dd54adb80393de7769b9853c0aa2ee9b240905d0e99c59d4ccd99401f327aa05,112,464.6795918367347,502.44897959183675,490.0,522.0,490.0,93.59797974644665,91.41796616431739,37.309549350450496,16.817721149897565,0.8926442531889472,1.5298745281200903,0.9386973180076629,0.7357357357357357,1,24.977737626138797,456,484,474,521,0.7367884921061967,2.218466403260453,87.65535364584956,0.0,False,0.10416166720037558,0.10588235408067703,0.02083149750217526,0.0470588244497776,0.14509804546833038,51.03921692818403,24.190690111161388,3.7938400048157965,0.2436482528162373,0.08166363577393185,0.6537158996342252,0.006717800777690832,13.139233853783157,35.24214636853962,7.594324097953695
dd54adb80393de7769b9853c0aa2ee9b240905d0e99c59d4ccd99401f327aa05,113,481.4187145557656,244.44045368620039,1058.0,1096.0,1058.0,128.3259018078045,124.34210081763001,49.7684100660275,27.123075905817927,0.8384452855282889,0.12003979646488451,0.9653284671532847,0.7711370262390671,1,36.70268979693181,458,231,507,259,0.8599221393174313,1.8349102527620078,6.877773711047301,0.0,False,0.10670892486880429,0.10980392247438431,0.02644280920122596,0.0313725508749485,0.16862745583057404,112.89804251119494,14.065417094549872,2.8761206244949333,0.2981163199121346,0.07818488475153731,0.7511491940897097,0.006199511973945375,7.431499229156101,20.69933495994364,7.781591207323174
dd54adb80393de7769b9853c0aa2ee9b240905d0e99c59d4ccd99401f327aa05,114,467.96931407942236,419.2617328519856,554.0,582.0,554.0,97.25483399593904,94.88488138904933,40.03146659316662,17.754304164305147,0.8962700613708483,-1.2145969261568257,0.9518900343642611,0.6626794258373205,1,26.558891313141824,458,401,480,439,0.7732600810978523,2.2547471431546997,-69.59127767834902,0.0,False,0.09609966905323607,0.09803921729326248,0.01761240514056634,0.0470588244497776,0.13333334028720856,53.23921665549278,27.0441421217149,3.9441656594069654,0.2555240600753921,0.09507925998772618,0.5552537449372186,0.009107775877511524,15.410451495576579,38.677832747853216,7.224561401846236
dd54adb80393de7769b9853c0aa2ee9b240905d0e99c59d4ccd99401f327aa05,115,478.8068669527897,343.46494992846925,699.0,717.0,699.0,102.8111831820431,100.15263073670383,40.87455560912021,21.947958831646744,0.8436083666561184,-0.6918412815001693,0.9748953974895398,0.6442396313364055,1,29.83277462405867,462,328,497,359,0.8757140482612826,1.8623397247393785,-39.63958552288202,0.0,False,0.09287217224232629,0.0941176488995552,0.020552569088696904,0.0313725508749485,0.13333334028720856,64.91764839738607,17.492390183397823,3.180617038860431,0.2812981882633486,0.08265472717314018,0.7171842160638312,0.006901839624141166,9.644215940974952,25.3405644258207,7.553851287276096
dd54adb80393de7769b9853c0aa2ee9b240905d0e99c59d4ccd99401f327aa05,116,479.5125348189415,300.79944289693594,718.0,739.0,718.0,102.32590180780451,99.6925551444485,39.27855302606228,23.290891403009827,0.8052266552323722,-0.6537162105619543,0.9715832205683356,0.703921568627451,1,30.23550881198871,463,286,497,316,0.907839037841102,1.6864340804485658,-37.45517986448543,0.0,False,0.09894587601791849,0.09803921729326248,0.02246658468644804,0.03529411926865578,0.15294118225574493,71.04313898086548,14.217815688982656,2.880843766879308,0.301757552857029,0.07921250263346671,0.766862231520657,0.00634531924860759,7.829685083673172,20.60594629429214,7.668775187162325
dd54adb80393de7769b9853c0aa2ee9b240905d0e99c59d4ccd99401f327aa05,117,495.92575187969925,87.53383458646617,1064.0,1142.0,1064.0,145.84671708797583,146.67492024671787,57.16833819385875,24.069248482019205,0.9070494485588423,0.48428619722509575,0.9316987740805605,0.6031746031746031,1,36.80661456312185,471,70,520,106,0.6214980502094349,2.3751609127541324,27.747555177438187,0.0,True,0.12423706702761968,0.125490203499794,0.031241285031996514,0.0470588244497776,0.1882352977991104,132.18823931738734,11.996198815160454,2.6605257159332325,0.31691256788072375,0.07493826298886247,0.8538751908892674,0.0057033059830598545,6.165691182413548,17.826706447907362,7.90362792216775
dd54adb80393de7769b9853c0aa2ee9b240905d0e99c59d4ccd99401f327aa05,118,486.53923541247485,683.4587525150905,497.0,512.0,497.0,86.62741699796952,84.80945828599566,29.911501934234092,22.324718516019683,0.6655435755153492,1.5672988527709892,0.970703125,0.8068181818181818,1,25.15551736167189,476,668,498,696,0.8683157415900904,1.339837808605305,89.79960949947348,0.0,True,0.1154850705243812,0.11372549086809158,0.024975576110262115,0.054901961237192154,0.1764705926179886,57.396080050617456,14.563472991256859,2.956212306873729,0.28314794879079574,0.07661071554014909,0.787744749641363,0.0059428778293050075,7.36007593610893,21.76687004640479,7.76739404691884
dd54adb80393de7769b9853c0aa2ee9b240905d0e99c59d4ccd99401f327aa05,119,493.29126213592235,525.3398058252427,618.0,637.0,618.0,95.74011537017762,93.4488380833676,37.50209180989393,21.048101767103656,0.8276453702752021,-0.9529740126141257,0.9701726844583988,0.6688311688311688,1,28.05106127486678,480,510,508,543,0.8893045767805449,1.781732729385907,-54.60138890843628,0.0,False,0.08530998357773599,0.08627451211214066,0.01889471281999704,0.03529411926865578,0.12941177189350128,52.72156985104084,17.374359854731964,3.179603393474797,0.29014882949304605,0.08787386141507074,0.7273311839972987,0.007810401135910682,9.495151445379355,25.25356826408458,7.37921738162674
dd54adb80393de7769b9853c0aa2ee9b240905d0e99c59d4ccd99401f327aa05,120,496.40552995391704,149.2626728110599,217.0,243.0,217.0,59.00609665440987,58.8191540821469,20.14631683842372,14.576475649741111,0.6902923634315485,-0.4933849362795255,0.8930041152263375,0.678125,1,16.622063085174787,487,143,507,159,0.7881920483781233,1.382111651850599,-28.268874524147865,0.0,False,0.07722056790980326,0.07450980693101883,0.016757312266720382,0.03921568766236305,0.125490203499794,16.756863236427307,13.460674860128153,2.793498555859383,0.3216672819288492,0.11509873682009926,0.7609586721753581,0.01331021776327643,8.069562866178632,18.851786854077673,6.6114242485601835
dd54adb80393de7769b9853c0aa2ee9b240905d0e99c59d4ccd99401f327aa05,121,508.5317577548006,49.35007385524372,677.0,696.0,677.0,100.18376618407356,97.6616832253983,35.94680964047253,24.827451535524755,0.7231682501408399,1.2437389116657462,0.9727011494252874,0.7658371040723982,1,29.35954992478095,494,34,520,68,0.8919697422508862,1.4478654641229474,71.26099045464157,0.0,True,0.12919165105442001,0.12941177189350128,0.029390371037001234,0.04313725605607033,0.1921568661928177,87.46274776384234,11.259489680488315,2.5310392143090814,0.3424480383245636,0.08507033280845412,0.8224522866797126,0.007341861314680327,5.8656563500675585,16.65332301090907,7.5569212255458815
dd54adb80393de7769b9853c0aa2ee9b240905d0e99c59d4ccd99401f327aa05,122,507.95104895104896,201.44289044289044,429.0,472.0,429.0,85.698484809835,83.92877534758372,28.993664387777102,20.474886031567923,0.7080275292908614,0.028983201765766686,0.9088983050847458,0.75,1,23.371344948277684,494,191,520,213,0.7653240903370409,1.4160598668571358,1.6606151379545464,0.0,True,0.117400250642936,0.12156862765550613,0.022730706330512725,0.05098039284348488,0.16862745583057404,50.36470752581954,18.637244743745654,3.234374835238129,0.28899775315803444,0.086928996940347,0.7071863352459643,0.0075916785565050115,9.762912359150402,27.511577128340903,7.499722429934648
dd54adb80393de7769b9853c0aa2ee9b240905d0e99c59d4ccd99401f327aa05,123,507.4168297455969,476.2133072407045,511.0,530.0,511.0,85.35533905932738,83.60345277644159,28.652252505078348,22.88665093801736,0.6016322812763762,0.6705666132374758,0.9641509433962264,0.7861538461538462,1,25.507359866510456,494,464,520,489,0.9187182346257664,1.2519198454450868,38.42063682088877,0.0,True,0.09635854564942492,0.09803921729326248,0.021844115248370398,0.03921568766236305,0.14509804546833038,49.239216826856136,17.962717297543264,3.270749674012395,0.270155328659898,0.07850249486961693,0.7271562473297415,0.00622897727639142,9.119376360621356,26.806058234465176,7.669641964420987
dd54adb80393de7769b9853c0aa2ee9b240905d0e99c59d4ccd99401f327aa05,124,505.3464447806354,615.5279878971255,661.0,708.0,661.0,102.76955262170046,100.11316249060515,41.12183786686761,20.94686288039401,0.8605385161667178,1.4551387524088324,0.9336158192090396,0.7906698564593302,1,29.010538413996088,495,597,517,635,0.8287603446251715,1.9631501911132052,83.37330911895815,0.0,False,0.07889413162953193,0.08235294371843338,0.020322072883430332,0.0235294122248888,0.13725490868091583,52.14902100712061,14.497805498050548,2.9142863035670414,0.2958179343564987,0.08296868074767294,0.6831137494353106,0.006978474905138768,7.523606748946497,21.472004247154597,7.588628745512603
dd54adb80393de7769b9853c0aa2ee9b240905d0e99c59d4ccd99401f327aa05,125,510.3753462603878,162.6315789473684,722.0,766.0,722.0,121.59797974644665,117.96363073543594,43.33713631036804,23.282766434343454,0.8434246652969033,-1.565651624207229,0.9425587467362925,0.6837121212121212,1,30.319613310508885,496,142,520,186,0.6520048099617141,1.8613396493314989,-89.70523025487661,0.0,True,0.09448699382781323,0.0941176488995552,0.022334741385198573,0.027450980618596077,0.14509804546833038,68.21960954368114,14.859436948550487,2.854614907254223,0.32774350927373663,0.12236864047815002,0.7611797186670728,0.015246972976521927,8.11426472389681,21.604609173204164,6.798558657804191
dd54adb80393de7769b9853c0aa2ee9b240905d0e99c59d4ccd99401f327aa05,126,511.05918367346936,353.6530612244898,490.0,502.0,490.0,86.87005768508881,85.03949608212332,33.42372484014766,19.26292982320217,0.8172205571540652,-1.3467821655995784,0.9760956175298805,0.805921052631579,1,24.977737626138797,501,337,520,369,0.8514606618089982,1.7351319423844256,-77.16493401234497,0.0,True,0.08706682882442766,0.09019608050584793,0.01441964747617083,0.03529411926865578,0.125490203499794,42.662746123969555,13.185261163450818,2.736567930498544,0.32480855519900786,0.11571138364619628,0.6626241692016703,0.01348920358534536,8.205421959002326,18.165100367899317,6.683014096043593
dd54adb80393de7769b9853c0aa2ee9b240905d0e99c59d4ccd99401f327aa05,127,512.3008658008658,390.9264069264069,462.0,473.0,462.0,87.698484809835,85.82489424552077,34.640811214740644,18.059150016227075,0.8533577023760521,1.5688849208772249,0.9767441860465116,0.7764705882352941,1,24.253590861306396,503,374,520,409,0.788179773477098,1.918186137421423,89.89048450798109,0.0,True,0.11697649121187724,0.11764705926179886,0.025352703433399272,0.054901961237192154,0.16862745583057404,54.043138939887285,15.230419891517686,2.9660493612381273,0.2924741587964066,0.0758808107532582,0.7815629637015222,0.005796123793408242,8.33984139248087,22.1209983905545,7.779948599928222
dd54adb80393de7769b9853c0aa2ee9b240905d0e99c59d4ccd99401f327aa05,128,513.1941747572815,670.0169902912621,412.0,427.0,412.0,87.11269837220809,85.26953387825097,35.63119389904348,15.330167145928707,0.9027118351465981,1.5506092265419258,0.9648711943793911,0.7847619047619048,1,22.903595622322865,505,653,520,688,0.7120644469291453,2.3242534513725897,88.8433643548973,0.0,True,0.0825623475394926,0.08627451211214066,0.013605064639585312,0.04313725605607033,0.11372549086809158,34.01568718627095,21.19968789957089,3.4706789459185963,0.2835500486339804,0.12967455939469646,0.6131706840461835,0.016907193056300954,12.018407882676382,30.38096791646539,6.469977860465011
dd54adb80393de7769b9853c0aa2ee9b240905d0e99c59d4ccd99401f327aa05,129,514.8524590163935,578.4098360655738,183.0,192.0,183.0,54.14213562373095,54.01148032674772,21.50657669440363,11.325523448463114,0.8501085793475021,-1.5386189337865417,0.953125,0.7922077922077922,1,15.26443044094783,509,568,520,589,0.7882950380638386,1.8989476991743015,-88.1563711848875,0.0,True,0.07862423852981766,0.0784313753247261,0.021546811722351,0.027450980618596077,0.12156862765550613,14.38823565095663,25.155632036479815,3.96012197870062,0.22397745486545162,0.09166145523702587,0.6823529724668529,0.008446239086753163,12.108940650767789,38.20232342219185,7.1114861623106105
305a8baaf726d7c9e695bff31d3a6a61445999a4732f0a3e6174dc9dcbe43931,1,1.1388888888888888,85.75,36.0,40.0,36.0,25.65685424949238,29.131896857438555,12.640548210039771,3.8610748470279215,0.9522076244722087,-1.5224034807756877,0.9,0.6923076923076923,1,6.770275002573076,0,80,4,93,0.5330584565649066,3.2738417955740706,-87.22729416447287,0.0,True,0.21753813264270624,0.22156862914562225,0.07981078179273389,0.08235294371843338,0.3490196168422699,7.8313727751374245,169.12819552467167,10.790875090314081,0.05895137489211168,0.19506583419781393,0.07354545949684191,0.042257717827751395,57.32457286752516,280.9318181818182,4.880771047746624
305a8baaf726d7c9e695bff31d3a6a61445999a4732f0a3e6174dc9dcbe43931,2,16.495412844036696,37.642201834862384,109.0,115.0,109.0,36.970562748477136,37.731808408711814,13.735058774188316,10.101161137221316,0.6776017428569178,0.17527280759234629,0.9478260869565217,0.7785714285714286,1,11.780624362746345,10,33,24,43,0.9621020075565566,1.3597504868600316,10.042392138449975,0.0,False,0.22734305535981414,0.24705882370471954,0.05503660919492403,0.10588235408067703,0.30980393290519714,24.780393034219742,70.32116071321146,6.201640382832737,0.19778615543395153,0.10384276300349458,0.36227265636405387,0.010813736296509146,40.51445352421584,100.12786790220707,6.808535694485769
305a8baaf726d7c9e695bff31d3a6a61445999a4732f0a3e6174dc9dcbe43931,3,20.0,240.5,134.0,138.0,134.0,40.14213562373095,40.73864804118844,13.96721702100234,12.205595035915284,0.4861515479306762,0.33534823744661546,0.9710144927536232,0.8589743589743589,1,13.061933202803933,14,235,27,247,1.0,1.1443290540037938,19.214038672842058,0.0,False,0.27808019580013715,0.2921568751335144,0.06836223501076863,0.12156862765550613,0.3764705955982208,37.26274623721838,65.6185067425022,5.854986622242512,0.2125795020221905,0.09760331670323975,0.39287844263084337,0.009541905309907235,34.35982640636558,96.87718707863884,7.0242118185402305
305a8baaf726d7c9e695bff31d3a6a61445999a4732f0a3e6174dc9dcbe43931,4,28.165829145728644,18.01005025125628,199.0,206.0,199.0,50.04163056034262,50.12395775585916,16.992649209400835,14.934840938772181,0.4770059012238762,-0.04697794176599271,0.9660194174757282,0.7803921568627451,1,15.91774699517169,20,11,37,26,0.9953417700382821,1.1377857507197415,-2.6916377934027396,0.0,False,0.26378954422833334,0.2823529541492462,0.07055039392000999,0.08235294371843338,0.37254902720451355,52.49411930143833,38.631837149508115,4.5936051588065405,0.22943587751371514,0.09495964199648183,0.5594948165680695,0.009067604534049402,18.824102830815725,58.43957146820049,7.209504780022215
305a8baaf726d7c9e695bff31d3a6a61445999a4732f0a3e6174dc9dcbe43931,5,40.041916167664674,203.5688622754491,167.0,176.0,167.0,46.384776310850235,46.65704253112722,16.641000649622306,12.811977459565457,0.6381593960903976,1.1673482249305898,0.9488636363636364,0.8028846153846154,1,14.581872443920643,34,196,47,212,0.964033047801556,1.2988627791565532,66.8841265106111,0.0,False,0.16696020117598379,0.1764705926179886,0.03159311682921758,0.0784313753247261,0.21176470816135406,27.882353596389294,47.31408064558194,4.974669980716457,0.23210784229960357,0.09688477840130066,0.42792715454190666,0.009423084187394421,27.690204987774756,66.93795630338911,7.118444713554168
305a8baaf726d7c9e695bff31d3a6a61445999a4732f0a3e6174dc9dcbe43931,6,99.4076923076923,97.43846153846154,130.0,140.0,130.0,42.04163056034262,42.53948216411099,15.78015135734072,10.513978610228424,0.7457028256778114,-0.9234097251490793,0.9285714285714286,0.6632653061224489,1,12.865501965161373,93,91,107,105,0.9027527467902596,1.5008734507020158,-52.9074800123776,0.0,False,0.19716440846140568,0.21176470816135406,0.04900697433689458,0.09803921729326248,0.2666666805744171,25.63137309998274,81.94677435941396,6.652165346210511,0.1967454364522428,0.10424933003589745,0.36270548567083727,0.010884787105845554,41.62478413570992,122.26876458311801,6.870142535527027
305a8baaf726d7c9e695bff31d3a6a61445999a4732f0a3e6174dc9dcbe43931,7,102.11578947368422,213.2736842105263,95.0,103.0,95.0,35.55634918610404,36.39104987804457,12.903971496878967,9.46521764633544,0.6796765254975423,1.0085738808319846,0.9223300970873787,0.7196969696969697,1,10.998079684646791,97,208,108,220,0.9014555130047768,1.363304255541855,57.78702669880316,0.0,False,0.2529618245990653,0.25882354378700256,0.06594491799490117,0.10588235408067703,0.33725491166114807,24.0313733369112,84.84498858990467,7.002060580798657,0.1587444034145471,0.10709680588008298,0.3114235833236816,0.011496189938146082,43.2382350831899,126.45174209661945,6.633779721762919
305a8baaf726d7c9e695bff31d3a6a61445999a4732f0a3e6174dc9dcbe43931,8,120.75187969924812,97.10526315789474,133.0,138.0,133.0,40.384776310850235,40.968685837316094,14.126850600408034,11.987111432219494,0.52914104440375,-1.036664455665603,0.9637681159420289,0.7869822485207101,1,13.013103375051497,115,91,128,104,0.9957663328838511,1.1785033183588545,-59.396498080865896,0.0,False,0.19604895011822981,0.2078431397676468,0.04839017167879268,0.10196078568696976,0.27450981736183167,26.074510365724564,66.78251285411025,6.096956639196162,0.18445317911540146,0.09105447627371577,0.45629461863625337,0.008307720683438345,32.793392076085865,100.77163363213464,7.121248662273032
305a8baaf726d7c9e695bff31d3a6a61445999a4732f0a3e6174dc9dcbe43931,9,125.93877551020408,250.24489795918367,98.0,104.0,98.0,34.97056274847714,35.83568951077477,12.700385826258493,9.84611247191559,0.6316411528528451,-0.7479295167739292,0.9423076923076923,0.7424242424242424,1,11.170383851240114,120,245,132,256,0.9589686495409688,1.2898883556819247,-42.85320468440525,0.0,True,0.23453382151771565,0.24705882370471954,0.04639947314694936,0.11764705926179886,0.2980392277240753,22.984314508736134,67.22921797829682,6.124255167012076,0.18411133661949985,0.10795500925176292,0.34476205516778935,0.011687813661028137,35.04924318364075,99.40919277295288,6.662499927454897
305a8baaf726d7c9e695bff31d3a6a61445999a4732f0a3e6174dc9dcbe43931,10,164.46564885496184,77.43511450381679,131.0,135.0,131.0,39.798989873223334,40.4133254700463,14.450104693138185,11.533945396914156,0.6024042825436887,-1.256214542655992,0.9703703703703703,0.7797619047619048,1,12.914889870235298,159,71,171,85,1.0,1.2528327641471435,-71.97579145714528,0.0,False,0.1983535453563428,0.2078431397676468,0.05015966348247553,0.09803921729326248,0.27450981736183167,25.984314441680908,76.12988129371058,6.531684462452401,0.18411939633948227,0.10422650089984721,0.4230338875447194,0.010900497852274524,35.939655712149936,116.32010687527122,6.942133002816234
305a8baaf726d7c9e695bff31d3a6a61445999a4732f0a3e6174dc9dcbe43931,11,241.98885793871867,67.74651810584959,359.0,375.0,359.0,71.94112549695429,70.8859808581521,27.181393445585275,16.841958443151682,0.7849070679730286,-0.9589372707403393,0.9573333333333334,0.7123015873015873,1,21.37973331358283,232,56,253,80,0.8978082800094054,1.6139093049857178,-54.94305843121541,0.0,False,0.30220111206298417,0.32549020648002625,0.06671986765214986,0.11372549086809158,0.3960784375667572,108.49019923061132,41.56265684945473,4.257323647407967,0.2984863969305838,0.10479058521703938,0.4493509359287947,0.01102865013621987,21.86221100615556,61.2631026927539,7.220442106074275
305a8baaf726d7c9e695bff31d3a6a61445999a4732f0a3e6174dc9dcbe43931,12,243.7795275590551,201.09448818897638,127.0,132.0,127.0,39.55634918610404,40.18328767391865,14.378425695210716,11.245022583642104,0.6231829820317896,0.14422779582146833,0.9621212121212122,0.8246753246753247,1,12.716187407449045,237,196,251,207,0.9883770485644223,1.2786480052184783,8.263643989044706,0.0,False,0.20364366583232804,0.21176470816135406,0.036899915308457695,0.10588235408067703,0.26274511218070984,25.86274556070566,49.75700121226508,5.276388290893655,0.2075644504692427,0.1088435673146391,0.3981132660824083,0.011872539644173003,28.66003363312976,70.8539687914004,6.738408982629483
4bf6a5ec42032bb8dbbb10d25fdc5211b2fe1ce44b6e577ef89dbda17697d819,1,29.4375,58.9375,224.0,239.0,224.0,54.87005768508881,54.701593715130684,17.67395687143661,16.241673645050035,0.3943488781981799,-0.5337591386339448,0.9372384937238494,0.7320261437908496,1,16.88803298257901,21,51,39,68,0.9407146841609056,1.088185691800493,-30.58214592026324,0.0,False,0.6991421681429658,0.6549019813537598,0.2202046546037341,0.2862745225429535,1.0,156.60784566402435,53.24809218597035,5.306755621506448,0.2717928475855635,0.142101367378313,0.670767788481429,0.02056457684328841,22.064981719311913,84.43120265262877,7.162450595274407
4bf6a5ec42032bb8dbbb10d25fdc5211b2fe1ce44b6e577ef89dbda17697d819,2,64.88541666666667,96.90625,96.0,99.0,96.0,34.14213562373095,35.050291347377325,12.370782625978824,9.93041000041469,0.5963413732803118,-0.9449115958851061,0.9696969696969697,0.7933884297520661,1,11.055812783082736,60,92,71,103,0.9819691239510653,1.2457474188338875,-54.13944645718779,0.0,False,0.6854575304314494,0.729411780834198,0.16456373686400644,0.29411765933036804,0.9490196108818054,65.80392292141914,71.87990018216959,6.543874229228988,0.14454363055749353,0.10259344790897537,0.2992418169562375,0.01054385030124821,42.21505290348678,101.5447474608524,6.729142252308807
4bf6a5ec42032bb8dbbb10d25fdc5211b2fe1ce44b6e577ef89dbda17697d819,3,71.81176470588235,71.74117647058823,170.0,196.0,170.0,54.62741699796952,54.47155591900303,16.556784211627942,14.251481694182626,0.5090044752211663,1.4980288239433546,0.8673469387755102,0.6640625,1,14.712264360219255,64,65,80,81,0.71997799686543,1.1617587958160398,85.83072920090046,0.0,False,0.6248212390962768,0.6431372761726379,0.1515733211029927,0.23137255012989044,0.9921568632125854,106.21961064636707,38.344377209110675,4.798856876685944,0.19436489497450596,0.087156905141094,0.3902671838837978,0.0076054160494418085,21.943949334587288,54.74480508363406,7.270929759726405
4bf6a5ec42032bb8dbbb10d25fdc5211b2fe1ce44b6e577ef89dbda17697d819,4,72.8256880733945,54.77981651376147,109.0,116.0,109.0,36.970562748477136,37.731808408711814,12.862982005237965,10.844912287168432,0.5377407045363102,-1.4838906881690077,0.9396551724137931,0.7622377622377622,1,11.780624362746345,68,49,79,62,0.9621020075565566,1.1860844665804526,-85.02067369084746,0.0,False,0.6287461929365036,0.6196078658103943,0.1626327300316993,0.2666666805744171,1.0,68.53333503007889,50.08608718899285,5.504516317231767,0.16664781532502643,0.0970358530521957,0.3937892380399123,0.00943767129311852,24.39389696095828,75.77827741702743,6.915057158069057
4bf6a5ec42032bb8dbbb10d25fdc5211b2fe1ce44b6e577ef89dbda17697d819,5,93.45081967213115,21.0327868852459,122.0,141.0,122.0,46.04163056034262,46.33171995998507,16.062462554538346,10.550755750773815,0.754014371448443,1.3819843054748997,0.8652482269503546,0.6777777777777778,1,12.463355264843006,88,14,100,29,0.7141884942069351,1.522399241718802,79.18186805703006,0.0,False,0.5870138362782901,0.6117647290229797,0.14012617436099079,0.2823529541492462,0.8705882430076599,71.61568802595139,78.11169538519763,6.9494849720197145,0.15055451312382656,0.08932791481267702,0.21973966474467044,0.007991535541046002,44.08818857421751,112.13520219617777,7.1072848419960915
4bf6a5ec42032bb8dbbb10d25fdc5211b2fe1ce44b6e577ef89dbda17697d819,6,98.26627218934911,94.81065088757397,169.0,183.0,169.0,51.04163056034261,51.4647162865264,19.32498969143027,11.35687993320685,0.8090945820766534,-0.31875332633199815,0.9234972677595629,0.7222222222222222,1,14.668929172241665,90,89,108,102,0.8018209563042488,1.7016108125723102,-18.263220304579743,0.0,False,0.6427427906785491,0.6196078658103943,0.2165856376258867,0.23529411852359772,1.0,108.6235316246748,71.55662366707435,6.149634881125913,0.21478505906163922,0.09896429611987678,0.517642245060526,0.009909633694050096,37.983630496358145,105.12961683779058,7.339489388125781
4bf6a5ec42032bb8dbbb10d25fdc5211b2fe1ce44b6e577ef89dbda17697d819,7,101.95073891625616,70.05418719211822,203.0,218.0,203.0,52.8700576850888,52.80547481719364,18.61318708471068,13.99878291513824,0.6590609652621697,-0.8102598558388416,0.9311926605504587,0.7024221453287197,1,16.07692842495848,94,62,111,79,0.9148460089480164,1.3296289539987394,-46.42447004844414,0.0,False,0.525722025503666,0.48235294222831726,0.15309967634956137,0.250980406999588,0.9333333373069763,106.72157117724419,34.186511741379626,4.2418787302189305,0.24761651114007957,0.08947941432110262,0.6178259339983763,0.008055230411879881,17.22311827956989,51.14990520318937,7.372712141953141
4bf6a5ec42032bb8dbbb10d25fdc5211b2fe1ce44b6e577ef89dbda17697d819,8,100.54545454545455,86.43181818181819,44.0,48.0,44.0,23.31370849898476,24.784298694294677,9.44671118087461,5.917418880918105,0.7795018749088936,0.058046844120742146,0.9166666666666666,0.7333333333333333,1,7.48482063701911,96,84,106,90,0.9001383636218098,1.5964242807514286,3.325839182172301,0.0,False,0.6128342409025539,0.6490195989608765,0.14533478831688734,0.30980393290519714,0.8588235378265381,26.964706599712372,78.93576337737731,7.009266903061491,0.1476033397772329,0.15211626789010893,0.3054961128959296,0.023279922223889152,41.038359602214086,116.83316715254055,5.526002964099615
4bf6a5ec42032bb8dbbb10d25fdc5211b2fe1ce44b6e577ef89dbda17697d819,9,109.49137931034483,15.939655172413794,116.0,125.0,116.0,38.970562748477136,39.62792730664886,14.374183483264655,10.34304445369592,0.6944333753754156,-0.25220584555553743,0.928,0.7532467532467533,1,12.153015559492998,103,11,117,22,0.9282503848243846,1.3897439528192563,-14.450330518860566,0.0,False,0.6289046784413272,0.5960784554481506,0.19198259575993915,0.29411765933036804,0.9803921580314636,72.95294269919395,72.19602489660602,6.65867708224314,0.1442249841442942,0.08493077475409568,0.4668842211761507,0.007214574738911621,32.934145820152494,111.45790397305953,7.210370938294608
4bf6a5ec42032bb8dbbb10d25fdc5211b2fe1ce44b6e577ef89dbda17697d819,10,112.82608695652173,69.54347826086956,46.0,52.0,46.0,24.485281374238568,25.895019428834267,9.28454245919533,6.572376823334021,0.7063289479546709,1.2762586230227706,0.8846153846153846,0.7301587301587301,1,7.653039857325812,110,65,117,74,0.8620554727260601,1.412661310932791,73.12423266638271,0.0,False,0.599062249712322,0.6196078658103943,0.14031942610920492,0.250980406999588,0.8039215803146362,27.556863486766815,92.2466173916174,7.477787010287009,0.13064277197608257,0.1429825166475691,0.13627833301261533,0.02059466817182632,52.782135882135876,131.71109890109892,5.669225082887888
4bf6a5ec42032bb8dbbb10d25fdc5211b2fe1ce44b6e577ef89dbda17697d819,11,111.82352941176471,80.3921568627451,51.0,53.0,51.0,23.899494936611667,25.339659061564472,8.552257126387632,7.56527391449393,0.4663622520644364,-1.1906766472079067,0.9622641509433962,0.796875,1,8.058239062071396,108,77,116,85,0.9981102270732534,1.130462323380359,-68.22074664980033,0.0,False,0.6503652576722351,0.6980392336845398,0.19002635734420611,0.239215686917305,0.9215686321258545,33.16862814128399,97.34617095987636,7.436704022702921,0.19102358517429366,0.14504133485412965,0.18988615363544664,0.02113937915819992,62.76034958258792,131.9319923371648,5.741263581887482
4bf6a5ec42032bb8dbbb10d25fdc5211b2fe1ce44b6e577ef89dbda17697d819,12,141.4742268041237,116.47422680412372,194.0,214.0,194.0,56.2842712474619,56.04235224579793,22.012047407547286,11.615181023541664,0.8494470821334105,-0.01147247092835523,0.9065420560747663,0.7698412698412699,1,15.716503163191918,132,111,153,123,0.7762093735169422,1.8951101461899937,-0.6573241647812881,0.0,False,0.6661613221021042,0.6352941393852234,0.2278044128460498,0.2235294133424759,1.0,129.23529648780823,55.03353971218717,5.08724043551686,0.2878452040206759,0.15279760813919574,0.6354618739099456,0.023750840671252375,32.832281725377854,77.23479769899649,6.954301643152476
4bf6a5ec42032bb8dbbb10d25fdc5211b2fe1ce44b6e577ef89dbda17697d819,13,154.80434782608697,90.5,46.0,48.0,46.0,22.48528137423857,23.99890053089723,8.064394896270663,7.2655241514421345,0.4339467132154162,1.2512685288102499,0.9583333333333334,0.8214285714285714,1,7.653039857325812,152,87,159,95,1.0,1.1099536286958678,71.69240573837097,0.0,False,0.7011082820270372,0.7352941036224365,0.18490032302181592,0.2823529541492462,0.9450980424880981,32.25098097324371,105.37557347258002,7.916803054401736,0.12889364996757854,0.13466551143888217,0.12254815342371961,0.018261103429882776,80.08232118758434,130.66882575757572,5.820394128327861
4bf6a5ec42032bb8dbbb10d25fdc5211b2fe1ce44b6e577ef89dbda17697d819,14,157.53947368421052,65.96052631578948,76.0,82.0,76.0,30.72792206135786,31.813413918773044,10.911666037762231,8.899520900485914,0.5786205239402514,-0.15777682435433782,0.926829268292683,0.7676767676767676,1,9.83698151873187,152,62,163,71,0.9436325305338703,1.226095894349375,-9.039946140480456,0.0,False,0.784984527057723,0.8921568393707275,0.24332974698278964,0.250980406999588,1.0,59.65882405638695,127.89694400435516,7.732243649316153,0.3615866620564991,0.31571053944990546,0.19507753814648185,0.10166904852337029,83.20616411596171,172.58772389274858,4.97209898476898
4bf6a5ec42032bb8dbbb10d25fdc5211b2fe1ce44b6e577ef89dbda17697d819,15,162.52,253.36,50.0,51.0,50.0,28.485281374238568,29.687257224708354,12.66009042077689,5.34060956612195,0.9066674591482924,0.030718543663453814,0.9803921568627451,0.7692307692307693,1,7.978845608028654,157,251,170,256,0.7129182256078831,2.370532850985011,1.7600429047042419,0.0,True,0.7044705986976624,0.729411780834198,0.20809715706171747,0.29019609093666077,1.0,35.22352993488312,113.63363624494062,8.427753996232255,0.13274059821867074,0.14765006200175274,0.27864759780821796,0.02303672364459395,49.26503646503647,178.00223602484473,5.653443041357997
4bf6a5ec42032bb8dbbb10d25fdc5211b2fe1ce44b6e577ef89dbda17697d819,16,165.31666666666666,90.55,60.0,63.0,60.0,26.727922061357855,28.021176122898964,10.243530873541763,7.4537885757301705,0.685939966711894,1.1375045842404379,0.9523809523809523,0.75,1,8.740387444736633,162,86,170,96,0.960259018783846,1.3742717236299273,65.17421185376051,0.0,False,0.5258170125385125,0.5490196347236633,0.10090274101919351,0.2235294133424759,0.6549019813537598,31.549020752310753,72.35782785015095,6.2110831110144336,0.1773930206308679,0.1275165069192199,0.12310717629236097,0.016312654634092073,50.94201522080403,93.77364047949789,6.054509069073781
40b00d701695d8ea5d59f95ac39e18004040c96d17fbc1a539317c674eca084b,1,15.025813692480359,572.0274971941639,1782.0,1902.0,1782.0,187.0893577750951,185.61273416498375,63.58253802197209,37.10710597677826,0.8120374729585013,-1.5164385039822315,0.9369085173501577,0.7563667232597623,1,47.63310685561105,0,542,38,604,0.6499830439897262,1.7134868470142146,-86.88552616931435,0.0,True,0.251215870482753,0.27450981736183167,0.08767578271507179,0.03921568766236305,0.4745098054409027,447.6666812002659,6.878811928602493,1.8612586404947318,0.4404512823104131,0.10754927485885264,0.8951360459994822,0.01173164075407861,3.459230319560772,10.298393537644216,7.225989572428567
40b00d701695d8ea5d59f95ac39e18004040c96d17fbc1a539317c674eca084b,2,47.88702928870293,489.80125523012555,478.0,499.0,478.0,83.01219330881975,81.3820113073624,27.450997740259744,22.27819180931813,0.5842660471048193,0.6768191205149376,0.9579158316633266,0.7660256410256411,1,24.669991941291908,36,478,62,502,0.906944941125333,1.2321914621804282,38.77887909926216,0.0,False,0.08634014513390334,0.08627451211214066,0.030789702270620493,0.019607843831181526,0.16862745583057404,41.270589374005795,25.840826916744053,3.8590777178023163,0.25424674539170455,0.08109238446831958,0.6287040758408207,0.006660089331504564,12.683613513280847,38.99804032020726,7.736990852794442
40b00d701695d8ea5d59f95ac39e18004040c96d17fbc1a539317c674eca084b,3,80.0354401805869,121.12844243792325,4430.0,4984.0,4430.0,322.5279579551077,317.48349404544615,87.01615315482381,69.32904385146105,0.6043253635267246,1.4682107356193186,0.8888443017656501,0.6420289855072464,1,75.10293724733255,40,76,115,168,0.5522952240824059,1.2551183215689194,84.12227858678489,0.0,False,0.1859159967952469,0.14509804546833038,0.10734699337739713,0.0470588244497776,0.6274510025978088,823.6078658029437,3.3208932125356108,1.206574756362231,0.564278759505283,0.14944546306618062,0.9466257059277249,0.022672413655639972,1.6537130689078448,4.988073356163377,6.474030608773294
40b00d701695d8ea5d59f95ac39e18004040c96d17fbc1a539317c674eca084b,4,121.93593314763231,408.8050139275766,718.0,800.0,718.0,111.32590180780451,108.61778926686391,39.01797182598189,24.276017027363224,0.7828779837833966,0.9562842233057081,0.8975,0.6410714285714286,1,30.23550881198871,106,391,138,426,0.7647727233470286,1.6072641480685221,54.79105001036303,0.0,False,0.07077393832053563,0.06666667014360428,0.0221336674474547,0.0235294122248888,0.13333334028720856,50.81568771414459,21.15264498629483,3.481824785702842,0.2855807384425648,0.08252261054461654,0.704282085262232,0.006929544447705568,13.10378036936918,29.201509603220476,7.6912818349655705
40b00d701695d8ea5d59f95ac39e18004040c96d17fbc1a539317c674eca084b,5,171.24440762220382,43.38980944490472,2414.0,2538.0,2414.0,205.9655121145938,198.7344651466127,61.84635482481009,49.968433972450335,0.5892583287559119,0.4987143848048653,0.9511426319936959,0.7195230998509687,1,55.440060073837245,141,15,202,70,0.768069905827682,1.2377084873003734,28.574229431782054,0.0,False,0.1365514928197246,0.14509804546833038,0.04505096342699818,0.019607843831181526,0.22745098173618317,329.63530366681516,10.110657463929726,2.408885784160084,0.34944122010178424,0.0788305221746889,0.8663574785360237,0.0063040464282556954,5.331430534070694,14.889884393788757,7.810095665925616
40b00d701695d8ea5d59f95ac39e18004040c96d17fbc1a539317c674eca084b,6,163.98434622467772,522.2348066298342,1086.0,1151.0,1086.0,131.78174593052023,127.61844649233299,39.33648770959658,35.61629938311531,0.42450301217140257,-0.37540493605074776,0.9435273675065161,0.7541666666666667,1,37.18518717960671,145,504,185,540,0.8379397290719844,1.104451849038671,-21.509118444086415,0.0,False,0.1530278449943272,0.14901961386203766,0.061553829860898676,0.04313725605607033,0.3137255012989044,166.18823966383934,9.987825739848397,2.4284121744677503,0.33686293188205063,0.07359732399059801,0.8845721251270477,0.005512601831827905,4.859559695821449,15.116091783875344,7.870981290301607
40b00d701695d8ea5d59f95ac39e18004040c96d17fbc1a539317c674eca084b,7,214.7409200968523,559.2336561743341,826.0,940.0,826.0,142.84671708797583,142.55735987970166,36.86028345063781,29.614007761334296,0.5954230096702268,0.7069692972726326,0.8787234042553191,0.6555555555555556,1,32.429860683500394,196,542,232,577,0.5107526443625529,1.2446908148232694,40.50635697905151,0.0,False,0.07948060824420781,0.0784313753247261,0.02067722965159741,0.03921568766236305,0.1568627506494522,65.65098240971565,17.689459275376944,3.0979588640645295,0.3153229732489225,0.11103296180325369,0.6962619263167601,0.012515736457067729,10.925930456147462,24.45298809460642,7.198054594711648
40b00d701695d8ea5d59f95ac39e18004040c96d17fbc1a539317c674eca084b,8,214.01610541727672,328.81698389458273,683.0,743.0,683.0,108.63961030678928,109.53794045137451,34.53464831857688,25.556204874453076,0.6725888649697607,-0.6413726703067918,0.9192462987886945,0.6669921875,1,29.489364337912,198,313,230,345,0.7153217423319145,1.351321469217794,-36.747947103614784,0.0,False,0.11576953206053153,0.10588235408067703,0.050436770092019724,0.019607843831181526,0.2549019753932953,79.07059039734304,11.446826584413868,2.5744162598766422,0.3337435450999184,0.0922446343937865,0.857082819772845,0.008687532648515848,5.018683258763462,17.87496991006427,7.390636556695283
40b00d701695d8ea5d59f95ac39e18004040c96d17fbc1a539317c674eca084b,9,223.9188679245283,512.0584905660378,530.0,567.0,530.0,88.84062043356595,87.30040579730118,28.07568653213455,24.339801919259575,0.49842080335806604,0.1239063801171469,0.9347442680776014,0.7029177718832891,1,25.977239243415305,210,500,239,526,0.8738828346562593,1.1534887023841738,7.099312635456216,0.0,False,0.1524306371808052,0.1411764770746231,0.06973089526600933,0.04313725605607033,0.3137255012989044,80.78823770582676,18.94060206188494,3.264060985196382,0.28616003715890526,0.07615690015809386,0.835599497401357,0.0059109661219003285,7.406633620928048,30.47457050284184,7.838212556439997
40b00d701695d8ea5d59f95ac39e18004040c96d17fbc1a539317c674eca084b,10,252.35906331309627,35.72593235039029,1153.0,1247.0,1153.0,143.61017305526642,140.01059583948032,40.09604835343908,37.17413771587493,0.37474674622980775,0.19663760680315684,0.9246190858059342,0.6863095238095238,1,38.31507790778511,232,16,274,56,0.7391241008204791,1.078600629822178,11.266504963373851,0.0,False,0.05466047823364489,0.054901961237192154,0.015224846615430694,0.019607843831181526,0.10980392247438431,63.02353140339255,26.863824338350415,3.9124018038527018,0.28324046169557876,0.10170339333620489,0.4695470741084731,0.01047033802044122,18.904132828682318,34.823515848018516,7.1570880242554775
40b00d701695d8ea5d59f95ac39e18004040c96d17fbc1a539317c674eca084b,11,332.91482497176963,250.55831585739637,6199.0,7118.0,6199.0,419.7949852598665,408.7503589058332,129.49280069779368,64.13842839843278,0.8687191616663799,1.3417992926892923,0.8708906996347289,0.6073878110915147,1,88.84149896199003,295,187,376,313,0.4662460938479955,2.01895811810939,76.8794364247355,0.0,False,0.14712240486786643,0.1411764770746231,0.04831775762436743,0.03529411926865578,0.3176470696926117,912.0117877759039,5.51139722959959,1.7082553396695328,0.4499275392860342,0.0948164521645454,0.8914577728448291,0.00916270786218162,2.9616681005187813,8.061126358680397,7.319668111387196
40b00d701695d8ea5d59f95ac39e18004040c96d17fbc1a539317c674eca084b,12,358.87179487179486,615.7384615384616,585.0,617.0,585.0,93.49747468305833,91.32268138930291,28.316088650058298,26.791770485936766,0.3236766114843411,1.554062736272354,0.9481361426256077,0.7222222222222222,1,27.29185104880338,347,601,374,631,0.8814717957632098,1.0568950142702087,89.0412358869582,0.0,False,0.07247863452658694,0.07450980693101883,0.022579601677201737,0.019607843831181526,0.13333334028720856,42.40000119805336,28.32182039149113,4.077758857765993,0.24025397057799677,0.08313616391598745,0.5220689241025847,0.006978990348365864,15.932727698016354,40.71091308496591,7.76271707785955
40b00d701695d8ea5d59f95ac39e18004040c96d17fbc1a539317c674eca084b,13,402.5642391947898,214.28774422735347,1689.0,1860.0,1689.0,190.58073580374355,192.91135543168846,51.79893772793905,42.27284922085762,0.5779179044182905,0.7061803727598127,0.9080645161290323,0.6756,1,46.37350095752627,380,190,430,240,0.5703269954297154,1.2253476801933003,40.461154934112514,0.0,False,0.24577718194796885,0.26274511218070984,0.08207111104794967,0.04313725605607033,0.47058823704719543,415.1176603101194,7.089105534396033,1.9474030836269605,0.41512451040963483,0.09959112862743666,0.8761147564195959,0.010080300312175234,3.4613217633722537,10.716889305419812,7.321849382624723
40b00d701695d8ea5d59f95ac39e18004040c96d17fbc1a539317c674eca084b,14,426.0702402957486,10.720887245841036,1082.0,1141.0,1082.0,145.0538238691624,140.2011653895093,55.166900469223215,26.024680472625413,0.881735306518909,0.045317417094085856,0.9482909728308502,0.7431318681318682,1,37.116642997494345,398,0,454,26,0.6917256459082374,2.119791654205001,2.596496737925131,0.0,True,0.08576710028453367,0.08235294371843338,0.01776001358934818,0.03921568766236305,0.15294118225574493,92.80000250786543,19.560464760453762,3.2706179489995897,0.30540328679001666,0.10456639893726791,0.4985111574364108,0.011083709636028623,12.038874716361892,27.08205480454563,7.2993625329251195
40b00d701695d8ea5d59f95ac39e18004040c96d17fbc1a539317c674eca084b,15,436.86713286713285,384.958041958042,143.0,178.0,143.0,59.56244584051393,61.8654619607222,17.071883099529572,11.747443073355736,0.7256002984779066,-1.4298128203381688,0.8033707865168539,0.5375939849624061,1,13.493452297211721,430,376,444,395,0.46951490207705254,1.4532424624597797,-81.9222400990741,0.0,False,0.04659262450633349,0.04313725605607033,0.014154541122232469,0.0235294122248888,0.0941176488995552,6.662745304405689,60.495108282992874,5.782985213786243,0.2705634338598479,0.17071733827914773,0.14897368640176656,0.029349685680953697,42.335571753515296,78.65464481247045,5.581383009687475
40b00d701695d8ea5d59f95ac39e18004040c96d17fbc1a539317c674eca084b,16,480.9034042553192,251.40680851063829,2350.0,2570.0,2350.0,215.58683245815342,209.5558181669652,69.8228131592691,44.44551679381206,0.7712377399841208,-0.48023015917266937,0.914396887159533,0.6573426573426573,1,54.700209598571305,447,223,512,278,0.6724783078773604,1.570975391808026,-27.515161315489692,0.0,True,0.3016604163006265,0.30980393290519714,0.10275485038633801,0.0784313753247261,0.6352941393852234,708.9019783064723,6.311247838465564,1.8378950086698675,0.425912605115659,0.09345958706846999,0.8861739736565584,0.008885861969495621,3.379028697976048,9.24346697895508,7.348864678219037
40b00d701695d8ea5d59f95ac39e18004040c96d17fbc1a539317c674eca084b,17,504.4836193447738,481.3198127925117,641.0,706.0,641.0,128.42640687119285,128.45966118464625,51.3935459544079,17.603412457849032,0.9395098626479935,-1.4814573547188559,0.9079320113314447,0.6848290598290598,1,28.568278705151968,494,453,512,505,0.48812870666866043,2.919521773262347,-84.88125395400576,0.0,True,0.1006515584130555,0.0941176488995552,0.030270540739207968,0.03529411926865578,0.19607843458652496,64.51764894276857,12.239230702056828,2.5776099571973585,0.34954051041286033,0.10675396991293856,0.7874230348581415,0.011596515261474045,6.867566720056185,17.610894684057474,7.189807402737482
40b00d701695d8ea5d59f95ac39e18004040c96d17fbc1a539317c674eca084b,18,508.2307692307692,449.43589743589746,39.0,48.0,39.0,25.31370849898476,32.0434517149007,8.409941771466963,6.535597641685104,0.6293430976736053,-1.1616313616336156,0.8125,0.6964285714285714,1,7.046725639945928,505,446,512,454,0.4773048935058219,1.28679001256549,-66.55657437164123,0.0,True,0.10718954564669193,0.10980392247438431,0.022278344002855947,0.07058823853731155,0.14901961386203766,4.180392280220985,108.68707593269775,8.415653423519508,0.10829776476226638,0.16446197458506664,0.25125366796864695,0.027166713877246725,54.591476426799005,162.7826754385965,5.276431809110464
11a0170f44e3ab4a8d669ae8ea9546d3a32ebfe6486d9066e5648d30b4e1cb69,1,22.40972222222222,206.47222222222223,144.0,150.0,144.0,43.798989873223334,44.20556326592038,17.356247216641812,10.559679186893987,0.7936244316205515,0.49429960218427044,0.96,0.75,1,13.540550005146152,15,201,31,213,0.9260160172208916,1.6436339503744866,28.321281020154263,0.0,False,0.15770697604036993,0.16862745583057404,0.03058014550372441,0.06666667014360428,0.22745098173618317,22.70980454981327,35.17574602193821,4.1250127338237315,0.2935864623833342,0.13904893083244924,0.3275852227384546,0.019395962104382845,22.779261363636365,47.57223068024004,6.365249264200287
11a0170f44e3ab4a8d669ae8ea9546d3a32ebfe6486d9066e5648d30b4e1cb69,2,44.1890243902439,151.3048780487805,164.0,173.0,164.0,46.97056274847714,47.212402898397016,17.819606100591187,11.816186233262018,0.7485305511676533,1.376456984039459,0.9479768786127167,0.803921568627451,1,14.450303987687134,39,143,51,160,0.9245736303531138,1.5080674719250633,78.86517586676712,0.0,False,0.14442850758389728,0.15294118225574493,0.027626717847786173,0.0784313753247261,0.19607843458652496,23.686275243759155,50.9092536026293,5.307501144849001,0.20333078582685948,0.09407377186196943,0.4386566289441151,0.008883248226841384,27.679093058397342,74.13941414686126,7.183926337117029
11a0170f44e3ab4a8d669ae8ea9546d3a32ebfe6486d9066e5648d30b4e1cb69,3,55.53378378378378,99.3108108108108,148.0,154.0,148.0,44.384776310850235,44.760923633190174,16.749006618460477,11.47329907907394,0.7285301805266698,1.4524721773200704,0.961038961038961,0.7914438502673797,1,13.727325035155395,51,91,62,108,0.9282682586004215,1.45982480740948,83.22052562061737,0.0,False,0.1548489704224709,0.16078431904315948,0.038185968575621336,0.07450980693101883,0.2235294133424759,22.917647622525692,54.089122041379824,5.535715568152843,0.18111120402571193,0.0845963571825531,0.46959440878122916,0.007163072592286026,29.522515010569172,78.65572907219045,7.3170955211090085
11a0170f44e3ab4a8d669ae8ea9546d3a32ebfe6486d9066e5648d30b4e1cb69,4,75.77215189873418,223.58860759493672,158.0,164.0,158.0,46.2842712474619,46.561757756112726,17.74069767667202,11.394313330631276,0.7664786870614733,0.5618169846456597,0.9634146341463414,0.6638655462184874,1,14.183506197980657,68,217,85,231,0.915815979335213,1.5569782190366657,32.189742078962475,0.0,False,0.14867213144426858,0.16078431904315948,0.033106641525575416,0.05882352963089943,0.20392157137393951,23.490196768194437,40.72377281023739,4.588192467086541,0.2503110053332933,0.11328067141983725,0.45725130749527054,0.01294125910862761,23.844943020699624,57.60260259977517,6.849130208351883
11a0170f44e3ab4a8d669ae8ea9546d3a32ebfe6486d9066e5648d30b4e1cb69,5,79.29801324503312,101.40397350993378,151.0,158.0,151.0,43.798989873223334,44.205563265920375,15.450188358471532,12.493758958726126,0.5882932355403405,-1.243770917980436,0.9556962025316456,0.7743589743589744,1,13.86575534383214,73,94,86,109,0.9710306847246852,1.2366324986348902,-71.26282428139106,0.0,False,0.1572263380944334,0.16470588743686676,0.03602767150884768,0.07058823853731155,0.2078431397676468,23.741177052259445,59.1313355181668,5.701556807063511,0.20124004764982145,0.09928407820127373,0.42190020043146753,0.00987683619949914,31.565817281610133,86.69685375472346,7.038450997796014
11a0170f44e3ab4a8d669ae8ea9546d3a32ebfe6486d9066e5648d30b4e1cb69,6,146.54109589041096,68.46575342465754,146.0,153.0,146.0,44.384776310850235,44.760923633190174,16.895994459984774,11.096716552775309,0.7540943422485507,1.381175934630579,0.954248366013072,0.7807486631016043,1,13.63425735166143,142,60,153,77,0.9157240929436591,1.5226120609306772,79.13555181936906,0.0,False,0.16008595606847986,0.16470588743686676,0.03526331963963357,0.06666667014360428,0.2235294133424759,23.37254958599806,42.019194860751085,4.980563606603033,0.19215615894528826,0.09843957785250011,0.4634944707921179,0.009734886198732565,22.95181645914539,61.086573262356765,6.972322560882844
11a0170f44e3ab4a8d669ae8ea9546d3a32ebfe6486d9066e5648d30b4e1cb69,7,168.56410256410257,167.73504273504273,234.0,243.0,234.0,56.04163056034261,55.812314449670275,21.063721762319645,14.150076280993979,0.7407554888015679,-1.4629485614995845,0.9629629629629629,0.7959183673469388,1,17.26088217525478,162,158,176,179,0.9439862242719004,1.4885942198496767,-83.82077821866115,0.0,False,0.11820010465179753,0.12156862765550613,0.019841654607983747,0.062745101749897,0.14509804546833038,27.658824488520622,54.553814556832286,5.273738623872211,0.22814559543619126,0.10319654202594915,0.33007296249801776,0.010686042752176095,36.26148489531831,72.84614421834625,6.952173049454381
11a0170f44e3ab4a8d669ae8ea9546d3a32ebfe6486d9066e5648d30b4e1cb69,8,186.69565217391303,93.48695652173913,115.0,121.0,115.0,37.55634918610404,38.28716877598161,12.960964228738934,11.287081455081166,0.49154533496775965,0.9143073165404639,0.9504132231404959,0.7986111111111112,1,12.100518486599809,181,88,193,100,0.9858281131896314,1.1483007613898477,52.385950415700385,0.0,False,0.19703325234029603,0.21176470816135406,0.04695239932593424,0.09019608050584793,0.27450981736183167,22.658824019134045,62.01761707507982,5.975499248052364,0.17243616271784307,0.10129186150210698,0.37732003572580425,0.010304506420932205,33.417717833676605,90.61751631648303,6.865238836745792
11a0170f44e3ab4a8d669ae8ea9546d3a32ebfe6486d9066e5648d30b4e1cb69,9,211.981981981982,103.78378378378379,111.0,116.0,111.0,38.14213562373095,38.842529143251404,15.160004348603222,9.30259101806577,0.7895958837347379,1.4451725294613618,0.9568965517241379,0.8222222222222222,1,11.888212206450685,208,97,217,112,0.9245232606047601,1.6296539662081528,82.80228660638166,0.0,False,0.20452217542910361,0.21568627655506134,0.06610254090079301,0.07058823853731155,0.3137255012989044,22.7019614726305,73.76757478860688,6.6096919118127095,0.16933779445721087,0.09477583611259412,0.4045232851389131,0.00899735670060068,36.1387881817852,111.39636139542857,6.970675135304793
11a0170f44e3ab4a8d669ae8ea9546d3a32ebfe6486d9066e5648d30b4e1cb69,10,246.52447552447552,120.82517482517483,143.0,150.0,143.0,42.384776310850235,42.864804735253145,15.373060568774724,11.85500028808928,0.6366484064530676,-1.4542365263733243,0.9533333333333334,0.7944444444444444,1,13.493452297211721,241,114,253,129,0.978012041816876,1.2967575027577214,-83.32161537495672,0.0,False,0.1649252747322296,0.1725490242242813,0.03550457894170167,0.08627451211214066,0.2235294133424759,23.584314286708832,56.327834706175494,5.737299911796665,0.17524606385760572,0.09027213358270864,0.4510370153986388,0.008158329235526007,30.386912348687094,82.26875706366387,7.1775930543371125
11a0170f44e3ab4a8d669ae8ea9546d3a32ebfe6486d9066e5648d30b4e1cb69,11,249.18796992481202,194.93984962406014,133.0,139.0,133.0,41.55634918610404,42.079406571855685,15.00183174165314,11.467116662884466,0.6447647109739298,-0.38643018206247887,0.9568345323741008,0.7916666666666666,1,13.013103375051497,242,189,256,201,0.9438919711659665,1.3082479391013313,-22.14081850865205,0.0,True,0.2886628409413467,0.30980393290519714,0.08558668055223684,0.11372549086809158,0.40392157435417175,38.39215784519911,70.63573459845166,6.26417865773011,0.17671932565117604,0.0959740132932004,0.46000509345264906,0.009225944766288876,32.770619223255245,108.50084997364809,7.061644906009442
3b957237bc1e09740b58a414282393d3a91dde996b061e7061f4198fb03dab2e,1,3.2830188679245285,4.39622641509434,53.0,60.0,53.0,27.31370849898476,28.57653649016876,9.4169518355039,7.56725487600932,0.5951995245660083,-0.7561906025291414,0.8833333333333333,0.7361111111111112,1,8.214724333230155,0,1,8,10,0.8155799719347027,1.2444343410922665,-43.326530032374556,0.0,True,0.2633370430964344,0.27450981736183167,0.04322391783451639,0.14509804546833038,0.3333333432674408,13.956863284111023,52.45268732681491,5.321321610746343,0.21960510597030253,0.148656498825039,0.31927687043042635,0.022217408177435186,37.514487037352886,67.39088761627693,5.652763771520336
3b957237bc1e09740b58a414282393d3a91dde996b061e7061f4198fb03dab2e,2,8.68939393939394,14.166666666666666,132.0,137.0,132.0,41.55634918610404,42.079406571855685,15.39554552822982,10.949803941381132,0.7029574001742523,0.15548647809320423,0.9635036496350365,0.8,1,12.964089628857149,2,9,17,20,0.9367950390519366,1.406011067471947,8.908718966093934,0.0,False,0.22810458075819592,0.23137255012989044,0.03479935612670195,0.14509804546833038,0.29411765933036804,30.109804660081863,48.138492682869355,5.387708247217843,0.17962187941014274,0.09403291165816274,0.43097132193132087,0.008847066740507115,29.526961314042655,66.75002405169604,7.040908746955123
3b957237bc1e09740b58a414282393d3a91dde996b061e7061f4198fb03dab2e,3,25.33116883116883,250.98701298701297,154.0,163.0,154.0,48.7634559672906,49.10852179633406,18.59891810767224,11.018788091215198,0.8056127956752973,-0.02515679932869732,0.9447852760736196,0.7368421052631579,1,14.002817212590296,16,245,35,256,0.802447930566711,1.687927742480169,-1.441378427591899,0.0,True,0.20017825816939402,0.20588235557079315,0.0477107497046645,0.07058823853731155,0.3176470696926117,30.82745175808668,21.086755374255368,3.487875945193019,0.26466887993993704,0.09404140946606274,0.6498647959716732,0.00887085637632744,11.88929357679358,30.28421717171716,7.038162069951958
3b957237bc1e09740b58a414282393d3a91dde996b061e7061f4198fb03dab2e,4,40.50694444444444,23.34027777777778,144.0,149.0,144.0,42.970562748477136,43.42016510252294,14.690976364475258,12.542799464102938,0.5206409098937633,1.507650367938292,0.9664429530201343,0.8571428571428571,1,13.540550005146152,35,17,47,31,0.9598191600171638,1.1712677386352488,86.38200306420981,0.0,False,0.2243736426656445,0.22745098173618317,0.02726032325418273,0.1411764770746231,0.29411765933036804,32.309804543852806,39.27167006863401,4.85962679537411,0.20024281865854726,0.09985437876796358,0.23569021787246913,0.00998805578211169,27.800093052109183,50.74324708515884,6.948755624722066
3b957237bc1e09740b58a414282393d3a91dde996b061e7061f4198fb03dab2e,5,46.27906976744186,5.651162790697675,129.0,134.0,129.0,39.798989873223334,40.4133254700463,13.660893612613297,12.049674697009188,0.47114436905740176,-0.6448519299274621,0.9626865671641791,0.7633136094674556,1,12.815923738491737,40,0,53,13,0.9925454375431758,1.1337147231040208,-36.94729399570948,0.0,True,0.2573947497578554,0.26274511218070984,0.045599658548131985,0.12941177189350128,0.35686275362968445,33.20392271876335,42.98349684099173,5.1441272326055625,0.17785330440995348,0.09413608984137332,0.3282556936858825,0.008870027019578924,28.257527709359607,57.709465972623846,7.029281268932262
3b957237bc1e09740b58a414282393d3a91dde996b061e7061f4198fb03dab2e,6,64.11275964391692,81.64688427299703,337.0,362.0,337.0,71.35533905932738,70.33062049088231,27.006708002608615,16.37614447915464,0.7951801800189183,-0.5592762776484707,0.930939226519337,0.6686507936507936,1,20.71428798138497,53,72,77,93,0.8561519829998365,1.6491493487362503,-32.04417029104419,0.0,False,0.21688485985693662,0.21176470816135406,0.05061499899612883,0.10588235408067703,0.38823530077934265,73.09019777178764,16.225449423205387,2.9066469071190184,0.32313160301517563,0.09771845501442405,0.6851683166835403,0.009615712487466857,10.636493791185249,21.814405055225524,7.220353833894011
3b957237bc1e09740b58a414282393d3a91dde996b061e7061f4198fb03dab2e,7,61.18633540372671,21.043478260869566,161.0,167.0,161.0,45.21320343559643,45.54632179658763,15.81673951379382,13.004643312321376,0.569187732918348,-1.0837592671375607,0.9640718562874252,0.7666666666666667,1,14.317526556719258,54,14,68,29,0.9752795538919092,1.216237857043576,-62.09483201517336,0.0,False,0.2128120838485149,0.21568627655506134,0.02387101334912377,0.12941177189350128,0.26274511218070984,34.2627454996109,39.50542885990363,4.748543191939389,0.1992233467534628,0.09154193616868421,0.20880742762186957,0.008387565805911528,27.415344114554276,51.595513605252975,7.149144522181244
3b957237bc1e09740b58a414282393d3a91dde996b061e7061f4198fb03dab2e,8,75.23906705539359,35.53935860058309,343.0,358.0,343.0,67.11269837220809,66.30834489888058,21.714805949351547,20.141923053405012,0.3736585165917866,0.47228685229647155,0.9581005586592178,0.7777777777777778,1,20.897874625046462,65,26,86,47,0.9803194256381661,1.0780900061913719,27.060043356106313,0.0,False,0.2184302333536023,0.2235294133424759,0.033062086176313225,0.10588235408067703,0.2980392277240753,74.92157004028559,27.56884227628827,3.9721654968436337,0.2408491188724269,0.0979877268289672,0.36468008871972907,0.0096389259619217,18.591688260737694,36.54599629183885,7.277824865911874
3b957237bc1e09740b58a414282393d3a91dde996b061e7061f4198fb03dab2e,9,113.875,65.825,320.0,329.0,320.0,63.698484809834994,63.07146747027629,21.51578226111932,18.950754963644673,0.4735184185113675,-0.23820057008641485,0.9726443768996961,0.8020050125313283,1,20.185060176161283,104,57,125,76,1.0,1.135352248625209,-13.647887343561738,0.0,False,0.23376226115506143,0.23529411852359772,0.03745186394632248,0.12156862765550613,0.3450980484485626,74.80392356961966,26.025745292140527,3.7635441261453804,0.2689243602189092,0.08704943956515009,0.45678539649480854,0.007616013239644905,16.681553689219196,35.369936895061855,7.480786403967153
3b957237bc1e09740b58a414282393d3a91dde996b061e7061f4198fb03dab2e,10,137.34760705289673,28.486146095717885,397.0,408.0,397.0,71.698484809835,70.65594306202445,23.030574999725257,22.008444263943925,0.2946068940062969,-0.43711790046436844,0.9730392156862745,0.8202479338842975,1,22.48279562821002,127,18,149,40,0.9993163107454716,1.0464426618948197,-25.045010846227918,0.0,False,0.21355262941092026,0.21176470816135406,0.03457305558748036,0.10980392247438431,0.3529411852359772,84.78039387613535,12.982301712595746,2.6624060412379578,0.3280933444634505,0.09788710902902042,0.5975070299531051,0.009658335894696474,8.034728410858547,17.929875014332943,7.118268503182572
3b957237bc1e09740b58a414282393d3a91dde996b061e7061f4198fb03dab2e,11,136.70078740157481,164.66141732283464,127.0,133.0,127.0,40.14213562373095,40.73864804118845,14.44372694855339,11.264268411468834,0.62593814659884,0.5907930646902465,0.9548872180451128,0.8141025641025641,1,12.716187407449045,131,159,144,171,0.9616130761438639,1.2822605446659419,33.84994917235055,0.0,False,0.26345531255241456,0.2666666805744171,0.03861017286027522,0.1568627506494522,0.3490196168422699,33.45882469415665,40.35877867272833,4.797460084971318,0.20708157420732312,0.10331448476247525,0.36075090444251795,0.010689231714431709,28.980662176359672,51.73689516909698,6.898597481611727
3b957237bc1e09740b58a414282393d3a91dde996b061e7061f4198fb03dab2e,12,150.52941176470588,159.81617647058823,136.0,146.0,136.0,44.21320343559643,44.99096142931783,16.725123737808957,10.50816920486268,0.777982064531657,-0.5766675571397165,0.9315068493150684,0.6538461538461539,1,13.159049284959082,143,154,159,167,0.8443027904776738,1.5916306077436748,-33.040617206225,0.0,False,0.2722895127885482,0.27450981736183167,0.052371455659337506,0.15294118225574493,0.4000000059604645,37.031373739242554,41.21848307532122,4.802817487852922,0.21951995158819132,0.09248996914328765,0.4527984551240027,0.008566653926634398,24.546599157955853,57.89036699268658,7.0809699529292365
3b957237bc1e09740b58a414282393d3a91dde996b061e7061f4198fb03dab2e,13,159.4391143911439,201.13653136531366,271.0,286.0,271.0,63.59797974644667,62.9761826952618,24.86528488880772,14.022724208536479,0.825810396443814,0.927408167417986,0.9475524475524476,0.6483253588516746,1,18.575465448360347,150,191,169,213,0.858670396176606,1.7732135724148894,53.136573879012666,0.0,False,0.2660589051532569,0.2705882489681244,0.05069602581662901,0.13725490868091583,0.4156862795352936,72.10196329653263,24.78736152038323,3.7065358764574206,0.2570869379368707,0.08778670891320213,0.5172559453990306,0.0077329195482492424,15.060740668053219,34.51398237271324,7.41060595975225
3b957237bc1e09740b58a414282393d3a91dde996b061e7061f4198fb03dab2e,14,167.65364583333334,184.3203125,384.0,427.0,384.0,82.2193000900063,82.72276983802965,25.261011389962952,20.142914121845706,0.6034624258273007,1.1595482046444718,0.8992974238875878,0.6981818181818182,1,22.111625566165472,157,172,179,197,0.705165332241208,1.2540892165432254,66.43721826810012,0.0,False,0.33070875126092386,0.2862745225429535,0.12181529131121527,0.14509804546833038,0.6431372761726379,126.99216048419476,30.47370935648103,3.8125538034100845,0.2925759698468532,0.08943001574317438,0.7286061968581579,0.008057581652333654,16.648570079904285,44.29884863305778,7.622628042672387
3b957237bc1e09740b58a414282393d3a91dde996b061e7061f4198fb03dab2e,15,183.46285714285713,86.84571428571428,175.0,184.0,175.0,48.04163056034261,48.227838857922116,17.697902711520303,12.62214101074754,0.70096078218493,-0.7250485428896344,0.9510869565217391,0.7291666666666666,1,14.927053303604616,176,80,192,95,0.9454799213754904,1.402131595301529,-41.5422214496861,0.0,False,0.22305882866893495,0.22745098173618317,0.0343060980725651,0.11372549086809158,0.2862745225429535,39.03529501706362,39.62007094382126,4.75552558175167,0.21797305867199168,0.0955118993454745,0.2994744289428275,0.009127612271977305,29.58600622671554,49.65413566092698,7.0695950032606
3b957237bc1e09740b58a414282393d3a91dde996b061e7061f4198fb03dab2e,16,191.44444444444446,247.67283950617283,162.0,169.0,162.0,46.04163056034261,46.33171995998507,17.287264219217302,11.941459116146154,0.7230781097526311,-0.5901023879768109,0.9585798816568047,0.7232142857142857,1,14.361922094451577,184,241,200,255,0.9483486562419957,1.4476676636478232,-33.81037631166272,0.0,False,0.20225127441463647,0.20392157137393951,0.030788577961281236,0.10980392247438431,0.26274511218070984,32.76470645517111,39.921021505144616,4.781231273616106,0.21190316562259764,0.09193559481933292,0.37296255349020013,0.008461586952485733,29.351171299762914,50.49087171052632,7.1490656465181965
3b957237bc1e09740b58a414282393d3a91dde996b061e7061f4198fb03dab2e,17,204.0349344978166,216.29694323144105,229.0,240.0,229.0,54.62741699796952,54.47155591900303,19.46674583076564,15.003339351230855,0.6371783920041317,0.005279056883607051,0.9541666666666667,0.8035087719298246,1,17.075475271404667,195,209,214,224,0.9698527134246085,1.2974942027935008,0.3024676792401691,0.0,False,0.1684904574501983,0.1725490242242813,0.02110671560550908,0.09803921729326248,0.21176470816135406,38.58431475609541,31.990861975294795,4.30007388286389,0.21860226335684252,0.0860404578511576,0.31355656854520497,0.007405312720674941,24.033078418283203,39.94864553230639,7.377961769357977
3b957237bc1e09740b58a414282393d3a91dde996b061e7061f4198fb03dab2e,18,226.5677966101695,104.7542372881356,118.0,123.0,118.0,38.384776310850235,39.07256693937906,14.237337475182118,10.55673866501611,0.6709720452302962,0.793507670608024,0.959349593495935,0.7564102564102564,1,12.257335203001883,221,99,233,112,0.9712879113961351,1.348649230312304,45.4646405370969,0.0,False,0.29451645999136616,0.30588236451148987,0.05055009380860161,0.15294118225574493,0.3921568691730499,34.75294227898121,50.798536838819274,5.218905207143271,0.2043491762271043,0.09999608424763382,0.261258428959585,0.010010707650713676,36.74873114111004,64.8483425365285,6.872844458309094
3b957237bc1e09740b58a414282393d3a91dde996b061e7061f4198fb03dab2e,19,233.26612903225808,251.9758064516129,124.0,128.0,124.0,45.31370849898476,45.64160657160212,19.237508783542292,8.62862186704604,0.8937672016693196,0.07217956024837348,0.96875,0.8157894736842105,1,12.565098628628435,225,248,244,256,0.7480139599963852,2.2294995747829827,4.1355841693420485,0.0,True,0.2513282815775564,0.2549019753932953,0.030445722234991396,0.14509804546833038,0.32156863808631897,31.16470691561699,31.238729632354115,4.133044267895691,0.22836432841014315,0.10626761043950617,0.33721201915791243,0.01134348728151546,22.764812117241654,39.712647147466576,6.7001630297684285
3b957237bc1e09740b58a414282393d3a91dde996b061e7061f4198fb03dab2e,20,250.3,245.77,100.0,103.0,100.0,34.72792206135785,35.605651714647124,12.201219489360358,10.478732889641426,0.5122662635395063,0.7581691653071836,0.970873786407767,0.8264462809917356,1,11.283791670955125,245,241,256,252,0.9912244027033387,1.1643792830545063,43.43989332905805,0.0,True,0.6064313839375973,0.6666666865348816,0.2390571775891703,0.18039216101169586,1.0,60.64313839375973,85.72566209207572,7.128030516117457,0.14291753745600352,0.09712918664508216,0.3580716380776534,0.009464706057115385,43.871133106572294,127.58019107757914,6.868411835062312
3b957237bc1e09740b58a414282393d3a91dde996b061e7061f4198fb03dab2e,21,252.61904761904762,3.5714285714285716,42.0,46.0,42.0,24.48528137423857,25.895019428834267,9.318170361845937,5.864053257666557,0.7771512936793888,1.1834786419936163,0.9130434782608695,0.7777777777777778,1,7.312732791431452,250,0,256,9,0.7870941272716202,1.5890323556771129,67.80833133010833,0.0,True,0.18515406513497942,0.1921568661928177,0.028350419549174662,0.11372549086809158,0.2235294133424759,7.776470735669136,88.01512389287844,6.984096714441245,0.15871360242551175,0.15479083895436696,0.09477096507484471,0.02412657274895903,57.25206151124708,118.77818627450979,5.460982028817594
40946065f7e4b6038599fbfd419f2a67e7635b6f89db3ed6c0d67c8801521af1,1,4.018779342723005,37.99530516431925,213.0,253.0,213.0,79.42031021678298,83.92877534758372,30.53657997921123,10.134287155642667,0.9433238366995997,1.363779598783642,0.841897233201581,0.624633431085044,1,16.46815177937675,0,21,11,52,0.37998608681069856,3.0131946638406406,78.13881519634742,0.0,True,0.2953512002604668,0.29019609093666077,0.06736851147160397,0.1411764770746231,0.47058823704719543,62.90980565547943,17.859652756153572,3.234392719008028,0.2822016770691315,0.09512039107976014,0.7261237602193529,0.009107253283839536,6.907846939161919,28.81145857314522,7.063405484538415
40946065f7e4b6038599fbfd419f2a67e7635b6f89db3ed6c0d67c8801521af1,2,23.36842105263158,317.13684210526316,95.0,105.0,95.0,46.27817459305202,49.989204734746,21.917356542981796,6.0749891562162865,0.9608188484497138,-0.005996737928302438,0.9047619047619048,0.6884057971014492,1,10.998079684646791,13,314,36,320,0.4777283492462723,3.607801755589089,-0.34358777413775454,0.0,True,0.2630753409705664,0.23529411852359772,0.09404824321449241,0.08627451211214066,0.4901960790157318,24.992157392203808,67.12407281157822,6.100004821466342,0.19145753127168558,0.1146734745018613,0.17788513478529488,0.013284576289213172,39.533271036958325,94.7148745861981,6.442376875137237
40946065f7e4b6038599fbfd419f2a67e7635b6f89db3ed6c0d67c8801521af1,3,45.66272557560672,289.57000622277536,1607.0,1711.0,1607.0,171.99494936611666,168.26180975850696,59.763897379495184,34.55599419653422,0.8158890342665227,-0.14878983210935062,0.9392168322618352,0.7439814814814815,1,45.23379210711176,16,272,76,308,0.7132711025360007,1.7294798997705925,-8.52502941432589,0.0,False,0.20426321626532482,0.18039216101169586,0.09680123383550837,0.0117647061124444,0.545098066329956,328.250988538377,13.06733259142584,2.274069705223842,0.4376725264986504,0.13374521643145162,0.7111672693711535,0.018225783654904612,6.2479301596075665,19.88673502324411,6.933934752581759
40946065f7e4b6038599fbfd419f2a67e7635b6f89db3ed6c0d67c8801521af1,4,92.65789473684211,318.7631578947368,38.0,75.0,38.0,36.44974746830584,64.60279555097252,37.31264901379558,1.9320927969613926,0.9986584551021843,0.000885788143802035,0.5066666666666667,0.3958333333333333,1,6.955796338302048,78,317,110,320,0.11441707403965785,19.31203774087729,0.050751922182583856,0.0,True,0.14210526841251472,0.13333334028720856,0.03451067359129146,0.08627451211214066,0.239215686917305,5.40000019967556,24.890854978354973,2.9661796536796534,0.24416391779339458,0.35212783332421943,-0.02905904541225482,0.1778342826455651,16.62099567099567,33.16071428571428,2.758317974048285
40946065f7e4b6038599fbfd419f2a67e7635b6f89db3ed6c0d67c8801521af1,5,101.04960317460318,251.53174603174602,504.0,562.0,504.0,95.04772721475248,96.45567771584423,30.957186929419628,21.46189548631356,0.7206715326474815,-0.5255500946597784,0.896797153024911,0.672,1,25.332049473868512,86,239,116,264,0.6807455433903532,1.4424255746264956,-30.11180234670621,0.0,False,0.43260193586586015,0.4274509847164154,0.04247808365400095,0.35686275362968445,0.5411764979362488,218.0313756763935,17.499944742154327,3.225664866553562,0.2679586624967105,0.079434445137579,0.7928236826511467,0.0063905349879503585,6.797340390558218,28.202549093750434,7.728464324492761
40946065f7e4b6038599fbfd419f2a67e7635b6f89db3ed6c0d67c8801521af1,6,98.0375,306.9125,80.0,93.0,80.0,38.970562748477136,39.62792730664885,14.559957730629982,8.18917766825633,0.826834595747555,-0.5073692927440939,0.8602150537634409,0.5594405594405595,1,10.092530088080641,91,301,104,312,0.6401726791892309,1.7779511350777841,-29.070119128774124,0.0,False,0.11588235571980476,0.10784313827753067,0.03275683802456465,0.05098039284348488,0.23529411852359772,9.270588457584381,34.69382030890199,3.639121727498024,0.34156756927268694,0.15717667352949688,0.2803320815703486,0.02483124677405475,25.328143955046457,44.05949666275753,5.729253361644856
40946065f7e4b6038599fbfd419f2a67e7635b6f89db3ed6c0d67c8801521af1,7,135.67724867724868,266.88074888074885,2457.0,3301.0,2457.0,304.7411613907042,298.6570580871889,101.12290960801273,38.385243852829994,0.9251548208003364,-0.9754342128754533,0.7443199030596789,0.40929535232383807,1,55.93165080179821,98,231,167,318,0.3461540800719801,2.6344214457962165,-55.88826359042898,0.0,False,0.12488368901245578,0.10588235408067703,0.08255965074078686,0.0,0.47058823704719543,306.83922390360385,10.685120600213125,2.142394112879933,0.4288128036908811,0.10714007903811015,0.7674309806658841,0.011750795558995773,5.13969901724524,16.230542183181008,7.206774687470313
40946065f7e4b6038599fbfd419f2a67e7635b6f89db3ed6c0d67c8801521af1,8,121.77611940298507,298.5223880597015,67.0,76.0,67.0,31.763455967290593,33.939570612837734,12.160250655588113,7.29989543048453,0.7997689270892204,-0.5481982220014946,0.881578947368421,0.6203703703703703,1,9.23618154310838,117,295,129,304,0.7309235917307929,1.6658116231099187,-31.40944445726139,0.0,False,0.1970149307553448,0.18431372940540314,0.06419916688123391,0.11372549086809158,0.3921568691730499,13.200000360608101,30.385412265288178,4.0131901425880585,0.22633369263639433,0.13009920681653467,0.5692477991718737,0.017088315185349836,12.560138983823194,48.21068554675316,6.0416083816531785
40946065f7e4b6038599fbfd419f2a67e7635b6f89db3ed6c0d67c8801521af1,9,182.81259842519685,201.63267716535432,2540.0,2925.0,2540.0,257.96551211459376,248.03355649297578,99.72645428461036,34.010492339542346,0.9400495768178617,-0.2805625479000039,0.8683760683760684,0.6004728132387707,1,56.86851891536576,138,178,228,225,0.518827156061774,2.932226128601592,-16.075049884107223,0.0,False,0.3608661501514395,0.3607843220233917,0.0718954943588996,0.11372549086809158,0.5529412031173706,916.6000213846564,7.509956433147996,1.9444744019816762,0.4260948063665844,0.09676694810999309,0.8278740601546597,0.009651414278483608,3.0558192945470575,11.964093571748936,7.320387081907864
40946065f7e4b6038599fbfd419f2a67e7635b6f89db3ed6c0d67c8801521af1,10,188.2419117647059,239.36176470588236,1360.0,1585.0,1360.0,180.09545442950497,173.8154134312049,56.19756669553309,33.433211751492564,0.8037828711574109,-0.61471981927043,0.8580441640378549,0.5925925925925926,1,41.61256758288079,163,219,214,264,0.5656817931169746,1.6808904604573103,-35.22085122724037,0.0,False,0.20064014398479177,0.19607843458652496,0.08395701219873332,0.0,0.43529412150382996,272.8705958193168,18.565341348820887,3.0799025445116466,0.3090612325461909,0.07162773094463659,0.7062911939179133,0.005231098560410262,9.451086379910183,27.679596317731598,8.085597784448701
40946065f7e4b6038599fbfd419f2a67e7635b6f89db3ed6c0d67c8801521af1,11,208.55910543130992,285.5356762513312,939.0,1104.0,939.0,157.1959594928933,151.7126317982447,63.339395060574084,21.671131895873962,0.9396478883223602,-0.880293100017473,0.8505434782608695,0.4367441860465116,1,34.57704343211429,184,259,227,309,0.5126629967166273,2.922754351960429,-50.437079365488856,0.0,False,0.270897290537469,0.2705882489681244,0.08206458652229195,0.09019608050584793,0.47843137383461,254.37255581468344,13.156151680697882,2.6680741424167866,0.3278202157315566,0.07670421289136879,0.8236287274377162,0.006065554932763703,5.443190204695516,20.869113156700248,7.8278727905239975
40946065f7e4b6038599fbfd419f2a67e7635b6f89db3ed6c0d67c8801521af1,12,219.96654275092936,314.9256505576208,269.0,280.0,269.0,73.42031021678298,73.43274489837343,31.771330307350254,11.584841685371565,0.9311517336657412,0.028717564387603443,0.9607142857142857,0.7410468319559229,1,18.5067943613625,205,309,238,320,0.6268774090808273,2.7424915393939835,1.645395237304872,0.0,True,0.06340112448167956,0.0313725508749485,0.08309671433085183,0.0,0.4156862795352936,17.0549024855718,29.52787209350528,3.070561054240015,0.46937263020496894,0.2767352336746144,0.4176992979004975,0.07854752417628047,18.33614021326782,40.719603973742736,5.548782692232697
40946065f7e4b6038599fbfd419f2a67e7635b6f89db3ed6c0d67c8801521af1,13,219.8104517271922,103.82905225863595,1129.0,1192.0,1129.0,140.60407640085654,138.0750086954446,51.90904923349533,28.114734499416382,0.840626482425757,-1.2983872197552488,0.9471476510067114,0.7526666666666667,1,37.91421166272614,206,81,236,131,0.7441725519257433,1.846328985769824,-74.39210786570071,0.0,False,0.4700220685759089,0.4745098054409027,0.05478467061172102,0.29411765933036804,0.5843137502670288,530.6549154222012,14.917979063049966,2.816353017405253,0.3264043779554293,0.0776138378214886,0.7569278807101041,0.00618288998057947,6.15996984430457,23.675988281795362,7.837378204775334
40946065f7e4b6038599fbfd419f2a67e7635b6f89db3ed6c0d67c8801521af1,14,245.16350710900474,249.0260663507109,422.0,488.0,422.0,105.49747468305833,102.69939477692513,24.834440342084996,24.43342062038796,0.17898240598650142,1.320168837900138,0.8647540983606558,0.7377622377622378,1,23.179885415554555,234,237,256,263,0.5027899017004118,1.0164127539867427,75.64010265636843,0.0,True,0.2818790140133616,0.2823529541492462,0.09890940680379805,0.0784313753247261,0.49803921580314636,118.95294391363859,32.249143343173166,4.422046872036371,0.20237648680085618,0.06718340351852678,0.6664461246461701,0.004565212114825735,11.959609768042885,52.53867691830345,8.07508703534112
40946065f7e4b6038599fbfd419f2a67e7635b6f89db3ed6c0d67c8801521af1,15,250.3621399176955,27.05761316872428,243.0,270.0,243.0,75.49137802864844,81.70733387850456,26.828098505327446,12.471318927791733,0.8853840220750823,1.4670148722021772,0.9,0.6445623342175066,1,17.58969042850512,243,14,256,43,0.4573977862439201,2.151183740922728,84.05376066010858,0.0,True,0.29486000827617115,0.30980393290519714,0.1136816015946342,0.03529411926865578,0.5215686559677124,71.65098201110959,13.808934710997189,2.9534086261492805,0.27383364190719744,0.0844855130654947,0.841718756559316,0.0072193445805890455,4.570079505758235,23.047789916236145,7.355121205266205
40946065f7e4b6038599fbfd419f2a67e7635b6f89db3ed6c0d67c8801521af1,16,252.61864406779662,287.49152542372883,118.0,127.0,118.0,51.55634918610404,54.79687849014517,22.562598599289316,7.243306191201208,0.9470684972449298,-1.5414156815052025,0.9291338582677166,0.7329192546583851,1,12.257335203001883,249,276,256,299,0.493833141294303,3.114958556728858,-88.3166130255296,0.0,True,0.1457627162739824,0.11372549086809158,0.12306597068732643,0.0,0.4117647111415863,17.200000520329922,79.04446574520965,6.5678834048686205,0.21608388942029383,0.13123679998322182,0.47493568948669507,0.01752483335482955,28.399267946436137,129.68966354398316,6.457780384241154
